id,name,item_type,category,parent_company,ultimate_parent,ownership_type,ticker_or_jurisdiction,is_surprising_or_subterfuge,subterfuge_details,top_10_percent_enrichment_pct,ethical_swap_recommendation
annies-homegrown,Annie's Homegrown,brand,Food & Grocery Staples,General Mills,"General Mills, Inc.",Public Conglomerate,NYSE: GIS,True,Founded in 1989 on organic farmer solidarity; acquired by General Mills in 2014 for $820M. Retains bunny mascot and rustic packaging to maintain independent persona.,89.0,Goodles / Local Co-op Bulk Mac & Cheese / Pastured Organic Farms
annies-organic-shells-real-aged-cheddar-macaroni-cheese,Annie's Organic Shells & Real Aged Cheddar Macaroni & Cheese,product,Food & Grocery Staples,General Mills,"General Mills, Inc.",Public Conglomerate,NYSE: GIS,True,"Product of Annie's Homegrown, owned by General Mills. Founded in 1989 on organic farmer solidarity; acquired by General Mills in 2014 for $820M. Retains bunny mascot and rustic packaging to maintain independent persona.",89.0,Goodles / Local Co-op Bulk Mac & Cheese / Pastured Organic Farms
annies-organic-bunny-graham-friends-cookies,Annie's Organic Bunny Graham Friends Cookies,product,Food & Grocery Staples,General Mills,"General Mills, Inc.",Public Conglomerate,NYSE: GIS,True,"Product of Annie's Homegrown, owned by General Mills. Founded in 1989 on organic farmer solidarity; acquired by General Mills in 2014 for $820M. Retains bunny mascot and rustic packaging to maintain independent persona.",89.0,Goodles / Local Co-op Bulk Mac & Cheese / Pastured Organic Farms
annies-organic-fruit-snacks-variety-pack,Annie's Organic Fruit Snacks Variety Pack,product,Food & Grocery Staples,General Mills,"General Mills, Inc.",Public Conglomerate,NYSE: GIS,True,"Product of Annie's Homegrown, owned by General Mills. Founded in 1989 on organic farmer solidarity; acquired by General Mills in 2014 for $820M. Retains bunny mascot and rustic packaging to maintain independent persona.",89.0,Goodles / Local Co-op Bulk Mac & Cheese / Pastured Organic Farms
annies-homegrown-cheddar-bunnies-baked-snack-crackers,Annie's Homegrown Cheddar Bunnies Baked Snack Crackers,product,Food & Grocery Staples,General Mills,"General Mills, Inc.",Public Conglomerate,NYSE: GIS,True,"Product of Annie's Homegrown, owned by General Mills. Founded in 1989 on organic farmer solidarity; acquired by General Mills in 2014 for $820M. Retains bunny mascot and rustic packaging to maintain independent persona.",89.0,Goodles / Local Co-op Bulk Mac & Cheese / Pastured Organic Farms
annies-organic-cinnamon-rolls-with-icing,Annie's Organic Cinnamon Rolls with Icing,product,Food & Grocery Staples,General Mills,"General Mills, Inc.",Public Conglomerate,NYSE: GIS,True,"Product of Annie's Homegrown, owned by General Mills. Founded in 1989 on organic farmer solidarity; acquired by General Mills in 2014 for $820M. Retains bunny mascot and rustic packaging to maintain independent persona.",89.0,Goodles / Local Co-op Bulk Mac & Cheese / Pastured Organic Farms
annies-organic-goddess-salad-dressing,Annie's Organic Goddess Salad Dressing,product,Food & Grocery Staples,General Mills,"General Mills, Inc.",Public Conglomerate,NYSE: GIS,True,"Product of Annie's Homegrown, owned by General Mills. Founded in 1989 on organic farmer solidarity; acquired by General Mills in 2014 for $820M. Retains bunny mascot and rustic packaging to maintain independent persona.",89.0,Goodles / Local Co-op Bulk Mac & Cheese / Pastured Organic Farms
cascadian-farm,Cascadian Farm,brand,Food & Grocery Staples,General Mills,"General Mills, Inc.",Public Conglomerate,NYSE: GIS,True,"Pioneering organic farm founded in Skagit Valley, WA; acquired by General Mills in 1999. Now predominantly industrial corporate organic supply chain.",89.0,Local Organic CSAs / Stahlbush Island Farms / Regional Co-op Frozen Berries
cascadian-farm-organic-purely-os-cereal,Cascadian Farm Organic Purely O's Cereal,product,Food & Grocery Staples,General Mills,"General Mills, Inc.",Public Conglomerate,NYSE: GIS,True,"Product of Cascadian Farm, owned by General Mills. Pioneering organic farm founded in Skagit Valley, WA; acquired by General Mills in 1999. Now predominantly industrial corporate organic supply chain.",89.0,Local Organic CSAs / Stahlbush Island Farms / Regional Co-op Frozen Berries
cascadian-farm-organic-frozen-blueberries,Cascadian Farm Organic Frozen Blueberries,product,Food & Grocery Staples,General Mills,"General Mills, Inc.",Public Conglomerate,NYSE: GIS,True,"Product of Cascadian Farm, owned by General Mills. Pioneering organic farm founded in Skagit Valley, WA; acquired by General Mills in 1999. Now predominantly industrial corporate organic supply chain.",89.0,Local Organic CSAs / Stahlbush Island Farms / Regional Co-op Frozen Berries
cascadian-farm-organic-dark-chocolate-almond-granola,Cascadian Farm Organic Dark Chocolate Almond Granola,product,Food & Grocery Staples,General Mills,"General Mills, Inc.",Public Conglomerate,NYSE: GIS,True,"Product of Cascadian Farm, owned by General Mills. Pioneering organic farm founded in Skagit Valley, WA; acquired by General Mills in 1999. Now predominantly industrial corporate organic supply chain.",89.0,Local Organic CSAs / Stahlbush Island Farms / Regional Co-op Frozen Berries
cascadian-farm-organic-chewy-chocolate-chip-granola-bars,Cascadian Farm Organic Chewy Chocolate Chip Granola Bars,product,Food & Grocery Staples,General Mills,"General Mills, Inc.",Public Conglomerate,NYSE: GIS,True,"Product of Cascadian Farm, owned by General Mills. Pioneering organic farm founded in Skagit Valley, WA; acquired by General Mills in 1999. Now predominantly industrial corporate organic supply chain.",89.0,Local Organic CSAs / Stahlbush Island Farms / Regional Co-op Frozen Berries
cascadian-farm-organic-frozen-sweet-peas,Cascadian Farm Organic Frozen Sweet Peas,product,Food & Grocery Staples,General Mills,"General Mills, Inc.",Public Conglomerate,NYSE: GIS,True,"Product of Cascadian Farm, owned by General Mills. Pioneering organic farm founded in Skagit Valley, WA; acquired by General Mills in 1999. Now predominantly industrial corporate organic supply chain.",89.0,Local Organic CSAs / Stahlbush Island Farms / Regional Co-op Frozen Berries
muir-glen-organic,Muir Glen Organic,brand,Food & Grocery Staples,General Mills,"General Mills, Inc.",Public Conglomerate,NYSE: GIS,True,Named after conservationist John Muir; acquired by General Mills alongside Cascadian Farm in 1999 to dominate organic tomato canned goods aisles.,89.0,Bianco DiNapoli Organic Tomatoes / Jovial Foods / Local Farm Jarred Tomatoes
muir-glen-organic-diced-canned-tomatoes,Muir Glen Organic Diced Canned Tomatoes,product,Food & Grocery Staples,General Mills,"General Mills, Inc.",Public Conglomerate,NYSE: GIS,True,"Product of Muir Glen Organic, owned by General Mills. Named after conservationist John Muir; acquired by General Mills alongside Cascadian Farm in 1999 to dominate organic tomato canned goods aisles.",89.0,Bianco DiNapoli Organic Tomatoes / Jovial Foods / Local Farm Jarred Tomatoes
muir-glen-organic-crushed-fire-roasted-tomatoes,Muir Glen Organic Crushed Fire Roasted Tomatoes,product,Food & Grocery Staples,General Mills,"General Mills, Inc.",Public Conglomerate,NYSE: GIS,True,"Product of Muir Glen Organic, owned by General Mills. Named after conservationist John Muir; acquired by General Mills alongside Cascadian Farm in 1999 to dominate organic tomato canned goods aisles.",89.0,Bianco DiNapoli Organic Tomatoes / Jovial Foods / Local Farm Jarred Tomatoes
muir-glen-organic-tomato-paste,Muir Glen Organic Tomato Paste,product,Food & Grocery Staples,General Mills,"General Mills, Inc.",Public Conglomerate,NYSE: GIS,True,"Product of Muir Glen Organic, owned by General Mills. Named after conservationist John Muir; acquired by General Mills alongside Cascadian Farm in 1999 to dominate organic tomato canned goods aisles.",89.0,Bianco DiNapoli Organic Tomatoes / Jovial Foods / Local Farm Jarred Tomatoes
muir-glen-organic-traditional-pasta-sauce,Muir Glen Organic Traditional Pasta Sauce,product,Food & Grocery Staples,General Mills,"General Mills, Inc.",Public Conglomerate,NYSE: GIS,True,"Product of Muir Glen Organic, owned by General Mills. Named after conservationist John Muir; acquired by General Mills alongside Cascadian Farm in 1999 to dominate organic tomato canned goods aisles.",89.0,Bianco DiNapoli Organic Tomatoes / Jovial Foods / Local Farm Jarred Tomatoes
epic-provisions,Epic Provisions,brand,Food & Grocery Staples,General Mills,"General Mills, Inc.",Public Conglomerate,NYSE: GIS,True,Grass-fed meat bar pioneer founded in Austin; acquired by General Mills in 2016 for an estimated $100M. Marketed heavily on regenerative agriculture aesthetics.,89.0,Local Regenerative Ranchers / Thousand Hills Lifetime Grazed / Wild Pastures
epic-provisions-bison-bacon-cranberry-bar,Epic Provisions Bison Bacon Cranberry Bar,product,Food & Grocery Staples,General Mills,"General Mills, Inc.",Public Conglomerate,NYSE: GIS,True,"Product of Epic Provisions, owned by General Mills. Grass-fed meat bar pioneer founded in Austin; acquired by General Mills in 2016 for an estimated $100M. Marketed heavily on regenerative agriculture aesthetics.",89.0,Local Regenerative Ranchers / Thousand Hills Lifetime Grazed / Wild Pastures
epic-provisions-beef-apple-bacon-bar,Epic Provisions Beef Apple Bacon Bar,product,Food & Grocery Staples,General Mills,"General Mills, Inc.",Public Conglomerate,NYSE: GIS,True,"Product of Epic Provisions, owned by General Mills. Grass-fed meat bar pioneer founded in Austin; acquired by General Mills in 2016 for an estimated $100M. Marketed heavily on regenerative agriculture aesthetics.",89.0,Local Regenerative Ranchers / Thousand Hills Lifetime Grazed / Wild Pastures
epic-provisions-traditional-artisanal-pork-rinds,Epic Provisions Traditional Artisanal Pork Rinds,product,Food & Grocery Staples,General Mills,"General Mills, Inc.",Public Conglomerate,NYSE: GIS,True,"Product of Epic Provisions, owned by General Mills. Grass-fed meat bar pioneer founded in Austin; acquired by General Mills in 2016 for an estimated $100M. Marketed heavily on regenerative agriculture aesthetics.",89.0,Local Regenerative Ranchers / Thousand Hills Lifetime Grazed / Wild Pastures
epic-provisions-grass-fed-beef-tallow,Epic Provisions Grass Fed Beef Tallow,product,Food & Grocery Staples,General Mills,"General Mills, Inc.",Public Conglomerate,NYSE: GIS,True,"Product of Epic Provisions, owned by General Mills. Grass-fed meat bar pioneer founded in Austin; acquired by General Mills in 2016 for an estimated $100M. Marketed heavily on regenerative agriculture aesthetics.",89.0,Local Regenerative Ranchers / Thousand Hills Lifetime Grazed / Wild Pastures
larabar,Larabar,brand,Food & Grocery Staples,General Mills,"General Mills, Inc.",Public Conglomerate,NYSE: GIS,True,Created in a home kitchen with minimal whole ingredients; acquired by General Mills in 2008 for an estimated $55M.,89.0,Homemade Date & Nut Bars / Equal Exchange Dried Fruit & Nuts
larabar-peanut-butter-chocolate-chip-gluten-free-bar,Larabar Peanut Butter Chocolate Chip Gluten Free Bar,product,Food & Grocery Staples,General Mills,"General Mills, Inc.",Public Conglomerate,NYSE: GIS,True,"Product of Larabar, owned by General Mills. Created in a home kitchen with minimal whole ingredients; acquired by General Mills in 2008 for an estimated $55M.",89.0,Homemade Date & Nut Bars / Equal Exchange Dried Fruit & Nuts
larabar-apple-pie-fruit-nut-bar,Larabar Apple Pie Fruit & Nut Bar,product,Food & Grocery Staples,General Mills,"General Mills, Inc.",Public Conglomerate,NYSE: GIS,True,"Product of Larabar, owned by General Mills. Created in a home kitchen with minimal whole ingredients; acquired by General Mills in 2008 for an estimated $55M.",89.0,Homemade Date & Nut Bars / Equal Exchange Dried Fruit & Nuts
larabar-cashew-cookie-bar,Larabar Cashew Cookie Bar,product,Food & Grocery Staples,General Mills,"General Mills, Inc.",Public Conglomerate,NYSE: GIS,True,"Product of Larabar, owned by General Mills. Created in a home kitchen with minimal whole ingredients; acquired by General Mills in 2008 for an estimated $55M.",89.0,Homemade Date & Nut Bars / Equal Exchange Dried Fruit & Nuts
larabar-lemon-bar-gluten-free,Larabar Lemon Bar Gluten Free,product,Food & Grocery Staples,General Mills,"General Mills, Inc.",Public Conglomerate,NYSE: GIS,True,"Product of Larabar, owned by General Mills. Created in a home kitchen with minimal whole ingredients; acquired by General Mills in 2008 for an estimated $55M.",89.0,Homemade Date & Nut Bars / Equal Exchange Dried Fruit & Nuts
blue-buffalo,Blue Buffalo,brand,Pet Food & Veterinary Care,General Mills,"General Mills, Inc.",Public Conglomerate,NYSE: GIS,True,"Promoted aggressively as an artisanal, family-crafted holistic pet food; acquired by General Mills in 2018 for a staggering $8.0 Billion.",89.0,Open Farm Pet Food / The Honest Kitchen / Steve's Real Food
blue-buffalo-life-protection-formula-adult-chicken-brown-rice-dog-food,Blue Buffalo Life Protection Formula Adult Chicken & Brown Rice Dog Food,product,Pet Food & Veterinary Care,General Mills,"General Mills, Inc.",Public Conglomerate,NYSE: GIS,True,"Product of Blue Buffalo, owned by General Mills. Promoted aggressively as an artisanal, family-crafted holistic pet food; acquired by General Mills in 2018 for a staggering $8.0 Billion.",89.0,Open Farm Pet Food / The Honest Kitchen / Steve's Real Food
blue-buffalo-wilderness-high-protein-grain-free-salmon-dog-food,Blue Buffalo Wilderness High Protein Grain Free Salmon Dog Food,product,Pet Food & Veterinary Care,General Mills,"General Mills, Inc.",Public Conglomerate,NYSE: GIS,True,"Product of Blue Buffalo, owned by General Mills. Promoted aggressively as an artisanal, family-crafted holistic pet food; acquired by General Mills in 2018 for a staggering $8.0 Billion.",89.0,Open Farm Pet Food / The Honest Kitchen / Steve's Real Food
blue-buffalo-tastefuls-chicken-pate-wet-cat-food,Blue Buffalo Tastefuls Chicken Pate Wet Cat Food,product,Pet Food & Veterinary Care,General Mills,"General Mills, Inc.",Public Conglomerate,NYSE: GIS,True,"Product of Blue Buffalo, owned by General Mills. Promoted aggressively as an artisanal, family-crafted holistic pet food; acquired by General Mills in 2018 for a staggering $8.0 Billion.",89.0,Open Farm Pet Food / The Honest Kitchen / Steve's Real Food
blue-buffalo-health-bars-baked-with-apples-yogurt-dog-treats,Blue Buffalo Health Bars Baked with Apples & Yogurt Dog Treats,product,Pet Food & Veterinary Care,General Mills,"General Mills, Inc.",Public Conglomerate,NYSE: GIS,True,"Product of Blue Buffalo, owned by General Mills. Promoted aggressively as an artisanal, family-crafted holistic pet food; acquired by General Mills in 2018 for a staggering $8.0 Billion.",89.0,Open Farm Pet Food / The Honest Kitchen / Steve's Real Food
burts-bees,Burt's Bees,brand,Personal Care & Cosmetics,The Clorox Company,The Clorox Company,Public Conglomerate,NYSE: CLX,True,Started by a Maine beekeeper selling candles at craft fairs; acquired in 2007 by chemical and bleach maker Clorox for $925M. Retains rustic bee logo.,91.0,Badger Balm (Certified B Corp & Family-Owned) / Meow Meow Tweet / Eco Lips
burts-bees-100-natural-moisturizing-beeswax-lip-balm,Burt's Bees 100% Natural Moisturizing Beeswax Lip Balm,product,Personal Care & Cosmetics,The Clorox Company,The Clorox Company,Public Conglomerate,NYSE: CLX,True,"Product of Burt's Bees, owned by The Clorox Company. Started by a Maine beekeeper selling candles at craft fairs; acquired in 2007 by chemical and bleach maker Clorox for $925M. Retains rustic bee logo.",91.0,Badger Balm (Certified B Corp & Family-Owned) / Meow Meow Tweet / Eco Lips
burts-bees-coconut-foot-cream-with-vitamin-e,Burt's Bees Coconut Foot Cream with Vitamin E,product,Personal Care & Cosmetics,The Clorox Company,The Clorox Company,Public Conglomerate,NYSE: CLX,True,"Product of Burt's Bees, owned by The Clorox Company. Started by a Maine beekeeper selling candles at craft fairs; acquired in 2007 by chemical and bleach maker Clorox for $925M. Retains rustic bee logo.",91.0,Badger Balm (Certified B Corp & Family-Owned) / Meow Meow Tweet / Eco Lips
burts-bees-hand-salve-herbal-treatment,Burt's Bees Hand Salve Herbal Treatment,product,Personal Care & Cosmetics,The Clorox Company,The Clorox Company,Public Conglomerate,NYSE: CLX,True,"Product of Burt's Bees, owned by The Clorox Company. Started by a Maine beekeeper selling candles at craft fairs; acquired in 2007 by chemical and bleach maker Clorox for $925M. Retains rustic bee logo.",91.0,Badger Balm (Certified B Corp & Family-Owned) / Meow Meow Tweet / Eco Lips
burts-bees-lemon-butter-cuticle-cream,Burt's Bees Lemon Butter Cuticle Cream,product,Personal Care & Cosmetics,The Clorox Company,The Clorox Company,Public Conglomerate,NYSE: CLX,True,"Product of Burt's Bees, owned by The Clorox Company. Started by a Maine beekeeper selling candles at craft fairs; acquired in 2007 by chemical and bleach maker Clorox for $925M. Retains rustic bee logo.",91.0,Badger Balm (Certified B Corp & Family-Owned) / Meow Meow Tweet / Eco Lips
burts-bees-sensitive-facial-cleanser-with-cotton-extract,Burt's Bees Sensitive Facial Cleanser with Cotton Extract,product,Personal Care & Cosmetics,The Clorox Company,The Clorox Company,Public Conglomerate,NYSE: CLX,True,"Product of Burt's Bees, owned by The Clorox Company. Started by a Maine beekeeper selling candles at craft fairs; acquired in 2007 by chemical and bleach maker Clorox for $925M. Retains rustic bee logo.",91.0,Badger Balm (Certified B Corp & Family-Owned) / Meow Meow Tweet / Eco Lips
burts-bees-tinted-lip-balm-red-dahlia,Burt's Bees Tinted Lip Balm Red Dahlia,product,Personal Care & Cosmetics,The Clorox Company,The Clorox Company,Public Conglomerate,NYSE: CLX,True,"Product of Burt's Bees, owned by The Clorox Company. Started by a Maine beekeeper selling candles at craft fairs; acquired in 2007 by chemical and bleach maker Clorox for $925M. Retains rustic bee logo.",91.0,Badger Balm (Certified B Corp & Family-Owned) / Meow Meow Tweet / Eco Lips
natural-vitality-calm,Natural Vitality (Calm),brand,Personal Care & Cosmetics,The Clorox Company,The Clorox Company,Public Conglomerate,NYSE: CLX,True,Renowned antistress magnesium drink mix line acquired by Clorox as part of its wellness acquisition portfolio (Nutranext) for $700M in 2018.,91.0,Trace Minerals Research / Independent Bulk Magnesium Glycinate Makers
natural-vitality-calm-magnesium-anti-stress-drink-mix-sweet-lemon,Natural Vitality Calm Magnesium Anti-Stress Drink Mix Sweet Lemon,product,Personal Care & Cosmetics,The Clorox Company,The Clorox Company,Public Conglomerate,NYSE: CLX,True,"Product of Natural Vitality (Calm), owned by The Clorox Company. Renowned antistress magnesium drink mix line acquired by Clorox as part of its wellness acquisition portfolio (Nutranext) for $700M in 2018.",91.0,Trace Minerals Research / Independent Bulk Magnesium Glycinate Makers
natural-vitality-calm-gummies-magnesium-supplement-raspberry-lemon,Natural Vitality Calm Gummies Magnesium Supplement Raspberry Lemon,product,Personal Care & Cosmetics,The Clorox Company,The Clorox Company,Public Conglomerate,NYSE: CLX,True,"Product of Natural Vitality (Calm), owned by The Clorox Company. Renowned antistress magnesium drink mix line acquired by Clorox as part of its wellness acquisition portfolio (Nutranext) for $700M in 2018.",91.0,Trace Minerals Research / Independent Bulk Magnesium Glycinate Makers
natural-vitality-calm-sleep-magnesium-powder-with-melatonin,Natural Vitality Calm Sleep Magnesium Powder with Melatonin,product,Personal Care & Cosmetics,The Clorox Company,The Clorox Company,Public Conglomerate,NYSE: CLX,True,"Product of Natural Vitality (Calm), owned by The Clorox Company. Renowned antistress magnesium drink mix line acquired by Clorox as part of its wellness acquisition portfolio (Nutranext) for $700M in 2018.",91.0,Trace Minerals Research / Independent Bulk Magnesium Glycinate Makers
renew-life-probiotics,Renew Life Probiotics,brand,Personal Care & Cosmetics,The Clorox Company,The Clorox Company,Public Conglomerate,NYSE: CLX,True,Digestive wellness and probiotic pioneer acquired by bleach manufacturer Clorox in 2016 for $290M.,91.0,Garden of Life Independent Alternatives / Local Raw Fermented Foods
renew-life-extra-care-probiotic-50-billion-cfu-capsules,Renew Life Extra Care Probiotic 50 Billion CFU Capsules,product,Personal Care & Cosmetics,The Clorox Company,The Clorox Company,Public Conglomerate,NYSE: CLX,True,"Product of Renew Life Probiotics, owned by The Clorox Company. Digestive wellness and probiotic pioneer acquired by bleach manufacturer Clorox in 2016 for $290M.",91.0,Garden of Life Independent Alternatives / Local Raw Fermented Foods
renew-life-womens-care-probiotic-capsules,Renew Life Women's Care Probiotic Capsules,product,Personal Care & Cosmetics,The Clorox Company,The Clorox Company,Public Conglomerate,NYSE: CLX,True,"Product of Renew Life Probiotics, owned by The Clorox Company. Digestive wellness and probiotic pioneer acquired by bleach manufacturer Clorox in 2016 for $290M.",91.0,Garden of Life Independent Alternatives / Local Raw Fermented Foods
renew-life-cleanse-more-herbal-detox-tablets,Renew Life Cleanse More Herbal Detox Tablets,product,Personal Care & Cosmetics,The Clorox Company,The Clorox Company,Public Conglomerate,NYSE: CLX,True,"Product of Renew Life Probiotics, owned by The Clorox Company. Digestive wellness and probiotic pioneer acquired by bleach manufacturer Clorox in 2016 for $290M.",91.0,Garden of Life Independent Alternatives / Local Raw Fermented Foods
rainbow-light-vitamins,Rainbow Light Vitamins,brand,Personal Care & Cosmetics,The Clorox Company,The Clorox Company,Public Conglomerate,NYSE: CLX,True,Food-based multivitamin brand widely stocked in natural grocers; absorbed into Clorox in 2018 under the Nutranext holding acquisition.,91.0,MegaFood (Certified B Corp) / New Chapter / Innate Response
rainbow-light-mens-one-multivitamin-high-potency,Rainbow Light Men's One Multivitamin High Potency,product,Personal Care & Cosmetics,The Clorox Company,The Clorox Company,Public Conglomerate,NYSE: CLX,True,"Product of Rainbow Light Vitamins, owned by The Clorox Company. Food-based multivitamin brand widely stocked in natural grocers; absorbed into Clorox in 2018 under the Nutranext holding acquisition.",91.0,MegaFood (Certified B Corp) / New Chapter / Innate Response
rainbow-light-womens-one-daily-multivitamin,Rainbow Light Women's One Daily Multivitamin,product,Personal Care & Cosmetics,The Clorox Company,The Clorox Company,Public Conglomerate,NYSE: CLX,True,"Product of Rainbow Light Vitamins, owned by The Clorox Company. Food-based multivitamin brand widely stocked in natural grocers; absorbed into Clorox in 2018 under the Nutranext holding acquisition.",91.0,MegaFood (Certified B Corp) / New Chapter / Innate Response
rainbow-light-prenatal-one-multivitamin-tablets,Rainbow Light Prenatal One Multivitamin Tablets,product,Personal Care & Cosmetics,The Clorox Company,The Clorox Company,Public Conglomerate,NYSE: CLX,True,"Product of Rainbow Light Vitamins, owned by The Clorox Company. Food-based multivitamin brand widely stocked in natural grocers; absorbed into Clorox in 2018 under the Nutranext holding acquisition.",91.0,MegaFood (Certified B Corp) / New Chapter / Innate Response
toms-of-maine,Tom's of Maine,brand,Personal Care & Cosmetics,Colgate-Palmolive,Colgate-Palmolive Company,Public Conglomerate,NYSE: CL,True,Founded in 1970 by Tom and Kate Chappell as a natural living icon; acquired 84% majority stake by multinational Colgate-Palmolive in 2006 for $100M.,89.0,Bite Toothpaste Bits (Plastic-Free) / Davids Natural Toothpaste / Dr. Bronner's All-One Toothpaste
toms-of-maine-whole-care-natural-fluoride-toothpaste-spearmint,Tom's of Maine Whole Care Natural Fluoride Toothpaste Spearmint,product,Personal Care & Cosmetics,Colgate-Palmolive,Colgate-Palmolive Company,Public Conglomerate,NYSE: CL,True,"Product of Tom's of Maine, owned by Colgate-Palmolive. Founded in 1970 by Tom and Kate Chappell as a natural living icon; acquired 84% majority stake by multinational Colgate-Palmolive in 2006 for $100M.",89.0,Bite Toothpaste Bits (Plastic-Free) / Davids Natural Toothpaste / Dr. Bronner's All-One Toothpaste
toms-of-maine-long-lasting-natural-deodorant-wild-lavender,Tom's of Maine Long Lasting Natural Deodorant Wild Lavender,product,Personal Care & Cosmetics,Colgate-Palmolive,Colgate-Palmolive Company,Public Conglomerate,NYSE: CL,True,"Product of Tom's of Maine, owned by Colgate-Palmolive. Founded in 1970 by Tom and Kate Chappell as a natural living icon; acquired 84% majority stake by multinational Colgate-Palmolive in 2006 for $100M.",89.0,Bite Toothpaste Bits (Plastic-Free) / Davids Natural Toothpaste / Dr. Bronner's All-One Toothpaste
toms-of-maine-antiplaque-and-whitening-peppermint-toothpaste,Tom's of Maine Antiplaque and Whitening Peppermint Toothpaste,product,Personal Care & Cosmetics,Colgate-Palmolive,Colgate-Palmolive Company,Public Conglomerate,NYSE: CL,True,"Product of Tom's of Maine, owned by Colgate-Palmolive. Founded in 1970 by Tom and Kate Chappell as a natural living icon; acquired 84% majority stake by multinational Colgate-Palmolive in 2006 for $100M.",89.0,Bite Toothpaste Bits (Plastic-Free) / Davids Natural Toothpaste / Dr. Bronner's All-One Toothpaste
toms-of-maine-childrens-natural-silly-strawberry-toothpaste,Tom's of Maine Children's Natural Silly Strawberry Toothpaste,product,Personal Care & Cosmetics,Colgate-Palmolive,Colgate-Palmolive Company,Public Conglomerate,NYSE: CL,True,"Product of Tom's of Maine, owned by Colgate-Palmolive. Founded in 1970 by Tom and Kate Chappell as a natural living icon; acquired 84% majority stake by multinational Colgate-Palmolive in 2006 for $100M.",89.0,Bite Toothpaste Bits (Plastic-Free) / Davids Natural Toothpaste / Dr. Bronner's All-One Toothpaste
hello-products,Hello Products,brand,Personal Care & Cosmetics,Colgate-Palmolive,Colgate-Palmolive Company,Public Conglomerate,NYSE: CL,True,"Gen-Z focused, vegan, black charcoal oral care challenger acquired by Colgate-Palmolive in 2020 to capture the eco-conscious natural consumer.",89.0,Davids Natural Toothpaste / Georganics / Bite Toothpaste Bits
hello-activated-charcoal-with-fresh-mint-whitening-toothpaste,Hello Activated Charcoal with Fresh Mint Whitening Toothpaste,product,Personal Care & Cosmetics,Colgate-Palmolive,Colgate-Palmolive Company,Public Conglomerate,NYSE: CL,True,"Product of Hello Products, owned by Colgate-Palmolive. Gen-Z focused, vegan, black charcoal oral care challenger acquired by Colgate-Palmolive in 2020 to capture the eco-conscious natural consumer.",89.0,Davids Natural Toothpaste / Georganics / Bite Toothpaste Bits
hello-naturally-whitening-fluoride-toothpaste-farm-grown-mint,Hello Naturally Whitening Fluoride Toothpaste Farm Grown Mint,product,Personal Care & Cosmetics,Colgate-Palmolive,Colgate-Palmolive Company,Public Conglomerate,NYSE: CL,True,"Product of Hello Products, owned by Colgate-Palmolive. Gen-Z focused, vegan, black charcoal oral care challenger acquired by Colgate-Palmolive in 2020 to capture the eco-conscious natural consumer.",89.0,Davids Natural Toothpaste / Georganics / Bite Toothpaste Bits
hello-kids-fluoride-free-natural-watermelon-toothpaste,Hello Kids Fluoride Free Natural Watermelon Toothpaste,product,Personal Care & Cosmetics,Colgate-Palmolive,Colgate-Palmolive Company,Public Conglomerate,NYSE: CL,True,"Product of Hello Products, owned by Colgate-Palmolive. Gen-Z focused, vegan, black charcoal oral care challenger acquired by Colgate-Palmolive in 2020 to capture the eco-conscious natural consumer.",89.0,Davids Natural Toothpaste / Georganics / Bite Toothpaste Bits
native-deodorant,Native Deodorant,brand,Personal Care & Cosmetics,Procter & Gamble,The Procter & Gamble Company,Public Conglomerate,NYSE: PG,True,Launched as an independent direct-to-consumer aluminum-free deodorant; acquired by consumer giant Procter & Gamble in 2017 for $100M cash.,91.0,Meow Meow Tweet / Routine Deodorant / Dr. Bronner's Organic Sugar Soaps
native-aluminum-free-deodorant-coconut-vanilla,Native Aluminum Free Deodorant Coconut & Vanilla,product,Personal Care & Cosmetics,Procter & Gamble,The Procter & Gamble Company,Public Conglomerate,NYSE: PG,True,"Product of Native Deodorant, owned by Procter & Gamble. Launched as an independent direct-to-consumer aluminum-free deodorant; acquired by consumer giant Procter & Gamble in 2017 for $100M cash.",91.0,Meow Meow Tweet / Routine Deodorant / Dr. Bronner's Organic Sugar Soaps
native-aluminum-free-deodorant-cucumber-mint,Native Aluminum Free Deodorant Cucumber & Mint,product,Personal Care & Cosmetics,Procter & Gamble,The Procter & Gamble Company,Public Conglomerate,NYSE: PG,True,"Product of Native Deodorant, owned by Procter & Gamble. Launched as an independent direct-to-consumer aluminum-free deodorant; acquired by consumer giant Procter & Gamble in 2017 for $100M cash.",91.0,Meow Meow Tweet / Routine Deodorant / Dr. Bronner's Organic Sugar Soaps
native-moisturizing-body-wash-coconut-vanilla,Native Moisturizing Body Wash Coconut & Vanilla,product,Personal Care & Cosmetics,Procter & Gamble,The Procter & Gamble Company,Public Conglomerate,NYSE: PG,True,"Product of Native Deodorant, owned by Procter & Gamble. Launched as an independent direct-to-consumer aluminum-free deodorant; acquired by consumer giant Procter & Gamble in 2017 for $100M cash.",91.0,Meow Meow Tweet / Routine Deodorant / Dr. Bronner's Organic Sugar Soaps
native-daily-clean-shampoo-eucalyptus-mint,Native Daily Clean Shampoo Eucalyptus & Mint,product,Personal Care & Cosmetics,Procter & Gamble,The Procter & Gamble Company,Public Conglomerate,NYSE: PG,True,"Product of Native Deodorant, owned by Procter & Gamble. Launched as an independent direct-to-consumer aluminum-free deodorant; acquired by consumer giant Procter & Gamble in 2017 for $100M cash.",91.0,Meow Meow Tweet / Routine Deodorant / Dr. Bronner's Organic Sugar Soaps
this-is-l-l-organic,This Is L. (L. Organic),brand,Personal Care & Cosmetics,Procter & Gamble,The Procter & Gamble Company,Public Conglomerate,NYSE: PG,True,Mission-driven organic cotton feminine care brand; acquired by Procter & Gamble in 2019 to counter rising backlash against Tampax plastic applicators.,91.0,Natracare (Independent 100% Organic & Plastic-Free) / GladRags (B Corp)
l-organic-cotton-regular-super-tampons-duo-pack,L. Organic Cotton Regular & Super Tampons Duo Pack,product,Personal Care & Cosmetics,Procter & Gamble,The Procter & Gamble Company,Public Conglomerate,NYSE: PG,True,"Product of This Is L. (L. Organic), owned by Procter & Gamble. Mission-driven organic cotton feminine care brand; acquired by Procter & Gamble in 2019 to counter rising backlash against Tampax plastic applicators.",91.0,Natracare (Independent 100% Organic & Plastic-Free) / GladRags (B Corp)
l-organic-cotton-ultra-thin-regular-pads-with-wings,L. Organic Cotton Ultra Thin Regular Pads with Wings,product,Personal Care & Cosmetics,Procter & Gamble,The Procter & Gamble Company,Public Conglomerate,NYSE: PG,True,"Product of This Is L. (L. Organic), owned by Procter & Gamble. Mission-driven organic cotton feminine care brand; acquired by Procter & Gamble in 2019 to counter rising backlash against Tampax plastic applicators.",91.0,Natracare (Independent 100% Organic & Plastic-Free) / GladRags (B Corp)
l-100-pure-cotton-chlorine-free-liners,L. 100% Pure Cotton Chlorine Free Liners,product,Personal Care & Cosmetics,Procter & Gamble,The Procter & Gamble Company,Public Conglomerate,NYSE: PG,True,"Product of This Is L. (L. Organic), owned by Procter & Gamble. Mission-driven organic cotton feminine care brand; acquired by Procter & Gamble in 2019 to counter rising backlash against Tampax plastic applicators.",91.0,Natracare (Independent 100% Organic & Plastic-Free) / GladRags (B Corp)
first-aid-beauty,First Aid Beauty,brand,Personal Care & Cosmetics,Procter & Gamble,The Procter & Gamble Company,Public Conglomerate,NYSE: PG,True,Clean clinical skincare line targeting sensitive skin; acquired by Procter & Gamble in 2018 for approximately $250M.,91.0,Tower 28 Beauty (Independent) / Badger Balm / Pipette
first-aid-beauty-ultra-repair-cream-intense-hydration,First Aid Beauty Ultra Repair Cream Intense Hydration,product,Personal Care & Cosmetics,Procter & Gamble,The Procter & Gamble Company,Public Conglomerate,NYSE: PG,True,"Product of First Aid Beauty, owned by Procter & Gamble. Clean clinical skincare line targeting sensitive skin; acquired by Procter & Gamble in 2018 for approximately $250M.",91.0,Tower 28 Beauty (Independent) / Badger Balm / Pipette
first-aid-beauty-pure-skin-face-cleanser,First Aid Beauty Pure Skin Face Cleanser,product,Personal Care & Cosmetics,Procter & Gamble,The Procter & Gamble Company,Public Conglomerate,NYSE: PG,True,"Product of First Aid Beauty, owned by Procter & Gamble. Clean clinical skincare line targeting sensitive skin; acquired by Procter & Gamble in 2018 for approximately $250M.",91.0,Tower 28 Beauty (Independent) / Badger Balm / Pipette
first-aid-beauty-kp-bump-eraser-body-scrub-with-10-aha,First Aid Beauty KP Bump Eraser Body Scrub with 10% AHA,product,Personal Care & Cosmetics,Procter & Gamble,The Procter & Gamble Company,Public Conglomerate,NYSE: PG,True,"Product of First Aid Beauty, owned by Procter & Gamble. Clean clinical skincare line targeting sensitive skin; acquired by Procter & Gamble in 2018 for approximately $250M.",91.0,Tower 28 Beauty (Independent) / Badger Balm / Pipette
ben-jerrys,Ben & Jerry's,brand,Food & Grocery Staples,Unilever,Unilever PLC,Public Conglomerate,NYSE: UL / LSE: ULVR,True,Vermont anti-war hippie founders sold out to Anglo-Dutch conglomerate Unilever in 2000 for $326M with an independent board; recurrent legal battles over Unilever overriding their mission.,88.0,Straus Family Creamery / Local Cooperative Dairies / Jeni's Splendid Ice Creams
ben-jerrys-half-baked-ice-cream,Ben & Jerry's Half Baked Ice Cream,product,Food & Grocery Staples,Unilever,Unilever PLC,Public Conglomerate,NYSE: UL / LSE: ULVR,True,"Product of Ben & Jerry's, owned by Unilever. Vermont anti-war hippie founders sold out to Anglo-Dutch conglomerate Unilever in 2000 for $326M with an independent board; recurrent legal battles over Unilever overriding their mission.",88.0,Straus Family Creamery / Local Cooperative Dairies / Jeni's Splendid Ice Creams
ben-jerrys-cherry-garcia-ice-cream,Ben & Jerry's Cherry Garcia Ice Cream,product,Food & Grocery Staples,Unilever,Unilever PLC,Public Conglomerate,NYSE: UL / LSE: ULVR,True,"Product of Ben & Jerry's, owned by Unilever. Vermont anti-war hippie founders sold out to Anglo-Dutch conglomerate Unilever in 2000 for $326M with an independent board; recurrent legal battles over Unilever overriding their mission.",88.0,Straus Family Creamery / Local Cooperative Dairies / Jeni's Splendid Ice Creams
ben-jerrys-phish-food-chocolate-marshmallow-ice-cream,Ben & Jerry's Phish Food Chocolate Marshmallow Ice Cream,product,Food & Grocery Staples,Unilever,Unilever PLC,Public Conglomerate,NYSE: UL / LSE: ULVR,True,"Product of Ben & Jerry's, owned by Unilever. Vermont anti-war hippie founders sold out to Anglo-Dutch conglomerate Unilever in 2000 for $326M with an independent board; recurrent legal battles over Unilever overriding their mission.",88.0,Straus Family Creamery / Local Cooperative Dairies / Jeni's Splendid Ice Creams
ben-jerrys-chocolate-chip-cookie-dough-ice-cream,Ben & Jerry's Chocolate Chip Cookie Dough Ice Cream,product,Food & Grocery Staples,Unilever,Unilever PLC,Public Conglomerate,NYSE: UL / LSE: ULVR,True,"Product of Ben & Jerry's, owned by Unilever. Vermont anti-war hippie founders sold out to Anglo-Dutch conglomerate Unilever in 2000 for $326M with an independent board; recurrent legal battles over Unilever overriding their mission.",88.0,Straus Family Creamery / Local Cooperative Dairies / Jeni's Splendid Ice Creams
ben-jerrys-non-dairy-dairy-free-phish-food-pint,Ben & Jerry's Non-Dairy Dairy-Free Phish Food Pint,product,Food & Grocery Staples,Unilever,Unilever PLC,Public Conglomerate,NYSE: UL / LSE: ULVR,True,"Product of Ben & Jerry's, owned by Unilever. Vermont anti-war hippie founders sold out to Anglo-Dutch conglomerate Unilever in 2000 for $326M with an independent board; recurrent legal battles over Unilever overriding their mission.",88.0,Straus Family Creamery / Local Cooperative Dairies / Jeni's Splendid Ice Creams
seventh-generation,Seventh Generation,brand,Household & Cleaning,Unilever,Unilever PLC,Public Conglomerate,NYSE: UL / LSE: ULVR,True,Named after Iroquois Great Law of caring for seven generations; acquired by Unilever in 2016 for an estimated $600M.,88.0,Meliora Cleaning Products (Certified B Corp & 100% Plastic-Free) / Dr. Bronner's Sal Suds
seventh-generation-free-clear-concentrated-laundry-detergent,Seventh Generation Free & Clear Concentrated Laundry Detergent,product,Household & Cleaning,Unilever,Unilever PLC,Public Conglomerate,NYSE: UL / LSE: ULVR,True,"Product of Seventh Generation, owned by Unilever. Named after Iroquois Great Law of caring for seven generations; acquired by Unilever in 2016 for an estimated $600M.",88.0,Meliora Cleaning Products (Certified B Corp & 100% Plastic-Free) / Dr. Bronner's Sal Suds
seventh-generation-dish-liquid-free-clear,Seventh Generation Dish Liquid Free & Clear,product,Household & Cleaning,Unilever,Unilever PLC,Public Conglomerate,NYSE: UL / LSE: ULVR,True,"Product of Seventh Generation, owned by Unilever. Named after Iroquois Great Law of caring for seven generations; acquired by Unilever in 2016 for an estimated $600M.",88.0,Meliora Cleaning Products (Certified B Corp & 100% Plastic-Free) / Dr. Bronner's Sal Suds
seventh-generation-disinfecting-multi-surface-cleaner-lemongrass-citrus,Seventh Generation Disinfecting Multi-Surface Cleaner Lemongrass Citrus,product,Household & Cleaning,Unilever,Unilever PLC,Public Conglomerate,NYSE: UL / LSE: ULVR,True,"Product of Seventh Generation, owned by Unilever. Named after Iroquois Great Law of caring for seven generations; acquired by Unilever in 2016 for an estimated $600M.",88.0,Meliora Cleaning Products (Certified B Corp & 100% Plastic-Free) / Dr. Bronner's Sal Suds
seventh-generation-100-recycled-bath-tissue,Seventh Generation 100% Recycled Bath Tissue,product,Household & Cleaning,Unilever,Unilever PLC,Public Conglomerate,NYSE: UL / LSE: ULVR,True,"Product of Seventh Generation, owned by Unilever. Named after Iroquois Great Law of caring for seven generations; acquired by Unilever in 2016 for an estimated $600M.",88.0,Meliora Cleaning Products (Certified B Corp & 100% Plastic-Free) / Dr. Bronner's Sal Suds
seventh-generation-chlorine-free-bleach-alternative,Seventh Generation Chlorine-Free Bleach Alternative,product,Household & Cleaning,Unilever,Unilever PLC,Public Conglomerate,NYSE: UL / LSE: ULVR,True,"Product of Seventh Generation, owned by Unilever. Named after Iroquois Great Law of caring for seven generations; acquired by Unilever in 2016 for an estimated $600M.",88.0,Meliora Cleaning Products (Certified B Corp & 100% Plastic-Free) / Dr. Bronner's Sal Suds
sir-kensingtons,Sir Kensington's,brand,Food & Grocery Staples,Unilever,Unilever PLC,Public Conglomerate,NYSE: UL / LSE: ULVR,True,Artisanal non-GMO condiment darling in glass jars; acquired by Hellmann's parent company Unilever in 2017 for $140M.,88.0,Primal Kitchen (or homemade) / Local Co-op Artisanal Mayos
sir-kensingtons-classic-mayonnaise-with-non-gmo-sunflower-oil,Sir Kensington's Classic Mayonnaise with Non-GMO Sunflower Oil,product,Food & Grocery Staples,Unilever,Unilever PLC,Public Conglomerate,NYSE: UL / LSE: ULVR,True,"Product of Sir Kensington's, owned by Unilever. Artisanal non-GMO condiment darling in glass jars; acquired by Hellmann's parent company Unilever in 2017 for $140M.",88.0,Primal Kitchen (or homemade) / Local Co-op Artisanal Mayos
sir-kensingtons-classic-ketchup-with-whole-vine-ripened-tomatoes,Sir Kensington's Classic Ketchup with Whole Vine-Ripened Tomatoes,product,Food & Grocery Staples,Unilever,Unilever PLC,Public Conglomerate,NYSE: UL / LSE: ULVR,True,"Product of Sir Kensington's, owned by Unilever. Artisanal non-GMO condiment darling in glass jars; acquired by Hellmann's parent company Unilever in 2017 for $140M.",88.0,Primal Kitchen (or homemade) / Local Co-op Artisanal Mayos
sir-kensingtons-chipotle-mayonnaise,Sir Kensington's Chipotle Mayonnaise,product,Food & Grocery Staples,Unilever,Unilever PLC,Public Conglomerate,NYSE: UL / LSE: ULVR,True,"Product of Sir Kensington's, owned by Unilever. Artisanal non-GMO condiment darling in glass jars; acquired by Hellmann's parent company Unilever in 2017 for $140M.",88.0,Primal Kitchen (or homemade) / Local Co-op Artisanal Mayos
sir-kensingtons-spicy-brown-mustard,Sir Kensington's Spicy Brown Mustard,product,Food & Grocery Staples,Unilever,Unilever PLC,Public Conglomerate,NYSE: UL / LSE: ULVR,True,"Product of Sir Kensington's, owned by Unilever. Artisanal non-GMO condiment darling in glass jars; acquired by Hellmann's parent company Unilever in 2017 for $140M.",88.0,Primal Kitchen (or homemade) / Local Co-op Artisanal Mayos
liquid-iv,Liquid I.V.,brand,Personal Care & Cosmetics,Unilever,Unilever PLC,Public Conglomerate,NYSE: UL / LSE: ULVR,True,Viral hydration powder packets marketed heavily through wellness influencers; acquired by Unilever in 2020 to lead its Health & Wellbeing division.,88.0,Bulk Electrolyte Salts (LMNT recipe) / Coconut Water / Skratch Labs
liquid-iv-hydration-multiplier-electrolyte-powder-mix-lemon-lime,Liquid I.V. Hydration Multiplier Electrolyte Powder Mix Lemon Lime,product,Personal Care & Cosmetics,Unilever,Unilever PLC,Public Conglomerate,NYSE: UL / LSE: ULVR,True,"Product of Liquid I.V., owned by Unilever. Viral hydration powder packets marketed heavily through wellness influencers; acquired by Unilever in 2020 to lead its Health & Wellbeing division.",88.0,Bulk Electrolyte Salts (LMNT recipe) / Coconut Water / Skratch Labs
liquid-iv-hydration-multiplier-passion-fruit,Liquid I.V. Hydration Multiplier Passion Fruit,product,Personal Care & Cosmetics,Unilever,Unilever PLC,Public Conglomerate,NYSE: UL / LSE: ULVR,True,"Product of Liquid I.V., owned by Unilever. Viral hydration powder packets marketed heavily through wellness influencers; acquired by Unilever in 2020 to lead its Health & Wellbeing division.",88.0,Bulk Electrolyte Salts (LMNT recipe) / Coconut Water / Skratch Labs
liquid-iv-energy-multiplier-yuzu-pineapple,Liquid I.V. Energy Multiplier Yuzu Pineapple,product,Personal Care & Cosmetics,Unilever,Unilever PLC,Public Conglomerate,NYSE: UL / LSE: ULVR,True,"Product of Liquid I.V., owned by Unilever. Viral hydration powder packets marketed heavily through wellness influencers; acquired by Unilever in 2020 to lead its Health & Wellbeing division.",88.0,Bulk Electrolyte Salts (LMNT recipe) / Coconut Water / Skratch Labs
liquid-iv-sleep-multiplier-blueberry-lavender,Liquid I.V. Sleep Multiplier Blueberry Lavender,product,Personal Care & Cosmetics,Unilever,Unilever PLC,Public Conglomerate,NYSE: UL / LSE: ULVR,True,"Product of Liquid I.V., owned by Unilever. Viral hydration powder packets marketed heavily through wellness influencers; acquired by Unilever in 2020 to lead its Health & Wellbeing division.",88.0,Bulk Electrolyte Salts (LMNT recipe) / Coconut Water / Skratch Labs
schmidts-deodorant,Schmidt's Deodorant,brand,Personal Care & Cosmetics,Unilever,Unilever PLC,Public Conglomerate,NYSE: UL / LSE: ULVR,True,Founded in a Portland kitchen by Jaime Schmidt; acquired by consumer giant Unilever in 2017.,88.0,Meow Meow Tweet / Dr. Bronner's / Humble Brand Deodorant
schmidts-natural-deodorant-rose-vanilla,Schmidt's Natural Deodorant Rose & Vanilla,product,Personal Care & Cosmetics,Unilever,Unilever PLC,Public Conglomerate,NYSE: UL / LSE: ULVR,True,"Product of Schmidt's Deodorant, owned by Unilever. Founded in a Portland kitchen by Jaime Schmidt; acquired by consumer giant Unilever in 2017.",88.0,Meow Meow Tweet / Dr. Bronner's / Humble Brand Deodorant
schmidts-bergamot-lime-natural-mineral-enriched-deodorant,Schmidt's Bergamot & Lime Natural Mineral Enriched Deodorant,product,Personal Care & Cosmetics,Unilever,Unilever PLC,Public Conglomerate,NYSE: UL / LSE: ULVR,True,"Product of Schmidt's Deodorant, owned by Unilever. Founded in a Portland kitchen by Jaime Schmidt; acquired by consumer giant Unilever in 2017.",88.0,Meow Meow Tweet / Dr. Bronner's / Humble Brand Deodorant
schmidts-charcoal-magnesium-natural-deodorant,Schmidt's Charcoal & Magnesium Natural Deodorant,product,Personal Care & Cosmetics,Unilever,Unilever PLC,Public Conglomerate,NYSE: UL / LSE: ULVR,True,"Product of Schmidt's Deodorant, owned by Unilever. Founded in a Portland kitchen by Jaime Schmidt; acquired by consumer giant Unilever in 2017.",88.0,Meow Meow Tweet / Dr. Bronner's / Humble Brand Deodorant
sheamoisture,SheaMoisture,brand,Personal Care & Cosmetics,Unilever,Unilever PLC,Public Conglomerate,NYSE: UL / LSE: ULVR,True,Heritage Black-owned family brand (Sundiata / Richelieu Dennis) acquired by Unilever in 2017 through the Sundial Brands buyout.,88.0,Alaffia (Fair Trade & Worker Owned Foundation) / Kinky-Curly / Briogeo
sheamoisture-coconut-hibiscus-curl-style-milk,SheaMoisture Coconut & Hibiscus Curl & Style Milk,product,Personal Care & Cosmetics,Unilever,Unilever PLC,Public Conglomerate,NYSE: UL / LSE: ULVR,True,"Product of SheaMoisture, owned by Unilever. Heritage Black-owned family brand (Sundiata / Richelieu Dennis) acquired by Unilever in 2017 through the Sundial Brands buyout.",88.0,Alaffia (Fair Trade & Worker Owned Foundation) / Kinky-Curly / Briogeo
sheamoisture-jamaican-black-castor-oil-strengthen-restore-treatment-masque,SheaMoisture Jamaican Black Castor Oil Strengthen & Restore Treatment Masque,product,Personal Care & Cosmetics,Unilever,Unilever PLC,Public Conglomerate,NYSE: UL / LSE: ULVR,True,"Product of SheaMoisture, owned by Unilever. Heritage Black-owned family brand (Sundiata / Richelieu Dennis) acquired by Unilever in 2017 through the Sundial Brands buyout.",88.0,Alaffia (Fair Trade & Worker Owned Foundation) / Kinky-Curly / Briogeo
sheamoisture-raw-shea-butter-moisture-retention-shampoo,SheaMoisture Raw Shea Butter Moisture Retention Shampoo,product,Personal Care & Cosmetics,Unilever,Unilever PLC,Public Conglomerate,NYSE: UL / LSE: ULVR,True,"Product of SheaMoisture, owned by Unilever. Heritage Black-owned family brand (Sundiata / Richelieu Dennis) acquired by Unilever in 2017 through the Sundial Brands buyout.",88.0,Alaffia (Fair Trade & Worker Owned Foundation) / Kinky-Curly / Briogeo
sheamoisture-african-black-soap-bar,SheaMoisture African Black Soap Bar,product,Personal Care & Cosmetics,Unilever,Unilever PLC,Public Conglomerate,NYSE: UL / LSE: ULVR,True,"Product of SheaMoisture, owned by Unilever. Heritage Black-owned family brand (Sundiata / Richelieu Dennis) acquired by Unilever in 2017 through the Sundial Brands buyout.",88.0,Alaffia (Fair Trade & Worker Owned Foundation) / Kinky-Curly / Briogeo
talenti-gelato,Talenti Gelato,brand,Food & Grocery Staples,Unilever,Unilever PLC,Public Conglomerate,NYSE: UL / LSE: ULVR,True,Packaged in signature clear screw-top plastic jars to evoke Italian artisan heritage; acquired by Unilever in 2014.,88.0,Local Italian Gelaterias / Straus Family Creamery
talenti-sea-salt-caramel-gelato,Talenti Sea Salt Caramel Gelato,product,Food & Grocery Staples,Unilever,Unilever PLC,Public Conglomerate,NYSE: UL / LSE: ULVR,True,"Product of Talenti Gelato, owned by Unilever. Packaged in signature clear screw-top plastic jars to evoke Italian artisan heritage; acquired by Unilever in 2014.",88.0,Local Italian Gelaterias / Straus Family Creamery
talenti-roman-raspberry-sorbetto,Talenti Roman Raspberry Sorbetto,product,Food & Grocery Staples,Unilever,Unilever PLC,Public Conglomerate,NYSE: UL / LSE: ULVR,True,"Product of Talenti Gelato, owned by Unilever. Packaged in signature clear screw-top plastic jars to evoke Italian artisan heritage; acquired by Unilever in 2014.",88.0,Local Italian Gelaterias / Straus Family Creamery
talenti-mediterranean-mint-gelato,Talenti Mediterranean Mint Gelato,product,Food & Grocery Staples,Unilever,Unilever PLC,Public Conglomerate,NYSE: UL / LSE: ULVR,True,"Product of Talenti Gelato, owned by Unilever. Packaged in signature clear screw-top plastic jars to evoke Italian artisan heritage; acquired by Unilever in 2014.",88.0,Local Italian Gelaterias / Straus Family Creamery
talenti-madagascan-vanilla-bean-gelato,Talenti Madagascan Vanilla Bean Gelato,product,Food & Grocery Staples,Unilever,Unilever PLC,Public Conglomerate,NYSE: UL / LSE: ULVR,True,"Product of Talenti Gelato, owned by Unilever. Packaged in signature clear screw-top plastic jars to evoke Italian artisan heritage; acquired by Unilever in 2014.",88.0,Local Italian Gelaterias / Straus Family Creamery
raos-homemade,Rao's Homemade,brand,Food & Grocery Staples,Campbell Soup Company,Campbell Soup Company (Sovos Brands),Public Conglomerate,NYSE: CPB,True,Grew from legendary East Harlem red-sauce restaurant into a premium grocery staple; Campbell Soup acquired parent Sovos Brands in 2024 for $2.7 Billion.,87.0,Lucini Italia / Jovial Foods Organic / Local Italian Grocer Marinara
raos-homemade-all-natural-marinara-sauce,Rao's Homemade All Natural Marinara Sauce,product,Food & Grocery Staples,Campbell Soup Company,Campbell Soup Company (Sovos Brands),Public Conglomerate,NYSE: CPB,True,"Product of Rao's Homemade, owned by Campbell Soup Company. Grew from legendary East Harlem red-sauce restaurant into a premium grocery staple; Campbell Soup acquired parent Sovos Brands in 2024 for $2.7 Billion.",87.0,Lucini Italia / Jovial Foods Organic / Local Italian Grocer Marinara
raos-homemade-arrabiata-spicy-pasta-sauce,Rao's Homemade Arrabiata Spicy Pasta Sauce,product,Food & Grocery Staples,Campbell Soup Company,Campbell Soup Company (Sovos Brands),Public Conglomerate,NYSE: CPB,True,"Product of Rao's Homemade, owned by Campbell Soup Company. Grew from legendary East Harlem red-sauce restaurant into a premium grocery staple; Campbell Soup acquired parent Sovos Brands in 2024 for $2.7 Billion.",87.0,Lucini Italia / Jovial Foods Organic / Local Italian Grocer Marinara
raos-homemade-vodka-sauce,Rao's Homemade Vodka Sauce,product,Food & Grocery Staples,Campbell Soup Company,Campbell Soup Company (Sovos Brands),Public Conglomerate,NYSE: CPB,True,"Product of Rao's Homemade, owned by Campbell Soup Company. Grew from legendary East Harlem red-sauce restaurant into a premium grocery staple; Campbell Soup acquired parent Sovos Brands in 2024 for $2.7 Billion.",87.0,Lucini Italia / Jovial Foods Organic / Local Italian Grocer Marinara
raos-homemade-penne-rigate-bronze-cut-pasta,Rao's Homemade Penne Rigate Bronze Cut Pasta,product,Food & Grocery Staples,Campbell Soup Company,Campbell Soup Company (Sovos Brands),Public Conglomerate,NYSE: CPB,True,"Product of Rao's Homemade, owned by Campbell Soup Company. Grew from legendary East Harlem red-sauce restaurant into a premium grocery staple; Campbell Soup acquired parent Sovos Brands in 2024 for $2.7 Billion.",87.0,Lucini Italia / Jovial Foods Organic / Local Italian Grocer Marinara
raos-homemade-meatballs-in-marinara-sauce-frozen-entree,Rao's Homemade Meatballs in Marinara Sauce Frozen Entree,product,Food & Grocery Staples,Campbell Soup Company,Campbell Soup Company (Sovos Brands),Public Conglomerate,NYSE: CPB,True,"Product of Rao's Homemade, owned by Campbell Soup Company. Grew from legendary East Harlem red-sauce restaurant into a premium grocery staple; Campbell Soup acquired parent Sovos Brands in 2024 for $2.7 Billion.",87.0,Lucini Italia / Jovial Foods Organic / Local Italian Grocer Marinara
pacific-foods,Pacific Foods,brand,Food & Grocery Staples,Campbell Soup Company,Campbell Soup Company (Sovos Brands),Public Conglomerate,NYSE: CPB,True,Oregon natural broth and plant-milk pioneer founded in 1987; bought out by conventional canned food giant Campbell Soup in 2017 for $700M.,87.0,Organic Valley Broths / Imagine Organic / Local Farm Bone Broths
pacific-foods-organic-free-range-chicken-broth,Pacific Foods Organic Free Range Chicken Broth,product,Food & Grocery Staples,Campbell Soup Company,Campbell Soup Company (Sovos Brands),Public Conglomerate,NYSE: CPB,True,"Product of Pacific Foods, owned by Campbell Soup Company. Oregon natural broth and plant-milk pioneer founded in 1987; bought out by conventional canned food giant Campbell Soup in 2017 for $700M.",87.0,Organic Valley Broths / Imagine Organic / Local Farm Bone Broths
pacific-foods-organic-creamy-tomato-soup,Pacific Foods Organic Creamy Tomato Soup,product,Food & Grocery Staples,Campbell Soup Company,Campbell Soup Company (Sovos Brands),Public Conglomerate,NYSE: CPB,True,"Product of Pacific Foods, owned by Campbell Soup Company. Oregon natural broth and plant-milk pioneer founded in 1987; bought out by conventional canned food giant Campbell Soup in 2017 for $700M.",87.0,Organic Valley Broths / Imagine Organic / Local Farm Bone Broths
pacific-foods-organic-vegetable-broth,Pacific Foods Organic Vegetable Broth,product,Food & Grocery Staples,Campbell Soup Company,Campbell Soup Company (Sovos Brands),Public Conglomerate,NYSE: CPB,True,"Product of Pacific Foods, owned by Campbell Soup Company. Oregon natural broth and plant-milk pioneer founded in 1987; bought out by conventional canned food giant Campbell Soup in 2017 for $700M.",87.0,Organic Valley Broths / Imagine Organic / Local Farm Bone Broths
pacific-foods-organic-bone-broth-chicken-with-lemongrass,Pacific Foods Organic Bone Broth Chicken with Lemongrass,product,Food & Grocery Staples,Campbell Soup Company,Campbell Soup Company (Sovos Brands),Public Conglomerate,NYSE: CPB,True,"Product of Pacific Foods, owned by Campbell Soup Company. Oregon natural broth and plant-milk pioneer founded in 1987; bought out by conventional canned food giant Campbell Soup in 2017 for $700M.",87.0,Organic Valley Broths / Imagine Organic / Local Farm Bone Broths
pacific-foods-barista-series-oat-milk,Pacific Foods Barista Series Oat Milk,product,Food & Grocery Staples,Campbell Soup Company,Campbell Soup Company (Sovos Brands),Public Conglomerate,NYSE: CPB,True,"Product of Pacific Foods, owned by Campbell Soup Company. Oregon natural broth and plant-milk pioneer founded in 1987; bought out by conventional canned food giant Campbell Soup in 2017 for $700M.",87.0,Organic Valley Broths / Imagine Organic / Local Farm Bone Broths
noosa-yoghurt,Noosa Yoghurt,brand,Food & Grocery Staples,Campbell Soup Company,Campbell Soup Company (Sovos Brands),Public Conglomerate,NYSE: CPB,True,Colorado Aussie-style creamy whole milk yogurt brand folded into Campbell Soup Company via the 2024 Sovos Brands multi-billion merger.,87.0,Straus Family Creamery Whole Milk Greek Yogurt / Wallaby / Local Dairies
noosa-yoghurt-tart-cherry-finest-yoghurt-tub,Noosa Yoghurt Tart Cherry Finest Yoghurt Tub,product,Food & Grocery Staples,Campbell Soup Company,Campbell Soup Company (Sovos Brands),Public Conglomerate,NYSE: CPB,True,"Product of Noosa Yoghurt, owned by Campbell Soup Company. Colorado Aussie-style creamy whole milk yogurt brand folded into Campbell Soup Company via the 2024 Sovos Brands multi-billion merger.",87.0,Straus Family Creamery Whole Milk Greek Yogurt / Wallaby / Local Dairies
noosa-yoghurt-blueberry-whole-milk-yoghurt,Noosa Yoghurt Blueberry Whole Milk Yoghurt,product,Food & Grocery Staples,Campbell Soup Company,Campbell Soup Company (Sovos Brands),Public Conglomerate,NYSE: CPB,True,"Product of Noosa Yoghurt, owned by Campbell Soup Company. Colorado Aussie-style creamy whole milk yogurt brand folded into Campbell Soup Company via the 2024 Sovos Brands multi-billion merger.",87.0,Straus Family Creamery Whole Milk Greek Yogurt / Wallaby / Local Dairies
noosa-yoghurt-lemon-australian-style-yoghurt,Noosa Yoghurt Lemon Australian Style Yoghurt,product,Food & Grocery Staples,Campbell Soup Company,Campbell Soup Company (Sovos Brands),Public Conglomerate,NYSE: CPB,True,"Product of Noosa Yoghurt, owned by Campbell Soup Company. Colorado Aussie-style creamy whole milk yogurt brand folded into Campbell Soup Company via the 2024 Sovos Brands multi-billion merger.",87.0,Straus Family Creamery Whole Milk Greek Yogurt / Wallaby / Local Dairies
horizon-organic,Horizon Organic,brand,Food & Grocery Staples,Danone,Danone S.A.,Public Conglomerate,Euronext: BN / OTC: DANOY,True,"America's first national organic dairy brand, formerly WhiteWave; held by French multinational Danone (recently partnered with private equity Platinum Equity).",86.0,"Organic Valley (1,600+ Family Farm Cooperative) / Maple Hill 100% Grassfed"
horizon-organic-whole-milk-with-dha-omega-3,Horizon Organic Whole Milk with DHA Omega-3,product,Food & Grocery Staples,Danone,Danone S.A.,Public Conglomerate,Euronext: BN / OTC: DANOY,True,"Product of Horizon Organic, owned by Danone. America's first national organic dairy brand, formerly WhiteWave; held by French multinational Danone (recently partnered with private equity Platinum Equity).",86.0,"Organic Valley (1,600+ Family Farm Cooperative) / Maple Hill 100% Grassfed"
horizon-organic-lowfat-chocolate-milk-boxes,Horizon Organic Lowfat Chocolate Milk Boxes,product,Food & Grocery Staples,Danone,Danone S.A.,Public Conglomerate,Euronext: BN / OTC: DANOY,True,"Product of Horizon Organic, owned by Danone. America's first national organic dairy brand, formerly WhiteWave; held by French multinational Danone (recently partnered with private equity Platinum Equity).",86.0,"Organic Valley (1,600+ Family Farm Cooperative) / Maple Hill 100% Grassfed"
horizon-organic-organic-mozzarella-string-cheese,Horizon Organic Organic Mozzarella String Cheese,product,Food & Grocery Staples,Danone,Danone S.A.,Public Conglomerate,Euronext: BN / OTC: DANOY,True,"Product of Horizon Organic, owned by Danone. America's first national organic dairy brand, formerly WhiteWave; held by French multinational Danone (recently partnered with private equity Platinum Equity).",86.0,"Organic Valley (1,600+ Family Farm Cooperative) / Maple Hill 100% Grassfed"
horizon-organic-heavy-whipping-cream,Horizon Organic Heavy Whipping Cream,product,Food & Grocery Staples,Danone,Danone S.A.,Public Conglomerate,Euronext: BN / OTC: DANOY,True,"Product of Horizon Organic, owned by Danone. America's first national organic dairy brand, formerly WhiteWave; held by French multinational Danone (recently partnered with private equity Platinum Equity).",86.0,"Organic Valley (1,600+ Family Farm Cooperative) / Maple Hill 100% Grassfed"
silk,Silk,brand,Food & Grocery Staples,Danone,Danone S.A.,Public Conglomerate,Euronext: BN / OTC: DANOY,True,"Originally Boulder, CO soy pioneer; swallowed into WhiteWave and acquired by dairy giant Danone for $12.5 Billion in 2017.",86.0,"Malk Organics (Clean, Gum-Free) / Homemade Oat Milk / Local Co-op Plant Milks"
silk-pure-almond-original-almondmilk,Silk Pure Almond Original Almondmilk,product,Food & Grocery Staples,Danone,Danone S.A.,Public Conglomerate,Euronext: BN / OTC: DANOY,True,"Product of Silk, owned by Danone. Originally Boulder, CO soy pioneer; swallowed into WhiteWave and acquired by dairy giant Danone for $12.5 Billion in 2017.",86.0,"Malk Organics (Clean, Gum-Free) / Homemade Oat Milk / Local Co-op Plant Milks"
silk-organic-unsweetened-soymilk,Silk Organic Unsweetened Soymilk,product,Food & Grocery Staples,Danone,Danone S.A.,Public Conglomerate,Euronext: BN / OTC: DANOY,True,"Product of Silk, owned by Danone. Originally Boulder, CO soy pioneer; swallowed into WhiteWave and acquired by dairy giant Danone for $12.5 Billion in 2017.",86.0,"Malk Organics (Clean, Gum-Free) / Homemade Oat Milk / Local Co-op Plant Milks"
silk-dairy-free-vanilla-almond-creamer,Silk Dairy Free Vanilla Almond Creamer,product,Food & Grocery Staples,Danone,Danone S.A.,Public Conglomerate,Euronext: BN / OTC: DANOY,True,"Product of Silk, owned by Danone. Originally Boulder, CO soy pioneer; swallowed into WhiteWave and acquired by dairy giant Danone for $12.5 Billion in 2017.",86.0,"Malk Organics (Clean, Gum-Free) / Homemade Oat Milk / Local Co-op Plant Milks"
silk-original-coconutmilk,Silk Original Coconutmilk,product,Food & Grocery Staples,Danone,Danone S.A.,Public Conglomerate,Euronext: BN / OTC: DANOY,True,"Product of Silk, owned by Danone. Originally Boulder, CO soy pioneer; swallowed into WhiteWave and acquired by dairy giant Danone for $12.5 Billion in 2017.",86.0,"Malk Organics (Clean, Gum-Free) / Homemade Oat Milk / Local Co-op Plant Milks"
stok-cold-brew,SToK Cold Brew,brand,Food & Grocery Staples,Danone,Danone S.A.,Public Conglomerate,Euronext: BN / OTC: DANOY,True,"Hipster-aesthetic, black-bottle cold brew coffee brand engineered and produced by multinational dairy conglomerate Danone.",86.0,Equal Exchange Organic Cold Brew / Local Specialty Roaster Growlers
stok-cold-brew-black-unsweetened-coffee,SToK Cold Brew Black Unsweetened Coffee,product,Food & Grocery Staples,Danone,Danone S.A.,Public Conglomerate,Euronext: BN / OTC: DANOY,True,"Product of SToK Cold Brew, owned by Danone. Hipster-aesthetic, black-bottle cold brew coffee brand engineered and produced by multinational dairy conglomerate Danone.",86.0,Equal Exchange Organic Cold Brew / Local Specialty Roaster Growlers
stok-cold-brew-not-too-sweet-coffee,SToK Cold Brew Not Too Sweet Coffee,product,Food & Grocery Staples,Danone,Danone S.A.,Public Conglomerate,Euronext: BN / OTC: DANOY,True,"Product of SToK Cold Brew, owned by Danone. Hipster-aesthetic, black-bottle cold brew coffee brand engineered and produced by multinational dairy conglomerate Danone.",86.0,Equal Exchange Organic Cold Brew / Local Specialty Roaster Growlers
stok-cold-brew-extra-bold-espresso-coffee,SToK Cold Brew Extra Bold Espresso Coffee,product,Food & Grocery Staples,Danone,Danone S.A.,Public Conglomerate,Euronext: BN / OTC: DANOY,True,"Product of SToK Cold Brew, owned by Danone. Hipster-aesthetic, black-bottle cold brew coffee brand engineered and produced by multinational dairy conglomerate Danone.",86.0,Equal Exchange Organic Cold Brew / Local Specialty Roaster Growlers
kind-snacks,Kind Snacks,brand,Food & Grocery Staples,"Mars, Inc.","Mars, Incorporated",Private Family Conglomerate (Mars Family),Private,True,"Built around Daniel Lubetzky's 'Kind Movement' and transparent plastic wrappers; candy and pet care conglomerate Mars, Inc. took full ownership in 2020 for ~$5 Billion.",95.0,Equal Exchange Organic Nuts / That's It Bars / Homemade Granola
kind-bar-dark-chocolate-nuts-sea-salt,Kind Bar Dark Chocolate Nuts & Sea Salt,product,Food & Grocery Staples,"Mars, Inc.","Mars, Incorporated",Private Family Conglomerate (Mars Family),Private,True,"Product of Kind Snacks, owned by Mars, Inc.. Built around Daniel Lubetzky's 'Kind Movement' and transparent plastic wrappers; candy and pet care conglomerate Mars, Inc. took full ownership in 2020 for ~$5 Billion.",95.0,Equal Exchange Organic Nuts / That's It Bars / Homemade Granola
kind-bar-caramel-almond-sea-salt,Kind Bar Caramel Almond & Sea Salt,product,Food & Grocery Staples,"Mars, Inc.","Mars, Incorporated",Private Family Conglomerate (Mars Family),Private,True,"Product of Kind Snacks, owned by Mars, Inc.. Built around Daniel Lubetzky's 'Kind Movement' and transparent plastic wrappers; candy and pet care conglomerate Mars, Inc. took full ownership in 2020 for ~$5 Billion.",95.0,Equal Exchange Organic Nuts / That's It Bars / Homemade Granola
kind-healthy-grains-oats-honey-with-toasted-coconut-granola,Kind Healthy Grains Oats & Honey with Toasted Coconut Granola,product,Food & Grocery Staples,"Mars, Inc.","Mars, Incorporated",Private Family Conglomerate (Mars Family),Private,True,"Product of Kind Snacks, owned by Mars, Inc.. Built around Daniel Lubetzky's 'Kind Movement' and transparent plastic wrappers; candy and pet care conglomerate Mars, Inc. took full ownership in 2020 for ~$5 Billion.",95.0,Equal Exchange Organic Nuts / That's It Bars / Homemade Granola
kind-minis-variety-pack-snack-bars,Kind Minis Variety Pack Snack Bars,product,Food & Grocery Staples,"Mars, Inc.","Mars, Incorporated",Private Family Conglomerate (Mars Family),Private,True,"Product of Kind Snacks, owned by Mars, Inc.. Built around Daniel Lubetzky's 'Kind Movement' and transparent plastic wrappers; candy and pet care conglomerate Mars, Inc. took full ownership in 2020 for ~$5 Billion.",95.0,Equal Exchange Organic Nuts / That's It Bars / Homemade Granola
natures-bakery,Nature's Bakery,brand,Food & Grocery Staples,"Mars, Inc.","Mars, Incorporated",Private Family Conglomerate (Mars Family),Private,True,"Reno-based family fig bar maker acquired by Mars, Inc. in 2020 to bolster its healthy snacking corporate portfolio.",95.0,Newman's Own Fig Newmans / Local Co-op Bakery Fig Rolls
natures-bakery-whole-wheat-fig-bars-real-blueberry,Nature's Bakery Whole Wheat Fig Bars Real Blueberry,product,Food & Grocery Staples,"Mars, Inc.","Mars, Incorporated",Private Family Conglomerate (Mars Family),Private,True,"Product of Nature's Bakery, owned by Mars, Inc.. Reno-based family fig bar maker acquired by Mars, Inc. in 2020 to bolster its healthy snacking corporate portfolio.",95.0,Newman's Own Fig Newmans / Local Co-op Bakery Fig Rolls
natures-bakery-whole-wheat-fig-bars-raspberry,Nature's Bakery Whole Wheat Fig Bars Raspberry,product,Food & Grocery Staples,"Mars, Inc.","Mars, Incorporated",Private Family Conglomerate (Mars Family),Private,True,"Product of Nature's Bakery, owned by Mars, Inc.. Reno-based family fig bar maker acquired by Mars, Inc. in 2020 to bolster its healthy snacking corporate portfolio.",95.0,Newman's Own Fig Newmans / Local Co-op Bakery Fig Rolls
natures-bakery-gluten-free-fig-bars-pomegranate,Nature's Bakery Gluten Free Fig Bars Pomegranate,product,Food & Grocery Staples,"Mars, Inc.","Mars, Incorporated",Private Family Conglomerate (Mars Family),Private,True,"Product of Nature's Bakery, owned by Mars, Inc.. Reno-based family fig bar maker acquired by Mars, Inc. in 2020 to bolster its healthy snacking corporate portfolio.",95.0,Newman's Own Fig Newmans / Local Co-op Bakery Fig Rolls
banfield-pet-hospital,Banfield Pet Hospital,brand,Pet Food & Veterinary Care,"Mars, Inc.","Mars, Incorporated",Private Family Conglomerate (Mars Family),Private,True,"Found inside 1,000+ PetSmart stores nationwide; fully owned by candy giant Mars, Inc. High-pressure corporate upsells and monthly 'wellness plan' lock-ins.",95.0,Independent Local Veterinary Practices / Nonprofit Community Animal Clinics
banfield-optimum-wellness-plan-monthly-dog-subscription,Banfield Optimum Wellness Plan Monthly Dog Subscription,product,Pet Food & Veterinary Care,"Mars, Inc.","Mars, Incorporated",Private Family Conglomerate (Mars Family),Private,True,"Product of Banfield Pet Hospital, owned by Mars, Inc.. Found inside 1,000+ PetSmart stores nationwide; fully owned by candy giant Mars, Inc. High-pressure corporate upsells and monthly 'wellness plan' lock-ins.",95.0,Independent Local Veterinary Practices / Nonprofit Community Animal Clinics
banfield-comprehensive-physical-exam-vaccine-protocol,Banfield Comprehensive Physical Exam & Vaccine Protocol,product,Pet Food & Veterinary Care,"Mars, Inc.","Mars, Incorporated",Private Family Conglomerate (Mars Family),Private,True,"Product of Banfield Pet Hospital, owned by Mars, Inc.. Found inside 1,000+ PetSmart stores nationwide; fully owned by candy giant Mars, Inc. High-pressure corporate upsells and monthly 'wellness plan' lock-ins.",95.0,Independent Local Veterinary Practices / Nonprofit Community Animal Clinics
banfield-canine-dental-cleaning-package,Banfield Canine Dental Cleaning Package,product,Pet Food & Veterinary Care,"Mars, Inc.","Mars, Incorporated",Private Family Conglomerate (Mars Family),Private,True,"Product of Banfield Pet Hospital, owned by Mars, Inc.. Found inside 1,000+ PetSmart stores nationwide; fully owned by candy giant Mars, Inc. High-pressure corporate upsells and monthly 'wellness plan' lock-ins.",95.0,Independent Local Veterinary Practices / Nonprofit Community Animal Clinics
vca-animal-hospitals,VCA Animal Hospitals,brand,Pet Food & Veterinary Care,"Mars, Inc.","Mars, Incorporated",Private Family Conglomerate (Mars Family),Private,True,"Operates over 1,000 veterinary hospitals across North America; bought by Mars, Inc. in 2017 for $9.1 Billion, establishing a near-monopoly on pet healthcare.",95.0,Independent Local Family-Owned Veterinary Hospitals / AAHA Independent Clinics
vca-careclub-comprehensive-wellness-plan,VCA CareClub Comprehensive Wellness Plan,product,Pet Food & Veterinary Care,"Mars, Inc.","Mars, Incorporated",Private Family Conglomerate (Mars Family),Private,True,"Product of VCA Animal Hospitals, owned by Mars, Inc.. Operates over 1,000 veterinary hospitals across North America; bought by Mars, Inc. in 2017 for $9.1 Billion, establishing a near-monopoly on pet healthcare.",95.0,Independent Local Family-Owned Veterinary Hospitals / AAHA Independent Clinics
vca-veterinary-emergency-consultation-triage,VCA Veterinary Emergency Consultation & Triage,product,Pet Food & Veterinary Care,"Mars, Inc.","Mars, Incorporated",Private Family Conglomerate (Mars Family),Private,True,"Product of VCA Animal Hospitals, owned by Mars, Inc.. Operates over 1,000 veterinary hospitals across North America; bought by Mars, Inc. in 2017 for $9.1 Billion, establishing a near-monopoly on pet healthcare.",95.0,Independent Local Family-Owned Veterinary Hospitals / AAHA Independent Clinics
vca-specialty-surgical-ultrasound-diagnostics,VCA Specialty Surgical & Ultrasound Diagnostics,product,Pet Food & Veterinary Care,"Mars, Inc.","Mars, Incorporated",Private Family Conglomerate (Mars Family),Private,True,"Product of VCA Animal Hospitals, owned by Mars, Inc.. Operates over 1,000 veterinary hospitals across North America; bought by Mars, Inc. in 2017 for $9.1 Billion, establishing a near-monopoly on pet healthcare.",95.0,Independent Local Family-Owned Veterinary Hospitals / AAHA Independent Clinics
bluepearl-pet-hospital,BluePearl Pet Hospital,brand,Pet Food & Veterinary Care,"Mars, Inc.","Mars, Incorporated",Private Family Conglomerate (Mars Family),Private,True,"Network of over 100 emergency and specialty referral veterinary hospitals owned by Mars Petcare (Mars, Inc.).",95.0,University Veterinary Teaching Hospitals / Independent Emergency Clinics
bluepearl-247-specialty-veterinary-emergency-care,BluePearl 24/7 Specialty Veterinary Emergency Care,product,Pet Food & Veterinary Care,"Mars, Inc.","Mars, Incorporated",Private Family Conglomerate (Mars Family),Private,True,"Product of BluePearl Pet Hospital, owned by Mars, Inc.. Network of over 100 emergency and specialty referral veterinary hospitals owned by Mars Petcare (Mars, Inc.).",95.0,University Veterinary Teaching Hospitals / Independent Emergency Clinics
bluepearl-oncology-chemotherapy-consultation,BluePearl Oncology & Chemotherapy Consultation,product,Pet Food & Veterinary Care,"Mars, Inc.","Mars, Incorporated",Private Family Conglomerate (Mars Family),Private,True,"Product of BluePearl Pet Hospital, owned by Mars, Inc.. Network of over 100 emergency and specialty referral veterinary hospitals owned by Mars Petcare (Mars, Inc.).",95.0,University Veterinary Teaching Hospitals / Independent Emergency Clinics
clif-bar,Clif Bar,brand,Food & Grocery Staples,Mondelez International,"Mondelez International, Inc.",Public Conglomerate,NASDAQ: MDLZ,True,Founder Gary Erickson famously turned down a $120M buyout in 2000 to keep it independent; company finally sold out to Oreo maker Mondelez in 2022 for $2.9 Billion.,90.0,Skratch Labs / Homemade Energy Bars / Equal Exchange Organic Bars
clif-bar-energy-bar-chocolate-chip,Clif Bar Energy Bar Chocolate Chip,product,Food & Grocery Staples,Mondelez International,"Mondelez International, Inc.",Public Conglomerate,NASDAQ: MDLZ,True,"Product of Clif Bar, owned by Mondelez International. Founder Gary Erickson famously turned down a $120M buyout in 2000 to keep it independent; company finally sold out to Oreo maker Mondelez in 2022 for $2.9 Billion.",90.0,Skratch Labs / Homemade Energy Bars / Equal Exchange Organic Bars
clif-bar-crunchy-peanut-butter-energy-bar,Clif Bar Crunchy Peanut Butter Energy Bar,product,Food & Grocery Staples,Mondelez International,"Mondelez International, Inc.",Public Conglomerate,NASDAQ: MDLZ,True,"Product of Clif Bar, owned by Mondelez International. Founder Gary Erickson famously turned down a $120M buyout in 2000 to keep it independent; company finally sold out to Oreo maker Mondelez in 2022 for $2.9 Billion.",90.0,Skratch Labs / Homemade Energy Bars / Equal Exchange Organic Bars
clif-bar-white-chocolate-macadamia-nut,Clif Bar White Chocolate Macadamia Nut,product,Food & Grocery Staples,Mondelez International,"Mondelez International, Inc.",Public Conglomerate,NASDAQ: MDLZ,True,"Product of Clif Bar, owned by Mondelez International. Founder Gary Erickson famously turned down a $120M buyout in 2000 to keep it independent; company finally sold out to Oreo maker Mondelez in 2022 for $2.9 Billion.",90.0,Skratch Labs / Homemade Energy Bars / Equal Exchange Organic Bars
clif-builders-protein-bar-chocolate-mint,Clif Builders Protein Bar Chocolate Mint,product,Food & Grocery Staples,Mondelez International,"Mondelez International, Inc.",Public Conglomerate,NASDAQ: MDLZ,True,"Product of Clif Bar, owned by Mondelez International. Founder Gary Erickson famously turned down a $120M buyout in 2000 to keep it independent; company finally sold out to Oreo maker Mondelez in 2022 for $2.9 Billion.",90.0,Skratch Labs / Homemade Energy Bars / Equal Exchange Organic Bars
tates-bake-shop,Tate's Bake Shop,brand,Food & Grocery Staples,Mondelez International,"Mondelez International, Inc.",Public Conglomerate,NASDAQ: MDLZ,True,"Marketed as a small-batch, quaint Southampton bakery in green craft-paper bags; bought out by Oreo giant Mondelez in 2018 for $500M.",90.0,Local Independent Bakeries / King Arthur Flour Homemade Cookies
tates-bake-shop-crispy-chocolate-chip-cookies,Tate's Bake Shop Crispy Chocolate Chip Cookies,product,Food & Grocery Staples,Mondelez International,"Mondelez International, Inc.",Public Conglomerate,NASDAQ: MDLZ,True,"Product of Tate's Bake Shop, owned by Mondelez International. Marketed as a small-batch, quaint Southampton bakery in green craft-paper bags; bought out by Oreo giant Mondelez in 2018 for $500M.",90.0,Local Independent Bakeries / King Arthur Flour Homemade Cookies
tates-bake-shop-gluten-free-chocolate-chip-cookies,Tate's Bake Shop Gluten Free Chocolate Chip Cookies,product,Food & Grocery Staples,Mondelez International,"Mondelez International, Inc.",Public Conglomerate,NASDAQ: MDLZ,True,"Product of Tate's Bake Shop, owned by Mondelez International. Marketed as a small-batch, quaint Southampton bakery in green craft-paper bags; bought out by Oreo giant Mondelez in 2018 for $500M.",90.0,Local Independent Bakeries / King Arthur Flour Homemade Cookies
tates-bake-shop-butter-crunch-cookies,Tate's Bake Shop Butter Crunch Cookies,product,Food & Grocery Staples,Mondelez International,"Mondelez International, Inc.",Public Conglomerate,NASDAQ: MDLZ,True,"Product of Tate's Bake Shop, owned by Mondelez International. Marketed as a small-batch, quaint Southampton bakery in green craft-paper bags; bought out by Oreo giant Mondelez in 2018 for $500M.",90.0,Local Independent Bakeries / King Arthur Flour Homemade Cookies
perfect-snacks-perfect-bar,Perfect Snacks (Perfect Bar),brand,Food & Grocery Staples,Mondelez International,"Mondelez International, Inc.",Public Conglomerate,NASDAQ: MDLZ,True,Pioneered refrigerated protein bars founded by a large family in San Diego; acquired by global snack conglomerate Mondelez in 2019.,90.0,Homemade Peanut Butter Protein Balls / Local Co-op Fresh Snack Bars
perfect-bar-original-refrigerated-protein-bar-dark-chocolate-chip-peanut-butter,Perfect Bar Original Refrigerated Protein Bar Dark Chocolate Chip Peanut Butter,product,Food & Grocery Staples,Mondelez International,"Mondelez International, Inc.",Public Conglomerate,NASDAQ: MDLZ,True,"Product of Perfect Snacks (Perfect Bar), owned by Mondelez International. Pioneered refrigerated protein bars founded by a large family in San Diego; acquired by global snack conglomerate Mondelez in 2019.",90.0,Homemade Peanut Butter Protein Balls / Local Co-op Fresh Snack Bars
perfect-bar-coconut-peanut-butter,Perfect Bar Coconut Peanut Butter,product,Food & Grocery Staples,Mondelez International,"Mondelez International, Inc.",Public Conglomerate,NASDAQ: MDLZ,True,"Product of Perfect Snacks (Perfect Bar), owned by Mondelez International. Pioneered refrigerated protein bars founded by a large family in San Diego; acquired by global snack conglomerate Mondelez in 2019.",90.0,Homemade Peanut Butter Protein Balls / Local Co-op Fresh Snack Bars
perfect-bar-snack-size-minis-peanut-butter,Perfect Bar Snack Size Minis Peanut Butter,product,Food & Grocery Staples,Mondelez International,"Mondelez International, Inc.",Public Conglomerate,NASDAQ: MDLZ,True,"Product of Perfect Snacks (Perfect Bar), owned by Mondelez International. Pioneered refrigerated protein bars founded by a large family in San Diego; acquired by global snack conglomerate Mondelez in 2019.",90.0,Homemade Peanut Butter Protein Balls / Local Co-op Fresh Snack Bars
goose-island-brewing,Goose Island Brewing,brand,"Beer, Wine & Spirits",Anheuser-Busch InBev,Anheuser-Busch InBev SA/NV,Public Mega-Brewer (3G Capital Influence),Euronext: ABI / NYSE: BUD,True,Chicago craft brewing institution; bought by AB InBev in 2011 for $38.8M to pioneer the corporate takeover of craft beer tap lines.,94.0,Half Acre Beer Company / Revolution Brewing / Local Independent Craft Microbreweries
goose-island-ipa-india-pale-ale-6-pack,Goose Island IPA India Pale Ale 6-Pack,product,"Beer, Wine & Spirits",Anheuser-Busch InBev,Anheuser-Busch InBev SA/NV,Public Mega-Brewer (3G Capital Influence),Euronext: ABI / NYSE: BUD,True,"Product of Goose Island Brewing, owned by Anheuser-Busch InBev. Chicago craft brewing institution; bought by AB InBev in 2011 for $38.8M to pioneer the corporate takeover of craft beer tap lines.",94.0,Half Acre Beer Company / Revolution Brewing / Local Independent Craft Microbreweries
goose-island-312-urban-wheat-ale,Goose Island 312 Urban Wheat Ale,product,"Beer, Wine & Spirits",Anheuser-Busch InBev,Anheuser-Busch InBev SA/NV,Public Mega-Brewer (3G Capital Influence),Euronext: ABI / NYSE: BUD,True,"Product of Goose Island Brewing, owned by Anheuser-Busch InBev. Chicago craft brewing institution; bought by AB InBev in 2011 for $38.8M to pioneer the corporate takeover of craft beer tap lines.",94.0,Half Acre Beer Company / Revolution Brewing / Local Independent Craft Microbreweries
goose-island-bourbon-county-stout-vintage,Goose Island Bourbon County Stout Vintage,product,"Beer, Wine & Spirits",Anheuser-Busch InBev,Anheuser-Busch InBev SA/NV,Public Mega-Brewer (3G Capital Influence),Euronext: ABI / NYSE: BUD,True,"Product of Goose Island Brewing, owned by Anheuser-Busch InBev. Chicago craft brewing institution; bought by AB InBev in 2011 for $38.8M to pioneer the corporate takeover of craft beer tap lines.",94.0,Half Acre Beer Company / Revolution Brewing / Local Independent Craft Microbreweries
elysian-brewing,Elysian Brewing,brand,"Beer, Wine & Spirits",Anheuser-Busch InBev,Anheuser-Busch InBev SA/NV,Public Mega-Brewer (3G Capital Influence),Euronext: ABI / NYSE: BUD,True,Seattle craft darling renowned for pumpkin beer; acquired by Budweiser parent AB InBev in 2015 sparking Pacific Northwest boycotts.,94.0,Georgetown Brewing / Fremont Brewing / Local Washington Independent Brewers
elysian-space-dust-ipa-6-pack-cans,Elysian Space Dust IPA 6-Pack Cans,product,"Beer, Wine & Spirits",Anheuser-Busch InBev,Anheuser-Busch InBev SA/NV,Public Mega-Brewer (3G Capital Influence),Euronext: ABI / NYSE: BUD,True,"Product of Elysian Brewing, owned by Anheuser-Busch InBev. Seattle craft darling renowned for pumpkin beer; acquired by Budweiser parent AB InBev in 2015 sparking Pacific Northwest boycotts.",94.0,Georgetown Brewing / Fremont Brewing / Local Washington Independent Brewers
elysian-contact-haze-hazy-ipa,Elysian Contact Haze Hazy IPA,product,"Beer, Wine & Spirits",Anheuser-Busch InBev,Anheuser-Busch InBev SA/NV,Public Mega-Brewer (3G Capital Influence),Euronext: ABI / NYSE: BUD,True,"Product of Elysian Brewing, owned by Anheuser-Busch InBev. Seattle craft darling renowned for pumpkin beer; acquired by Budweiser parent AB InBev in 2015 sparking Pacific Northwest boycotts.",94.0,Georgetown Brewing / Fremont Brewing / Local Washington Independent Brewers
elysian-night-owl-pumpkin-ale,Elysian Night Owl Pumpkin Ale,product,"Beer, Wine & Spirits",Anheuser-Busch InBev,Anheuser-Busch InBev SA/NV,Public Mega-Brewer (3G Capital Influence),Euronext: ABI / NYSE: BUD,True,"Product of Elysian Brewing, owned by Anheuser-Busch InBev. Seattle craft darling renowned for pumpkin beer; acquired by Budweiser parent AB InBev in 2015 sparking Pacific Northwest boycotts.",94.0,Georgetown Brewing / Fremont Brewing / Local Washington Independent Brewers
wicked-weed-brewing,Wicked Weed Brewing,brand,"Beer, Wine & Spirits",Anheuser-Busch InBev,Anheuser-Busch InBev SA/NV,Public Mega-Brewer (3G Capital Influence),Euronext: ABI / NYSE: BUD,True,"Asheville sour and farmhouse ale favorite; acquired by AB InBev in 2017, prompting dozens of independent craft breweries to pull out of their sour beer festival.",94.0,Burial Beer Co. / Allagash Brewing Company (Certified B Corp) / Sierra Nevada
wicked-weed-pernicious-ipa-6-pack-cans,Wicked Weed Pernicious IPA 6-Pack Cans,product,"Beer, Wine & Spirits",Anheuser-Busch InBev,Anheuser-Busch InBev SA/NV,Public Mega-Brewer (3G Capital Influence),Euronext: ABI / NYSE: BUD,True,"Product of Wicked Weed Brewing, owned by Anheuser-Busch InBev. Asheville sour and farmhouse ale favorite; acquired by AB InBev in 2017, prompting dozens of independent craft breweries to pull out of their sour beer festival.",94.0,Burial Beer Co. / Allagash Brewing Company (Certified B Corp) / Sierra Nevada
wicked-weed-freak-of-nature-double-ipa,Wicked Weed Freak of Nature Double IPA,product,"Beer, Wine & Spirits",Anheuser-Busch InBev,Anheuser-Busch InBev SA/NV,Public Mega-Brewer (3G Capital Influence),Euronext: ABI / NYSE: BUD,True,"Product of Wicked Weed Brewing, owned by Anheuser-Busch InBev. Asheville sour and farmhouse ale favorite; acquired by AB InBev in 2017, prompting dozens of independent craft breweries to pull out of their sour beer festival.",94.0,Burial Beer Co. / Allagash Brewing Company (Certified B Corp) / Sierra Nevada
wicked-weed-medora-blackberry-sour-ale,Wicked Weed Medora Blackberry Sour Ale,product,"Beer, Wine & Spirits",Anheuser-Busch InBev,Anheuser-Busch InBev SA/NV,Public Mega-Brewer (3G Capital Influence),Euronext: ABI / NYSE: BUD,True,"Product of Wicked Weed Brewing, owned by Anheuser-Busch InBev. Asheville sour and farmhouse ale favorite; acquired by AB InBev in 2017, prompting dozens of independent craft breweries to pull out of their sour beer festival.",94.0,Burial Beer Co. / Allagash Brewing Company (Certified B Corp) / Sierra Nevada
golden-road-brewing,Golden Road Brewing,brand,"Beer, Wine & Spirits",Anheuser-Busch InBev,Anheuser-Busch InBev SA/NV,Public Mega-Brewer (3G Capital Influence),Euronext: ABI / NYSE: BUD,True,Los Angeles craft beer brand acquired by AB InBev in 2015 to secure supermarket tap handles and stadium distribution.,94.0,Smog City Brewing / Highland Park Brewery / Local California Microbreweries
golden-road-mango-cart-wheat-ale-6-pack-cans,Golden Road Mango Cart Wheat Ale 6-Pack Cans,product,"Beer, Wine & Spirits",Anheuser-Busch InBev,Anheuser-Busch InBev SA/NV,Public Mega-Brewer (3G Capital Influence),Euronext: ABI / NYSE: BUD,True,"Product of Golden Road Brewing, owned by Anheuser-Busch InBev. Los Angeles craft beer brand acquired by AB InBev in 2015 to secure supermarket tap handles and stadium distribution.",94.0,Smog City Brewing / Highland Park Brewery / Local California Microbreweries
golden-road-wolf-pup-session-ipa,Golden Road Wolf Pup Session IPA,product,"Beer, Wine & Spirits",Anheuser-Busch InBev,Anheuser-Busch InBev SA/NV,Public Mega-Brewer (3G Capital Influence),Euronext: ABI / NYSE: BUD,True,"Product of Golden Road Brewing, owned by Anheuser-Busch InBev. Los Angeles craft beer brand acquired by AB InBev in 2015 to secure supermarket tap handles and stadium distribution.",94.0,Smog City Brewing / Highland Park Brewery / Local California Microbreweries
blue-moon-brewing,Blue Moon Brewing,brand,"Beer, Wine & Spirits",Molson Coors,Molson Coors Beverage Company,Public Conglomerate,NYSE: TAP,True,Invented inside Coors Field in 1995; marketed for decades without Coors branding to deceive drinkers into believing it is an imported Belgian craft witbier.,90.0,Allagash White (Certified B Corp & 100% Independent) / Unibroue Blanche de Chambly
blue-moon-belgian-white-wheat-ale-6-pack-bottles,Blue Moon Belgian White Wheat Ale 6-Pack Bottles,product,"Beer, Wine & Spirits",Molson Coors,Molson Coors Beverage Company,Public Conglomerate,NYSE: TAP,True,"Product of Blue Moon Brewing, owned by Molson Coors. Invented inside Coors Field in 1995; marketed for decades without Coors branding to deceive drinkers into believing it is an imported Belgian craft witbier.",90.0,Allagash White (Certified B Corp & 100% Independent) / Unibroue Blanche de Chambly
blue-moon-lightsky-citrus-wheat-cans,Blue Moon LightSky Citrus Wheat Cans,product,"Beer, Wine & Spirits",Molson Coors,Molson Coors Beverage Company,Public Conglomerate,NYSE: TAP,True,"Product of Blue Moon Brewing, owned by Molson Coors. Invented inside Coors Field in 1995; marketed for decades without Coors branding to deceive drinkers into believing it is an imported Belgian craft witbier.",90.0,Allagash White (Certified B Corp & 100% Independent) / Unibroue Blanche de Chambly
blue-moon-moon-haze-hazy-ipa,Blue Moon Moon Haze Hazy IPA,product,"Beer, Wine & Spirits",Molson Coors,Molson Coors Beverage Company,Public Conglomerate,NYSE: TAP,True,"Product of Blue Moon Brewing, owned by Molson Coors. Invented inside Coors Field in 1995; marketed for decades without Coors branding to deceive drinkers into believing it is an imported Belgian craft witbier.",90.0,Allagash White (Certified B Corp & 100% Independent) / Unibroue Blanche de Chambly
terrapin-beer-co,Terrapin Beer Co.,brand,"Beer, Wine & Spirits",Molson Coors,Molson Coors Beverage Company,Public Conglomerate,NYSE: TAP,True,"Athens, Georgia craft brewery; acquired in full by Molson Coors in 2016 through its craft division Tenth and Blake.",90.0,Creature Comforts Brewing / SweetWater Brewing / Local Southern Independent Breweries
terrapin-hopsecutioner-ipa-6-pack-cans,Terrapin Hopsecutioner IPA 6-Pack Cans,product,"Beer, Wine & Spirits",Molson Coors,Molson Coors Beverage Company,Public Conglomerate,NYSE: TAP,True,"Product of Terrapin Beer Co., owned by Molson Coors. Athens, Georgia craft brewery; acquired in full by Molson Coors in 2016 through its craft division Tenth and Blake.",90.0,Creature Comforts Brewing / SweetWater Brewing / Local Southern Independent Breweries
terrapin-luau-krunkles-passion-orange-guava-ipa,Terrapin Luau Krunkles Passion Orange Guava IPA,product,"Beer, Wine & Spirits",Molson Coors,Molson Coors Beverage Company,Public Conglomerate,NYSE: TAP,True,"Product of Terrapin Beer Co., owned by Molson Coors. Athens, Georgia craft brewery; acquired in full by Molson Coors in 2016 through its craft division Tenth and Blake.",90.0,Creature Comforts Brewing / SweetWater Brewing / Local Southern Independent Breweries
lagunitas-brewing-company,Lagunitas Brewing Company,brand,"Beer, Wine & Spirits",Heineken N.V.,Heineken N.V.,Public Conglomerate (Heineken Holding),Euronext: HEIA,True,Counter-culture Petaluma brewing icon; founder Tony Magee sold 50% in 2015 and the remaining 50% in 2017 to Dutch multinational Heineken N.V.,89.0,Bear Republic Brewing / Russian River Brewing Company / Sierra Nevada Brewing
lagunitas-ipa-india-pale-ale-6-pack-bottles,Lagunitas IPA India Pale Ale 6-Pack Bottles,product,"Beer, Wine & Spirits",Heineken N.V.,Heineken N.V.,Public Conglomerate (Heineken Holding),Euronext: HEIA,True,"Product of Lagunitas Brewing Company, owned by Heineken N.V.. Counter-culture Petaluma brewing icon; founder Tony Magee sold 50% in 2015 and the remaining 50% in 2017 to Dutch multinational Heineken N.V.",89.0,Bear Republic Brewing / Russian River Brewing Company / Sierra Nevada Brewing
lagunitas-a-little-sumpin-sumpin-ale,Lagunitas A Little Sumpin' Sumpin' Ale,product,"Beer, Wine & Spirits",Heineken N.V.,Heineken N.V.,Public Conglomerate (Heineken Holding),Euronext: HEIA,True,"Product of Lagunitas Brewing Company, owned by Heineken N.V.. Counter-culture Petaluma brewing icon; founder Tony Magee sold 50% in 2015 and the remaining 50% in 2017 to Dutch multinational Heineken N.V.",89.0,Bear Republic Brewing / Russian River Brewing Company / Sierra Nevada Brewing
lagunitas-daytime-low-calorie-ipa-cans,Lagunitas Daytime Low Calorie IPA Cans,product,"Beer, Wine & Spirits",Heineken N.V.,Heineken N.V.,Public Conglomerate (Heineken Holding),Euronext: HEIA,True,"Product of Lagunitas Brewing Company, owned by Heineken N.V.. Counter-culture Petaluma brewing icon; founder Tony Magee sold 50% in 2015 and the remaining 50% in 2017 to Dutch multinational Heineken N.V.",89.0,Bear Republic Brewing / Russian River Brewing Company / Sierra Nevada Brewing
lagunitas-ipna-non-alcoholic-ipa,Lagunitas IPNA Non-Alcoholic IPA,product,"Beer, Wine & Spirits",Heineken N.V.,Heineken N.V.,Public Conglomerate (Heineken Holding),Euronext: HEIA,True,"Product of Lagunitas Brewing Company, owned by Heineken N.V.. Counter-culture Petaluma brewing icon; founder Tony Magee sold 50% in 2015 and the remaining 50% in 2017 to Dutch multinational Heineken N.V.",89.0,Bear Republic Brewing / Russian River Brewing Company / Sierra Nevada Brewing
ray-ban,Ray-Ban,brand,"Apparel, Footwear & Accessories",EssilorLuxottica,EssilorLuxottica S.A.,Global Optical Monopoly,Euronext: EL,True,Originally created by Bausch & Lomb; bought by Italian eyewear monopoly Luxottica in 1999. Prices inflated from $30 military surplus into $180-$300 fashion items.,95.0,American Optical (Independent Heritage USA) / Randolph Engineering / Shuron Ltd
ray-ban-classic-wayfarer-polarized-sunglasses,Ray-Ban Classic Wayfarer Polarized Sunglasses,product,"Apparel, Footwear & Accessories",EssilorLuxottica,EssilorLuxottica S.A.,Global Optical Monopoly,Euronext: EL,True,"Product of Ray-Ban, owned by EssilorLuxottica. Originally created by Bausch & Lomb; bought by Italian eyewear monopoly Luxottica in 1999. Prices inflated from $30 military surplus into $180-$300 fashion items.",95.0,American Optical (Independent Heritage USA) / Randolph Engineering / Shuron Ltd
ray-ban-classic-aviator-large-metal-gold-frame-sunglasses,Ray-Ban Classic Aviator Large Metal Gold Frame Sunglasses,product,"Apparel, Footwear & Accessories",EssilorLuxottica,EssilorLuxottica S.A.,Global Optical Monopoly,Euronext: EL,True,"Product of Ray-Ban, owned by EssilorLuxottica. Originally created by Bausch & Lomb; bought by Italian eyewear monopoly Luxottica in 1999. Prices inflated from $30 military surplus into $180-$300 fashion items.",95.0,American Optical (Independent Heritage USA) / Randolph Engineering / Shuron Ltd
ray-ban-clubmaster-classic-browline-sunglasses,Ray-Ban Clubmaster Classic Browline Sunglasses,product,"Apparel, Footwear & Accessories",EssilorLuxottica,EssilorLuxottica S.A.,Global Optical Monopoly,Euronext: EL,True,"Product of Ray-Ban, owned by EssilorLuxottica. Originally created by Bausch & Lomb; bought by Italian eyewear monopoly Luxottica in 1999. Prices inflated from $30 military surplus into $180-$300 fashion items.",95.0,American Optical (Independent Heritage USA) / Randolph Engineering / Shuron Ltd
ray-ban-round-metal-g-15-green-lens-sunglasses,Ray-Ban Round Metal G-15 Green Lens Sunglasses,product,"Apparel, Footwear & Accessories",EssilorLuxottica,EssilorLuxottica S.A.,Global Optical Monopoly,Euronext: EL,True,"Product of Ray-Ban, owned by EssilorLuxottica. Originally created by Bausch & Lomb; bought by Italian eyewear monopoly Luxottica in 1999. Prices inflated from $30 military surplus into $180-$300 fashion items.",95.0,American Optical (Independent Heritage USA) / Randolph Engineering / Shuron Ltd
oakley,Oakley,brand,"Apparel, Footwear & Accessories",EssilorLuxottica,EssilorLuxottica S.A.,Global Optical Monopoly,Euronext: EL,True,"When Oakley resisted Luxottica's retail wholesale terms in the 2000s, Luxottica dropped Oakley from Sunglass Hut; Oakley's stock plunged and Luxottica swallowed it for $2.1B in 2007.",95.0,Roka Sports / Smith Optics / Rudy Project (Independent Performance)
oakley-holbrook-square-sunglasses-matte-black-prizm,Oakley Holbrook Square Sunglasses Matte Black Prizm,product,"Apparel, Footwear & Accessories",EssilorLuxottica,EssilorLuxottica S.A.,Global Optical Monopoly,Euronext: EL,True,"Product of Oakley, owned by EssilorLuxottica. When Oakley resisted Luxottica's retail wholesale terms in the 2000s, Luxottica dropped Oakley from Sunglass Hut; Oakley's stock plunged and Luxottica swallowed it for $2.1B in 2007.",95.0,Roka Sports / Smith Optics / Rudy Project (Independent Performance)
oakley-gascan-rectangular-sunglasses,Oakley Gascan Rectangular Sunglasses,product,"Apparel, Footwear & Accessories",EssilorLuxottica,EssilorLuxottica S.A.,Global Optical Monopoly,Euronext: EL,True,"Product of Oakley, owned by EssilorLuxottica. When Oakley resisted Luxottica's retail wholesale terms in the 2000s, Luxottica dropped Oakley from Sunglass Hut; Oakley's stock plunged and Luxottica swallowed it for $2.1B in 2007.",95.0,Roka Sports / Smith Optics / Rudy Project (Independent Performance)
oakley-radar-ev-path-sport-sunglasses,Oakley Radar EV Path Sport Sunglasses,product,"Apparel, Footwear & Accessories",EssilorLuxottica,EssilorLuxottica S.A.,Global Optical Monopoly,Euronext: EL,True,"Product of Oakley, owned by EssilorLuxottica. When Oakley resisted Luxottica's retail wholesale terms in the 2000s, Luxottica dropped Oakley from Sunglass Hut; Oakley's stock plunged and Luxottica swallowed it for $2.1B in 2007.",95.0,Roka Sports / Smith Optics / Rudy Project (Independent Performance)
oakley-flak-20-xl-sunglasses-prizm-golf,Oakley Flak 2.0 XL Sunglasses Prizm Golf,product,"Apparel, Footwear & Accessories",EssilorLuxottica,EssilorLuxottica S.A.,Global Optical Monopoly,Euronext: EL,True,"Product of Oakley, owned by EssilorLuxottica. When Oakley resisted Luxottica's retail wholesale terms in the 2000s, Luxottica dropped Oakley from Sunglass Hut; Oakley's stock plunged and Luxottica swallowed it for $2.1B in 2007.",95.0,Roka Sports / Smith Optics / Rudy Project (Independent Performance)
lenscrafters,LensCrafters,brand,Retail & Local Services,EssilorLuxottica,EssilorLuxottica S.A.,Global Optical Monopoly,Euronext: EL,True,Largest optical retail chain in the US; owned by Luxottica to control eye exam appointments and funnel patients directly into Luxottica-manufactured frames.,95.0,Independent Local Optometrists & Independent Frame Artisans
lenscrafters-comprehensive-eye-exam-prescription-fitting,LensCrafters Comprehensive Eye Exam & Prescription Fitting,product,Retail & Local Services,EssilorLuxottica,EssilorLuxottica S.A.,Global Optical Monopoly,Euronext: EL,True,"Product of LensCrafters, owned by EssilorLuxottica. Largest optical retail chain in the US; owned by Luxottica to control eye exam appointments and funnel patients directly into Luxottica-manufactured frames.",95.0,Independent Local Optometrists & Independent Frame Artisans
lenscrafters-digital-progressive-lenses-with-anti-reflective-coating,LensCrafters Digital Progressive Lenses with Anti-Reflective Coating,product,Retail & Local Services,EssilorLuxottica,EssilorLuxottica S.A.,Global Optical Monopoly,Euronext: EL,True,"Product of LensCrafters, owned by EssilorLuxottica. Largest optical retail chain in the US; owned by Luxottica to control eye exam appointments and funnel patients directly into Luxottica-manufactured frames.",95.0,Independent Local Optometrists & Independent Frame Artisans
pearle-vision,Pearle Vision,brand,Retail & Local Services,EssilorLuxottica,EssilorLuxottica S.A.,Global Optical Monopoly,Euronext: EL,True,Founded in 1961 by Dr. Stanley Pearle; acquired by Luxottica in 2004 for $540M as part of its retail brick-and-mortar consolidation.,95.0,Local Independent Eye Doctors / Community Health Clinic Optometry
pearle-vision-annual-eye-exam-contact-lens-fitting,Pearle Vision Annual Eye Exam & Contact Lens Fitting,product,Retail & Local Services,EssilorLuxottica,EssilorLuxottica S.A.,Global Optical Monopoly,Euronext: EL,True,"Product of Pearle Vision, owned by EssilorLuxottica. Founded in 1961 by Dr. Stanley Pearle; acquired by Luxottica in 2004 for $540M as part of its retail brick-and-mortar consolidation.",95.0,Local Independent Eye Doctors / Community Health Clinic Optometry
pearle-vision-single-vision-prescription-eyeglasses,Pearle Vision Single Vision Prescription Eyeglasses,product,Retail & Local Services,EssilorLuxottica,EssilorLuxottica S.A.,Global Optical Monopoly,Euronext: EL,True,"Product of Pearle Vision, owned by EssilorLuxottica. Founded in 1961 by Dr. Stanley Pearle; acquired by Luxottica in 2004 for $540M as part of its retail brick-and-mortar consolidation.",95.0,Local Independent Eye Doctors / Community Health Clinic Optometry
subway,Subway,brand,Fast Food & Dining Chains,Roark Capital (Inspire / Focus Brands),Roark Capital Group,Private Equity Mega-Fund,Private Equity,True,Formerly privately held by DeLuca and Buck families; acquired in 2024 by private equity behemoth Roark Capital for nearly $10 Billion.,96.0,Local Independent Delis / Co-op Sandwich Counters / Jersey Mike's (Franchisee-support)
subway-the-monster-footlong-sub,Subway The Monster Footlong Sub,product,Fast Food & Dining Chains,Roark Capital (Inspire / Focus Brands),Roark Capital Group,Private Equity Mega-Fund,Private Equity,True,"Product of Subway, owned by Roark Capital (Inspire / Focus Brands). Formerly privately held by DeLuca and Buck families; acquired in 2024 by private equity behemoth Roark Capital for nearly $10 Billion.",96.0,Local Independent Delis / Co-op Sandwich Counters / Jersey Mike's (Franchisee-support)
subway-italian-bmt-sub,Subway Italian B.M.T. Sub,product,Fast Food & Dining Chains,Roark Capital (Inspire / Focus Brands),Roark Capital Group,Private Equity Mega-Fund,Private Equity,True,"Product of Subway, owned by Roark Capital (Inspire / Focus Brands). Formerly privately held by DeLuca and Buck families; acquired in 2024 by private equity behemoth Roark Capital for nearly $10 Billion.",96.0,Local Independent Delis / Co-op Sandwich Counters / Jersey Mike's (Franchisee-support)
subway-oven-roasted-turkey-footlong-sandwich,Subway Oven Roasted Turkey Footlong Sandwich,product,Fast Food & Dining Chains,Roark Capital (Inspire / Focus Brands),Roark Capital Group,Private Equity Mega-Fund,Private Equity,True,"Product of Subway, owned by Roark Capital (Inspire / Focus Brands). Formerly privately held by DeLuca and Buck families; acquired in 2024 by private equity behemoth Roark Capital for nearly $10 Billion.",96.0,Local Independent Delis / Co-op Sandwich Counters / Jersey Mike's (Franchisee-support)
dunkin,Dunkin',brand,Fast Food & Dining Chains,Roark Capital (Inspire / Focus Brands),Roark Capital Group,Private Equity Mega-Fund,Private Equity,True,"New England working-class coffee icon acquired in 2020 by Roark Capital's Inspire Brands for $11.3 Billion, taking the company private.",96.0,Local Independent Coffee Roasters / Neighborhood Donut Bakeries
dunkin-original-blend-iced-coffee-medium,Dunkin' Original Blend Iced Coffee Medium,product,Fast Food & Dining Chains,Roark Capital (Inspire / Focus Brands),Roark Capital Group,Private Equity Mega-Fund,Private Equity,True,"Product of Dunkin', owned by Roark Capital (Inspire / Focus Brands). New England working-class coffee icon acquired in 2020 by Roark Capital's Inspire Brands for $11.3 Billion, taking the company private.",96.0,Local Independent Coffee Roasters / Neighborhood Donut Bakeries
dunkin-boston-kreme-glazed-donut,Dunkin' Boston Kreme Glazed Donut,product,Fast Food & Dining Chains,Roark Capital (Inspire / Focus Brands),Roark Capital Group,Private Equity Mega-Fund,Private Equity,True,"Product of Dunkin', owned by Roark Capital (Inspire / Focus Brands). New England working-class coffee icon acquired in 2020 by Roark Capital's Inspire Brands for $11.3 Billion, taking the company private.",96.0,Local Independent Coffee Roasters / Neighborhood Donut Bakeries
dunkin-bacon-egg-cheese-croissant-sandwich,Dunkin' Bacon Egg & Cheese Croissant Sandwich,product,Fast Food & Dining Chains,Roark Capital (Inspire / Focus Brands),Roark Capital Group,Private Equity Mega-Fund,Private Equity,True,"Product of Dunkin', owned by Roark Capital (Inspire / Focus Brands). New England working-class coffee icon acquired in 2020 by Roark Capital's Inspire Brands for $11.3 Billion, taking the company private.",96.0,Local Independent Coffee Roasters / Neighborhood Donut Bakeries
dunkin-bagel-bites-stuffed-with-cream-cheese,Dunkin' Bagel Bites Stuffed with Cream Cheese,product,Fast Food & Dining Chains,Roark Capital (Inspire / Focus Brands),Roark Capital Group,Private Equity Mega-Fund,Private Equity,True,"Product of Dunkin', owned by Roark Capital (Inspire / Focus Brands). New England working-class coffee icon acquired in 2020 by Roark Capital's Inspire Brands for $11.3 Billion, taking the company private.",96.0,Local Independent Coffee Roasters / Neighborhood Donut Bakeries
arbys,Arby's,brand,Fast Food & Dining Chains,Roark Capital (Inspire / Focus Brands),Roark Capital Group,Private Equity Mega-Fund,Private Equity,True,"Flagship brand of Inspire Brands, the multi-billion-dollar restaurant platform created by private equity firm Roark Capital.",96.0,Local Independent Barbecue Joints & Delicatessens
arbys-classic-roast-beef-sandwich,Arby's Classic Roast Beef Sandwich,product,Fast Food & Dining Chains,Roark Capital (Inspire / Focus Brands),Roark Capital Group,Private Equity Mega-Fund,Private Equity,True,"Product of Arby's, owned by Roark Capital (Inspire / Focus Brands). Flagship brand of Inspire Brands, the multi-billion-dollar restaurant platform created by private equity firm Roark Capital.",96.0,Local Independent Barbecue Joints & Delicatessens
arbys-curly-fries-large,Arby's Curly Fries Large,product,Fast Food & Dining Chains,Roark Capital (Inspire / Focus Brands),Roark Capital Group,Private Equity Mega-Fund,Private Equity,True,"Product of Arby's, owned by Roark Capital (Inspire / Focus Brands). Flagship brand of Inspire Brands, the multi-billion-dollar restaurant platform created by private equity firm Roark Capital.",96.0,Local Independent Barbecue Joints & Delicatessens
arbys-beef-n-cheddar-classic,Arby's Beef 'n Cheddar Classic,product,Fast Food & Dining Chains,Roark Capital (Inspire / Focus Brands),Roark Capital Group,Private Equity Mega-Fund,Private Equity,True,"Product of Arby's, owned by Roark Capital (Inspire / Focus Brands). Flagship brand of Inspire Brands, the multi-billion-dollar restaurant platform created by private equity firm Roark Capital.",96.0,Local Independent Barbecue Joints & Delicatessens
jimmy-johns,Jimmy John's,brand,Fast Food & Dining Chains,Roark Capital (Inspire / Focus Brands),Roark Capital Group,Private Equity Mega-Fund,Private Equity,True,"College-town sandwich chain acquired in 2019 by Roark Capital's Inspire Brands, folding it into its multi-chain private equity portfolio.",96.0,Independent Local Sub Shops & Neighborhood Bakeries
jimmy-johns-4-turkey-tom-sub-on-french-bread,Jimmy John's #4 Turkey Tom Sub on French Bread,product,Fast Food & Dining Chains,Roark Capital (Inspire / Focus Brands),Roark Capital Group,Private Equity Mega-Fund,Private Equity,True,"Product of Jimmy John's, owned by Roark Capital (Inspire / Focus Brands). College-town sandwich chain acquired in 2019 by Roark Capital's Inspire Brands, folding it into its multi-chain private equity portfolio.",96.0,Independent Local Sub Shops & Neighborhood Bakeries
jimmy-johns-9-italian-night-club-sub,Jimmy John's #9 Italian Night Club Sub,product,Fast Food & Dining Chains,Roark Capital (Inspire / Focus Brands),Roark Capital Group,Private Equity Mega-Fund,Private Equity,True,"Product of Jimmy John's, owned by Roark Capital (Inspire / Focus Brands). College-town sandwich chain acquired in 2019 by Roark Capital's Inspire Brands, folding it into its multi-chain private equity portfolio.",96.0,Independent Local Sub Shops & Neighborhood Bakeries
jimmy-johns-vito-gourmet-sandwich,Jimmy John's Vito Gourmet Sandwich,product,Fast Food & Dining Chains,Roark Capital (Inspire / Focus Brands),Roark Capital Group,Private Equity Mega-Fund,Private Equity,True,"Product of Jimmy John's, owned by Roark Capital (Inspire / Focus Brands). College-town sandwich chain acquired in 2019 by Roark Capital's Inspire Brands, folding it into its multi-chain private equity portfolio.",96.0,Independent Local Sub Shops & Neighborhood Bakeries
buffalo-wild-wings,Buffalo Wild Wings,brand,Fast Food & Dining Chains,Roark Capital (Inspire / Focus Brands),Roark Capital Group,Private Equity Mega-Fund,Private Equity,True,Purchased by Roark Capital's Inspire Brands in 2018 for $2.9 Billion.,96.0,Local Independent Neighborhood Sports Bars & Grills
buffalo-wild-wings-traditional-wings-with-medium-sauce,Buffalo Wild Wings Traditional Wings with Medium Sauce,product,Fast Food & Dining Chains,Roark Capital (Inspire / Focus Brands),Roark Capital Group,Private Equity Mega-Fund,Private Equity,True,"Product of Buffalo Wild Wings, owned by Roark Capital (Inspire / Focus Brands). Purchased by Roark Capital's Inspire Brands in 2018 for $2.9 Billion.",96.0,Local Independent Neighborhood Sports Bars & Grills
buffalo-wild-wings-boneless-wings-honey-bbq,Buffalo Wild Wings Boneless Wings Honey BBQ,product,Fast Food & Dining Chains,Roark Capital (Inspire / Focus Brands),Roark Capital Group,Private Equity Mega-Fund,Private Equity,True,"Product of Buffalo Wild Wings, owned by Roark Capital (Inspire / Focus Brands). Purchased by Roark Capital's Inspire Brands in 2018 for $2.9 Billion.",96.0,Local Independent Neighborhood Sports Bars & Grills
buffalo-wild-wings-loaded-nachos-platter,Buffalo Wild Wings Loaded Nachos Platter,product,Fast Food & Dining Chains,Roark Capital (Inspire / Focus Brands),Roark Capital Group,Private Equity Mega-Fund,Private Equity,True,"Product of Buffalo Wild Wings, owned by Roark Capital (Inspire / Focus Brands). Purchased by Roark Capital's Inspire Brands in 2018 for $2.9 Billion.",96.0,Local Independent Neighborhood Sports Bars & Grills
tim-hortons,Tim Hortons,brand,Fast Food & Dining Chains,Restaurant Brands International (RBI / 3G),Restaurant Brands International Inc. (3G Capital),Public / Private Equity Controlled,NYSE: QSR / TSX: QSR,True,"Canadian cultural institution bought in 2014 by 3G Capital's Restaurant Brands International (Burger King parent), leading to severe cost-cutting and franchise lawsuits.",95.0,Local Canadian Independent Coffee Shops & Co-op Roasters
tim-hortons-original-blend-coffee-double-double,Tim Hortons Original Blend Coffee Double Double,product,Fast Food & Dining Chains,Restaurant Brands International (RBI / 3G),Restaurant Brands International Inc. (3G Capital),Public / Private Equity Controlled,NYSE: QSR / TSX: QSR,True,"Product of Tim Hortons, owned by Restaurant Brands International (RBI / 3G). Canadian cultural institution bought in 2014 by 3G Capital's Restaurant Brands International (Burger King parent), leading to severe cost-cutting and franchise lawsuits.",95.0,Local Canadian Independent Coffee Shops & Co-op Roasters
tim-hortons-timbits-assorted-glazed-donut-holes,Tim Hortons Timbits Assorted Glazed Donut Holes,product,Fast Food & Dining Chains,Restaurant Brands International (RBI / 3G),Restaurant Brands International Inc. (3G Capital),Public / Private Equity Controlled,NYSE: QSR / TSX: QSR,True,"Product of Tim Hortons, owned by Restaurant Brands International (RBI / 3G). Canadian cultural institution bought in 2014 by 3G Capital's Restaurant Brands International (Burger King parent), leading to severe cost-cutting and franchise lawsuits.",95.0,Local Canadian Independent Coffee Shops & Co-op Roasters
tim-hortons-farmers-breakfast-wrap-with-sausage,Tim Hortons Farmer's Breakfast Wrap with Sausage,product,Fast Food & Dining Chains,Restaurant Brands International (RBI / 3G),Restaurant Brands International Inc. (3G Capital),Public / Private Equity Controlled,NYSE: QSR / TSX: QSR,True,"Product of Tim Hortons, owned by Restaurant Brands International (RBI / 3G). Canadian cultural institution bought in 2014 by 3G Capital's Restaurant Brands International (Burger King parent), leading to severe cost-cutting and franchise lawsuits.",95.0,Local Canadian Independent Coffee Shops & Co-op Roasters
coca-cola-classic,Coca-Cola Classic,brand,Food & Beverage,The Coca-Cola Company,The Coca-Cola Company,Public Conglomerate,NYSE: KO,False,Flagship beverage holding of The Coca-Cola Company.,91.5,Local Kombucha Brewers / Regional Sparkling Water Co-ops / Numi Tea
coca-cola-12oz-can-12-pack,Coca-Cola 12oz Can 12-Pack,product,Food & Beverage,The Coca-Cola Company,The Coca-Cola Company,Public Conglomerate,NYSE: KO,False,"Manufactured by Coca-Cola Classic, a division of The Coca-Cola Company. Flagship beverage holding of The Coca-Cola Company.",91.5,Local Kombucha Brewers / Regional Sparkling Water Co-ops / Numi Tea
coca-cola-2-liter-bottle,Coca-Cola 2-Liter Bottle,product,Food & Beverage,The Coca-Cola Company,The Coca-Cola Company,Public Conglomerate,NYSE: KO,False,"Manufactured by Coca-Cola Classic, a division of The Coca-Cola Company. Flagship beverage holding of The Coca-Cola Company.",91.5,Local Kombucha Brewers / Regional Sparkling Water Co-ops / Numi Tea
mexican-coke-glass-bottle-with-cane-sugar,Mexican Coke Glass Bottle with Cane Sugar,product,Food & Beverage,The Coca-Cola Company,The Coca-Cola Company,Public Conglomerate,NYSE: KO,False,"Manufactured by Coca-Cola Classic, a division of The Coca-Cola Company. Flagship beverage holding of The Coca-Cola Company.",91.5,Local Kombucha Brewers / Regional Sparkling Water Co-ops / Numi Tea
diet-coke,Diet Coke,brand,Food & Beverage,The Coca-Cola Company,The Coca-Cola Company,Public Conglomerate,NYSE: KO,False,Flagship beverage holding of The Coca-Cola Company.,91.5,Local Kombucha Brewers / Regional Sparkling Water Co-ops / Numi Tea
diet-coke-12oz-cans-12-pack,Diet Coke 12oz Cans 12-Pack,product,Food & Beverage,The Coca-Cola Company,The Coca-Cola Company,Public Conglomerate,NYSE: KO,False,"Manufactured by Diet Coke, a division of The Coca-Cola Company. Flagship beverage holding of The Coca-Cola Company.",91.5,Local Kombucha Brewers / Regional Sparkling Water Co-ops / Numi Tea
diet-coke-20oz-bottle,Diet Coke 20oz Bottle,product,Food & Beverage,The Coca-Cola Company,The Coca-Cola Company,Public Conglomerate,NYSE: KO,False,"Manufactured by Diet Coke, a division of The Coca-Cola Company. Flagship beverage holding of The Coca-Cola Company.",91.5,Local Kombucha Brewers / Regional Sparkling Water Co-ops / Numi Tea
diet-coke-caffeine-free-12-pack,Diet Coke Caffeine Free 12-Pack,product,Food & Beverage,The Coca-Cola Company,The Coca-Cola Company,Public Conglomerate,NYSE: KO,False,"Manufactured by Diet Coke, a division of The Coca-Cola Company. Flagship beverage holding of The Coca-Cola Company.",91.5,Local Kombucha Brewers / Regional Sparkling Water Co-ops / Numi Tea
coca-cola-zero-sugar,Coca-Cola Zero Sugar,brand,Food & Beverage,The Coca-Cola Company,The Coca-Cola Company,Public Conglomerate,NYSE: KO,False,Flagship beverage holding of The Coca-Cola Company.,91.5,Local Kombucha Brewers / Regional Sparkling Water Co-ops / Numi Tea
coca-cola-zero-sugar-12oz-cans,Coca-Cola Zero Sugar 12oz Cans,product,Food & Beverage,The Coca-Cola Company,The Coca-Cola Company,Public Conglomerate,NYSE: KO,False,"Manufactured by Coca-Cola Zero Sugar, a division of The Coca-Cola Company. Flagship beverage holding of The Coca-Cola Company.",91.5,Local Kombucha Brewers / Regional Sparkling Water Co-ops / Numi Tea
coca-cola-zero-sugar-cherry-12-pack,Coca-Cola Zero Sugar Cherry 12-Pack,product,Food & Beverage,The Coca-Cola Company,The Coca-Cola Company,Public Conglomerate,NYSE: KO,False,"Manufactured by Coca-Cola Zero Sugar, a division of The Coca-Cola Company. Flagship beverage holding of The Coca-Cola Company.",91.5,Local Kombucha Brewers / Regional Sparkling Water Co-ops / Numi Tea
sprite,Sprite,brand,Food & Beverage,The Coca-Cola Company,The Coca-Cola Company,Public Conglomerate,NYSE: KO,False,Flagship beverage holding of The Coca-Cola Company.,91.5,Local Kombucha Brewers / Regional Sparkling Water Co-ops / Numi Tea
sprite-lemon-lime-soda-12oz-cans,Sprite Lemon-Lime Soda 12oz Cans,product,Food & Beverage,The Coca-Cola Company,The Coca-Cola Company,Public Conglomerate,NYSE: KO,False,"Manufactured by Sprite, a division of The Coca-Cola Company. Flagship beverage holding of The Coca-Cola Company.",91.5,Local Kombucha Brewers / Regional Sparkling Water Co-ops / Numi Tea
sprite-zero-sugar-2-liter-bottle,Sprite Zero Sugar 2-Liter Bottle,product,Food & Beverage,The Coca-Cola Company,The Coca-Cola Company,Public Conglomerate,NYSE: KO,False,"Manufactured by Sprite, a division of The Coca-Cola Company. Flagship beverage holding of The Coca-Cola Company.",91.5,Local Kombucha Brewers / Regional Sparkling Water Co-ops / Numi Tea
sprite-cherry-20oz-bottle,Sprite Cherry 20oz Bottle,product,Food & Beverage,The Coca-Cola Company,The Coca-Cola Company,Public Conglomerate,NYSE: KO,False,"Manufactured by Sprite, a division of The Coca-Cola Company. Flagship beverage holding of The Coca-Cola Company.",91.5,Local Kombucha Brewers / Regional Sparkling Water Co-ops / Numi Tea
fanta,Fanta,brand,Food & Beverage,The Coca-Cola Company,The Coca-Cola Company,Public Conglomerate,NYSE: KO,False,Flagship beverage holding of The Coca-Cola Company.,91.5,Local Kombucha Brewers / Regional Sparkling Water Co-ops / Numi Tea
fanta-orange-soda-12oz-cans,Fanta Orange Soda 12oz Cans,product,Food & Beverage,The Coca-Cola Company,The Coca-Cola Company,Public Conglomerate,NYSE: KO,False,"Manufactured by Fanta, a division of The Coca-Cola Company. Flagship beverage holding of The Coca-Cola Company.",91.5,Local Kombucha Brewers / Regional Sparkling Water Co-ops / Numi Tea
fanta-grape-soda-20oz,Fanta Grape Soda 20oz,product,Food & Beverage,The Coca-Cola Company,The Coca-Cola Company,Public Conglomerate,NYSE: KO,False,"Manufactured by Fanta, a division of The Coca-Cola Company. Flagship beverage holding of The Coca-Cola Company.",91.5,Local Kombucha Brewers / Regional Sparkling Water Co-ops / Numi Tea
fanta-strawberry-soda-12-pack,Fanta Strawberry Soda 12-Pack,product,Food & Beverage,The Coca-Cola Company,The Coca-Cola Company,Public Conglomerate,NYSE: KO,False,"Manufactured by Fanta, a division of The Coca-Cola Company. Flagship beverage holding of The Coca-Cola Company.",91.5,Local Kombucha Brewers / Regional Sparkling Water Co-ops / Numi Tea
dasani,Dasani,brand,Food & Beverage,The Coca-Cola Company,The Coca-Cola Company,Public Conglomerate,NYSE: KO,False,Flagship beverage holding of The Coca-Cola Company.,91.5,Local Kombucha Brewers / Regional Sparkling Water Co-ops / Numi Tea
dasani-purified-bottled-water-24-pack,Dasani Purified Bottled Water 24-Pack,product,Food & Beverage,The Coca-Cola Company,The Coca-Cola Company,Public Conglomerate,NYSE: KO,False,"Manufactured by Dasani, a division of The Coca-Cola Company. Flagship beverage holding of The Coca-Cola Company.",91.5,Local Kombucha Brewers / Regional Sparkling Water Co-ops / Numi Tea
dasani-water-1-liter-sport-cap-bottle,Dasani Water 1-Liter Sport Cap Bottle,product,Food & Beverage,The Coca-Cola Company,The Coca-Cola Company,Public Conglomerate,NYSE: KO,False,"Manufactured by Dasani, a division of The Coca-Cola Company. Flagship beverage holding of The Coca-Cola Company.",91.5,Local Kombucha Brewers / Regional Sparkling Water Co-ops / Numi Tea
smartwater,Smartwater,brand,Food & Beverage,The Coca-Cola Company,The Coca-Cola Company,Public Conglomerate,NYSE: KO,False,Flagship beverage holding of The Coca-Cola Company.,91.5,Local Kombucha Brewers / Regional Sparkling Water Co-ops / Numi Tea
smartwater-vapor-distilled-water-1-liter,Smartwater Vapor Distilled Water 1-Liter,product,Food & Beverage,The Coca-Cola Company,The Coca-Cola Company,Public Conglomerate,NYSE: KO,False,"Manufactured by Smartwater, a division of The Coca-Cola Company. Flagship beverage holding of The Coca-Cola Company.",91.5,Local Kombucha Brewers / Regional Sparkling Water Co-ops / Numi Tea
smartwater-alkaline-with-antioxidants-700ml,Smartwater Alkaline with Antioxidants 700ml,product,Food & Beverage,The Coca-Cola Company,The Coca-Cola Company,Public Conglomerate,NYSE: KO,False,"Manufactured by Smartwater, a division of The Coca-Cola Company. Flagship beverage holding of The Coca-Cola Company.",91.5,Local Kombucha Brewers / Regional Sparkling Water Co-ops / Numi Tea
vitaminwater,Vitaminwater,brand,Food & Beverage,The Coca-Cola Company,The Coca-Cola Company,Public Conglomerate,NYSE: KO,False,Flagship beverage holding of The Coca-Cola Company.,91.5,Local Kombucha Brewers / Regional Sparkling Water Co-ops / Numi Tea
vitaminwater-xxx-acai-blueberry-pomegranate,Vitaminwater XXX Acai Blueberry Pomegranate,product,Food & Beverage,The Coca-Cola Company,The Coca-Cola Company,Public Conglomerate,NYSE: KO,False,"Manufactured by Vitaminwater, a division of The Coca-Cola Company. Flagship beverage holding of The Coca-Cola Company.",91.5,Local Kombucha Brewers / Regional Sparkling Water Co-ops / Numi Tea
vitaminwater-zero-squeezed-lemonade,Vitaminwater Zero Squeezed Lemonade,product,Food & Beverage,The Coca-Cola Company,The Coca-Cola Company,Public Conglomerate,NYSE: KO,False,"Manufactured by Vitaminwater, a division of The Coca-Cola Company. Flagship beverage holding of The Coca-Cola Company.",91.5,Local Kombucha Brewers / Regional Sparkling Water Co-ops / Numi Tea
minute-maid,Minute Maid,brand,Food & Beverage,The Coca-Cola Company,The Coca-Cola Company,Public Conglomerate,NYSE: KO,False,Flagship beverage holding of The Coca-Cola Company.,91.5,Local Kombucha Brewers / Regional Sparkling Water Co-ops / Numi Tea
minute-maid-100-original-orange-juice-pulp-free,Minute Maid 100% Original Orange Juice Pulp Free,product,Food & Beverage,The Coca-Cola Company,The Coca-Cola Company,Public Conglomerate,NYSE: KO,False,"Manufactured by Minute Maid, a division of The Coca-Cola Company. Flagship beverage holding of The Coca-Cola Company.",91.5,Local Kombucha Brewers / Regional Sparkling Water Co-ops / Numi Tea
minute-maid-lemonade-59oz-carton,Minute Maid Lemonade 59oz Carton,product,Food & Beverage,The Coca-Cola Company,The Coca-Cola Company,Public Conglomerate,NYSE: KO,False,"Manufactured by Minute Maid, a division of The Coca-Cola Company. Flagship beverage holding of The Coca-Cola Company.",91.5,Local Kombucha Brewers / Regional Sparkling Water Co-ops / Numi Tea
minute-maid-fruit-punch-juice-box-10-pack,Minute Maid Fruit Punch Juice Box 10-Pack,product,Food & Beverage,The Coca-Cola Company,The Coca-Cola Company,Public Conglomerate,NYSE: KO,False,"Manufactured by Minute Maid, a division of The Coca-Cola Company. Flagship beverage holding of The Coca-Cola Company.",91.5,Local Kombucha Brewers / Regional Sparkling Water Co-ops / Numi Tea
simply-orange,Simply Orange,brand,Food & Beverage,The Coca-Cola Company,The Coca-Cola Company,Public Conglomerate,NYSE: KO,False,Flagship beverage holding of The Coca-Cola Company.,91.5,Local Kombucha Brewers / Regional Sparkling Water Co-ops / Numi Tea
simply-orange-pulp-free-juice-52oz-carafe,Simply Orange Pulp Free Juice 52oz Carafe,product,Food & Beverage,The Coca-Cola Company,The Coca-Cola Company,Public Conglomerate,NYSE: KO,False,"Manufactured by Simply Orange, a division of The Coca-Cola Company. Flagship beverage holding of The Coca-Cola Company.",91.5,Local Kombucha Brewers / Regional Sparkling Water Co-ops / Numi Tea
simply-lemonade-all-natural-carafe,Simply Lemonade All Natural Carafe,product,Food & Beverage,The Coca-Cola Company,The Coca-Cola Company,Public Conglomerate,NYSE: KO,False,"Manufactured by Simply Orange, a division of The Coca-Cola Company. Flagship beverage holding of The Coca-Cola Company.",91.5,Local Kombucha Brewers / Regional Sparkling Water Co-ops / Numi Tea
simply-apple-100-pure-pressed-apple-juice,Simply Apple 100% Pure Pressed Apple Juice,product,Food & Beverage,The Coca-Cola Company,The Coca-Cola Company,Public Conglomerate,NYSE: KO,False,"Manufactured by Simply Orange, a division of The Coca-Cola Company. Flagship beverage holding of The Coca-Cola Company.",91.5,Local Kombucha Brewers / Regional Sparkling Water Co-ops / Numi Tea
fairlife-milk,Fairlife Milk,brand,Food & Beverage,The Coca-Cola Company,The Coca-Cola Company,Public Conglomerate,NYSE: KO,False,Flagship beverage holding of The Coca-Cola Company.,91.5,Local Kombucha Brewers / Regional Sparkling Water Co-ops / Numi Tea
fairlife-ultra-filtered-whole-milk-52oz,Fairlife Ultra-Filtered Whole Milk 52oz,product,Food & Beverage,The Coca-Cola Company,The Coca-Cola Company,Public Conglomerate,NYSE: KO,False,"Manufactured by Fairlife Milk, a division of The Coca-Cola Company. Flagship beverage holding of The Coca-Cola Company.",91.5,Local Kombucha Brewers / Regional Sparkling Water Co-ops / Numi Tea
fairlife-core-power-high-protein-milk-shake-chocolate-26g,Fairlife Core Power High Protein Milk Shake Chocolate 26g,product,Food & Beverage,The Coca-Cola Company,The Coca-Cola Company,Public Conglomerate,NYSE: KO,False,"Manufactured by Fairlife Milk, a division of The Coca-Cola Company. Flagship beverage holding of The Coca-Cola Company.",91.5,Local Kombucha Brewers / Regional Sparkling Water Co-ops / Numi Tea
fairlife-nutrition-plan-chocolate-shake-30g,Fairlife Nutrition Plan Chocolate Shake 30g,product,Food & Beverage,The Coca-Cola Company,The Coca-Cola Company,Public Conglomerate,NYSE: KO,False,"Manufactured by Fairlife Milk, a division of The Coca-Cola Company. Flagship beverage holding of The Coca-Cola Company.",91.5,Local Kombucha Brewers / Regional Sparkling Water Co-ops / Numi Tea
honest-tea,Honest Tea,brand,Food & Beverage,The Coca-Cola Company,The Coca-Cola Company,Public Conglomerate,NYSE: KO,False,Flagship beverage holding of The Coca-Cola Company.,91.5,Local Kombucha Brewers / Regional Sparkling Water Co-ops / Numi Tea
honest-organic-half-tea-half-lemonade,Honest Organic Half Tea & Half Lemonade,product,Food & Beverage,The Coca-Cola Company,The Coca-Cola Company,Public Conglomerate,NYSE: KO,False,"Manufactured by Honest Tea, a division of The Coca-Cola Company. Flagship beverage holding of The Coca-Cola Company.",91.5,Local Kombucha Brewers / Regional Sparkling Water Co-ops / Numi Tea
honest-kids-organic-appley-ever-after-juice-drink,Honest Kids Organic Appley Ever After Juice Drink,product,Food & Beverage,The Coca-Cola Company,The Coca-Cola Company,Public Conglomerate,NYSE: KO,False,"Manufactured by Honest Tea, a division of The Coca-Cola Company. Flagship beverage holding of The Coca-Cola Company.",91.5,Local Kombucha Brewers / Regional Sparkling Water Co-ops / Numi Tea
topo-chico,Topo Chico,brand,Food & Beverage,The Coca-Cola Company,The Coca-Cola Company,Public Conglomerate,NYSE: KO,False,Flagship beverage holding of The Coca-Cola Company.,91.5,Local Kombucha Brewers / Regional Sparkling Water Co-ops / Numi Tea
topo-chico-mineral-water-12oz-glass-bottle-4-pack,Topo Chico Mineral Water 12oz Glass Bottle 4-Pack,product,Food & Beverage,The Coca-Cola Company,The Coca-Cola Company,Public Conglomerate,NYSE: KO,False,"Manufactured by Topo Chico, a division of The Coca-Cola Company. Flagship beverage holding of The Coca-Cola Company.",91.5,Local Kombucha Brewers / Regional Sparkling Water Co-ops / Numi Tea
topo-chico-sabores-lime-with-mint,Topo Chico Sabores Lime with Mint,product,Food & Beverage,The Coca-Cola Company,The Coca-Cola Company,Public Conglomerate,NYSE: KO,False,"Manufactured by Topo Chico, a division of The Coca-Cola Company. Flagship beverage holding of The Coca-Cola Company.",91.5,Local Kombucha Brewers / Regional Sparkling Water Co-ops / Numi Tea
bodyarmor-superdrink,BodyArmor SuperDrink,brand,Food & Beverage,The Coca-Cola Company,The Coca-Cola Company,Public Conglomerate,NYSE: KO,False,Flagship beverage holding of The Coca-Cola Company.,91.5,Local Kombucha Brewers / Regional Sparkling Water Co-ops / Numi Tea
bodyarmor-sports-drink-fruit-punch-16oz,BodyArmor Sports Drink Fruit Punch 16oz,product,Food & Beverage,The Coca-Cola Company,The Coca-Cola Company,Public Conglomerate,NYSE: KO,False,"Manufactured by BodyArmor SuperDrink, a division of The Coca-Cola Company. Flagship beverage holding of The Coca-Cola Company.",91.5,Local Kombucha Brewers / Regional Sparkling Water Co-ops / Numi Tea
bodyarmor-lyte-low-calorie-peach-mango,BodyArmor Lyte Low Calorie Peach Mango,product,Food & Beverage,The Coca-Cola Company,The Coca-Cola Company,Public Conglomerate,NYSE: KO,False,"Manufactured by BodyArmor SuperDrink, a division of The Coca-Cola Company. Flagship beverage holding of The Coca-Cola Company.",91.5,Local Kombucha Brewers / Regional Sparkling Water Co-ops / Numi Tea
bodyarmor-flash-iv-hydration,BodyArmor Flash I.V. Hydration,product,Food & Beverage,The Coca-Cola Company,The Coca-Cola Company,Public Conglomerate,NYSE: KO,False,"Manufactured by BodyArmor SuperDrink, a division of The Coca-Cola Company. Flagship beverage holding of The Coca-Cola Company.",91.5,Local Kombucha Brewers / Regional Sparkling Water Co-ops / Numi Tea
powerade,Powerade,brand,Food & Beverage,The Coca-Cola Company,The Coca-Cola Company,Public Conglomerate,NYSE: KO,False,Flagship beverage holding of The Coca-Cola Company.,91.5,Local Kombucha Brewers / Regional Sparkling Water Co-ops / Numi Tea
powerade-mountain-berry-blast-sports-drink-28oz,Powerade Mountain Berry Blast Sports Drink 28oz,product,Food & Beverage,The Coca-Cola Company,The Coca-Cola Company,Public Conglomerate,NYSE: KO,False,"Manufactured by Powerade, a division of The Coca-Cola Company. Flagship beverage holding of The Coca-Cola Company.",91.5,Local Kombucha Brewers / Regional Sparkling Water Co-ops / Numi Tea
powerade-fruit-punch-8-pack-cans,Powerade Fruit Punch 8-Pack Cans,product,Food & Beverage,The Coca-Cola Company,The Coca-Cola Company,Public Conglomerate,NYSE: KO,False,"Manufactured by Powerade, a division of The Coca-Cola Company. Flagship beverage holding of The Coca-Cola Company.",91.5,Local Kombucha Brewers / Regional Sparkling Water Co-ops / Numi Tea
gold-peak-tea,Gold Peak Tea,brand,Food & Beverage,The Coca-Cola Company,The Coca-Cola Company,Public Conglomerate,NYSE: KO,False,Flagship beverage holding of The Coca-Cola Company.,91.5,Local Kombucha Brewers / Regional Sparkling Water Co-ops / Numi Tea
gold-peak-unsweetened-black-iced-tea-52oz,Gold Peak Unsweetened Black Iced Tea 52oz,product,Food & Beverage,The Coca-Cola Company,The Coca-Cola Company,Public Conglomerate,NYSE: KO,False,"Manufactured by Gold Peak Tea, a division of The Coca-Cola Company. Flagship beverage holding of The Coca-Cola Company.",91.5,Local Kombucha Brewers / Regional Sparkling Water Co-ops / Numi Tea
gold-peak-sweet-lemon-iced-tea-bottle,Gold Peak Sweet Lemon Iced Tea Bottle,product,Food & Beverage,The Coca-Cola Company,The Coca-Cola Company,Public Conglomerate,NYSE: KO,False,"Manufactured by Gold Peak Tea, a division of The Coca-Cola Company. Flagship beverage holding of The Coca-Cola Company.",91.5,Local Kombucha Brewers / Regional Sparkling Water Co-ops / Numi Tea
peace-tea,Peace Tea,brand,Food & Beverage,The Coca-Cola Company,The Coca-Cola Company,Public Conglomerate,NYSE: KO,False,Flagship beverage holding of The Coca-Cola Company.,91.5,Local Kombucha Brewers / Regional Sparkling Water Co-ops / Numi Tea
peace-tea-razzleberry-raspberry-tea-23oz-tall-can,Peace Tea Razzleberry Raspberry Tea 23oz Tall Can,product,Food & Beverage,The Coca-Cola Company,The Coca-Cola Company,Public Conglomerate,NYSE: KO,False,"Manufactured by Peace Tea, a division of The Coca-Cola Company. Flagship beverage holding of The Coca-Cola Company.",91.5,Local Kombucha Brewers / Regional Sparkling Water Co-ops / Numi Tea
peace-tea-green-tea-caddy-shack,Peace Tea Green Tea Caddy Shack,product,Food & Beverage,The Coca-Cola Company,The Coca-Cola Company,Public Conglomerate,NYSE: KO,False,"Manufactured by Peace Tea, a division of The Coca-Cola Company. Flagship beverage holding of The Coca-Cola Company.",91.5,Local Kombucha Brewers / Regional Sparkling Water Co-ops / Numi Tea
fresca,Fresca,brand,Food & Beverage,The Coca-Cola Company,The Coca-Cola Company,Public Conglomerate,NYSE: KO,False,Flagship beverage holding of The Coca-Cola Company.,91.5,Local Kombucha Brewers / Regional Sparkling Water Co-ops / Numi Tea
fresca-sparkling-soda-water-original-grapefruit-citrus,Fresca Sparkling Soda Water Original Grapefruit Citrus,product,Food & Beverage,The Coca-Cola Company,The Coca-Cola Company,Public Conglomerate,NYSE: KO,False,"Manufactured by Fresca, a division of The Coca-Cola Company. Flagship beverage holding of The Coca-Cola Company.",91.5,Local Kombucha Brewers / Regional Sparkling Water Co-ops / Numi Tea
fresca-mixed-tequila-paloma-cans,Fresca Mixed Tequila Paloma Cans,product,Food & Beverage,The Coca-Cola Company,The Coca-Cola Company,Public Conglomerate,NYSE: KO,False,"Manufactured by Fresca, a division of The Coca-Cola Company. Flagship beverage holding of The Coca-Cola Company.",91.5,Local Kombucha Brewers / Regional Sparkling Water Co-ops / Numi Tea
barqs,Barq's,brand,Food & Beverage,The Coca-Cola Company,The Coca-Cola Company,Public Conglomerate,NYSE: KO,False,Flagship beverage holding of The Coca-Cola Company.,91.5,Local Kombucha Brewers / Regional Sparkling Water Co-ops / Numi Tea
barqs-root-beer-12oz-cans-12-pack,Barq's Root Beer 12oz Cans 12-Pack,product,Food & Beverage,The Coca-Cola Company,The Coca-Cola Company,Public Conglomerate,NYSE: KO,False,"Manufactured by Barq's, a division of The Coca-Cola Company. Flagship beverage holding of The Coca-Cola Company.",91.5,Local Kombucha Brewers / Regional Sparkling Water Co-ops / Numi Tea
barqs-french-vanilla-cream-soda,Barq's French Vanilla Cream Soda,product,Food & Beverage,The Coca-Cola Company,The Coca-Cola Company,Public Conglomerate,NYSE: KO,False,"Manufactured by Barq's, a division of The Coca-Cola Company. Flagship beverage holding of The Coca-Cola Company.",91.5,Local Kombucha Brewers / Regional Sparkling Water Co-ops / Numi Tea
seagrams-ginger-ale,Seagram's Ginger Ale,brand,Food & Beverage,The Coca-Cola Company,The Coca-Cola Company,Public Conglomerate,NYSE: KO,False,Flagship beverage holding of The Coca-Cola Company.,91.5,Local Kombucha Brewers / Regional Sparkling Water Co-ops / Numi Tea
seagrams-extra-crisp-ginger-ale-12-pack-cans,Seagram's Extra Crisp Ginger Ale 12-Pack Cans,product,Food & Beverage,The Coca-Cola Company,The Coca-Cola Company,Public Conglomerate,NYSE: KO,False,"Manufactured by Seagram's Ginger Ale, a division of The Coca-Cola Company. Flagship beverage holding of The Coca-Cola Company.",91.5,Local Kombucha Brewers / Regional Sparkling Water Co-ops / Numi Tea
costa-coffee,Costa Coffee,brand,Food & Beverage,The Coca-Cola Company,The Coca-Cola Company,Public Conglomerate,NYSE: KO,False,Flagship beverage holding of The Coca-Cola Company.,91.5,Local Kombucha Brewers / Regional Sparkling Water Co-ops / Numi Tea
costa-coffee-signature-blend-medium-roast-rtd-can,Costa Coffee Signature Blend Medium Roast RTD Can,product,Food & Beverage,The Coca-Cola Company,The Coca-Cola Company,Public Conglomerate,NYSE: KO,False,"Manufactured by Costa Coffee, a division of The Coca-Cola Company. Flagship beverage holding of The Coca-Cola Company.",91.5,Local Kombucha Brewers / Regional Sparkling Water Co-ops / Numi Tea
aha-sparkling-water,AHA Sparkling Water,brand,Food & Beverage,The Coca-Cola Company,The Coca-Cola Company,Public Conglomerate,NYSE: KO,False,Flagship beverage holding of The Coca-Cola Company.,91.5,Local Kombucha Brewers / Regional Sparkling Water Co-ops / Numi Tea
aha-sparkling-water-blueberry-pomegranate-8-pack,AHA Sparkling Water Blueberry Pomegranate 8-Pack,product,Food & Beverage,The Coca-Cola Company,The Coca-Cola Company,Public Conglomerate,NYSE: KO,False,"Manufactured by AHA Sparkling Water, a division of The Coca-Cola Company. Flagship beverage holding of The Coca-Cola Company.",91.5,Local Kombucha Brewers / Regional Sparkling Water Co-ops / Numi Tea
aha-lime-watermelon,AHA Lime + Watermelon,product,Food & Beverage,The Coca-Cola Company,The Coca-Cola Company,Public Conglomerate,NYSE: KO,False,"Manufactured by AHA Sparkling Water, a division of The Coca-Cola Company. Flagship beverage holding of The Coca-Cola Company.",91.5,Local Kombucha Brewers / Regional Sparkling Water Co-ops / Numi Tea
lays,Lay's,brand,Food & Beverage,PepsiCo,"PepsiCo, Inc.",Public Conglomerate,NASDAQ: PEP,False,"Packaged goods and snacks division of PepsiCo, Inc.",89.5,Local Co-op Potato Chips / Independent Popcorn / Regional Juices
lays-classic-potato-chips-party-size-bag,Lay's Classic Potato Chips Party Size Bag,product,Food & Beverage,PepsiCo,"PepsiCo, Inc.",Public Conglomerate,NASDAQ: PEP,False,"Manufactured by Lay's, a division of PepsiCo. Packaged goods and snacks division of PepsiCo, Inc.",89.5,Local Co-op Potato Chips / Independent Popcorn / Regional Juices
lays-barbecue-flavored-potato-chips,Lay's Barbecue Flavored Potato Chips,product,Food & Beverage,PepsiCo,"PepsiCo, Inc.",Public Conglomerate,NASDAQ: PEP,False,"Manufactured by Lay's, a division of PepsiCo. Packaged goods and snacks division of PepsiCo, Inc.",89.5,Local Co-op Potato Chips / Independent Popcorn / Regional Juices
lays-sour-cream-onion-chips,Lay's Sour Cream & Onion Chips,product,Food & Beverage,PepsiCo,"PepsiCo, Inc.",Public Conglomerate,NASDAQ: PEP,False,"Manufactured by Lay's, a division of PepsiCo. Packaged goods and snacks division of PepsiCo, Inc.",89.5,Local Co-op Potato Chips / Independent Popcorn / Regional Juices
lays-wavy-original-potato-chips,Lay's Wavy Original Potato Chips,product,Food & Beverage,PepsiCo,"PepsiCo, Inc.",Public Conglomerate,NASDAQ: PEP,False,"Manufactured by Lay's, a division of PepsiCo. Packaged goods and snacks division of PepsiCo, Inc.",89.5,Local Co-op Potato Chips / Independent Popcorn / Regional Juices
lays-kettle-cooked-sea-salt-chips,Lay's Kettle Cooked Sea Salt Chips,product,Food & Beverage,PepsiCo,"PepsiCo, Inc.",Public Conglomerate,NASDAQ: PEP,False,"Manufactured by Lay's, a division of PepsiCo. Packaged goods and snacks division of PepsiCo, Inc.",89.5,Local Co-op Potato Chips / Independent Popcorn / Regional Juices
doritos,Doritos,brand,Food & Beverage,PepsiCo,"PepsiCo, Inc.",Public Conglomerate,NASDAQ: PEP,False,"Packaged goods and snacks division of PepsiCo, Inc.",89.5,Local Co-op Potato Chips / Independent Popcorn / Regional Juices
doritos-nacho-cheese-tortilla-chips-party-size,Doritos Nacho Cheese Tortilla Chips Party Size,product,Food & Beverage,PepsiCo,"PepsiCo, Inc.",Public Conglomerate,NASDAQ: PEP,False,"Manufactured by Doritos, a division of PepsiCo. Packaged goods and snacks division of PepsiCo, Inc.",89.5,Local Co-op Potato Chips / Independent Popcorn / Regional Juices
doritos-cool-ranch-flavored-tortilla-chips,Doritos Cool Ranch Flavored Tortilla Chips,product,Food & Beverage,PepsiCo,"PepsiCo, Inc.",Public Conglomerate,NASDAQ: PEP,False,"Manufactured by Doritos, a division of PepsiCo. Packaged goods and snacks division of PepsiCo, Inc.",89.5,Local Co-op Potato Chips / Independent Popcorn / Regional Juices
doritos-spicy-sweet-chili-vegan-chips,Doritos Spicy Sweet Chili Vegan Chips,product,Food & Beverage,PepsiCo,"PepsiCo, Inc.",Public Conglomerate,NASDAQ: PEP,False,"Manufactured by Doritos, a division of PepsiCo. Packaged goods and snacks division of PepsiCo, Inc.",89.5,Local Co-op Potato Chips / Independent Popcorn / Regional Juices
doritos-dinamita-chile-limon-rolled-tortilla-chips,Doritos Dinamita Chile Limon Rolled Tortilla Chips,product,Food & Beverage,PepsiCo,"PepsiCo, Inc.",Public Conglomerate,NASDAQ: PEP,False,"Manufactured by Doritos, a division of PepsiCo. Packaged goods and snacks division of PepsiCo, Inc.",89.5,Local Co-op Potato Chips / Independent Popcorn / Regional Juices
cheetos,Cheetos,brand,Food & Beverage,PepsiCo,"PepsiCo, Inc.",Public Conglomerate,NASDAQ: PEP,False,"Packaged goods and snacks division of PepsiCo, Inc.",89.5,Local Co-op Potato Chips / Independent Popcorn / Regional Juices
cheetos-crunchy-cheese-flavored-snacks,Cheetos Crunchy Cheese Flavored Snacks,product,Food & Beverage,PepsiCo,"PepsiCo, Inc.",Public Conglomerate,NASDAQ: PEP,False,"Manufactured by Cheetos, a division of PepsiCo. Packaged goods and snacks division of PepsiCo, Inc.",89.5,Local Co-op Potato Chips / Independent Popcorn / Regional Juices
cheetos-flamin-hot-crunchy-cheese-snacks,Cheetos Flamin' Hot Crunchy Cheese Snacks,product,Food & Beverage,PepsiCo,"PepsiCo, Inc.",Public Conglomerate,NASDAQ: PEP,False,"Manufactured by Cheetos, a division of PepsiCo. Packaged goods and snacks division of PepsiCo, Inc.",89.5,Local Co-op Potato Chips / Independent Popcorn / Regional Juices
cheetos-puffs-cheese-flavored-snacks,Cheetos Puffs Cheese Flavored Snacks,product,Food & Beverage,PepsiCo,"PepsiCo, Inc.",Public Conglomerate,NASDAQ: PEP,False,"Manufactured by Cheetos, a division of PepsiCo. Packaged goods and snacks division of PepsiCo, Inc.",89.5,Local Co-op Potato Chips / Independent Popcorn / Regional Juices
cheetos-simply-organic-white-cheddar-puffs,Cheetos Simply Organic White Cheddar Puffs,product,Food & Beverage,PepsiCo,"PepsiCo, Inc.",Public Conglomerate,NASDAQ: PEP,False,"Manufactured by Cheetos, a division of PepsiCo. Packaged goods and snacks division of PepsiCo, Inc.",89.5,Local Co-op Potato Chips / Independent Popcorn / Regional Juices
tostitos,Tostitos,brand,Food & Beverage,PepsiCo,"PepsiCo, Inc.",Public Conglomerate,NASDAQ: PEP,False,"Packaged goods and snacks division of PepsiCo, Inc.",89.5,Local Co-op Potato Chips / Independent Popcorn / Regional Juices
tostitos-scoops-tortilla-chips,Tostitos Scoops Tortilla Chips,product,Food & Beverage,PepsiCo,"PepsiCo, Inc.",Public Conglomerate,NASDAQ: PEP,False,"Manufactured by Tostitos, a division of PepsiCo. Packaged goods and snacks division of PepsiCo, Inc.",89.5,Local Co-op Potato Chips / Independent Popcorn / Regional Juices
tostitos-crispy-rounds-tortilla-chips,Tostitos Crispy Rounds Tortilla Chips,product,Food & Beverage,PepsiCo,"PepsiCo, Inc.",Public Conglomerate,NASDAQ: PEP,False,"Manufactured by Tostitos, a division of PepsiCo. Packaged goods and snacks division of PepsiCo, Inc.",89.5,Local Co-op Potato Chips / Independent Popcorn / Regional Juices
tostitos-medium-chunky-salsa-jar,Tostitos Medium Chunky Salsa Jar,product,Food & Beverage,PepsiCo,"PepsiCo, Inc.",Public Conglomerate,NASDAQ: PEP,False,"Manufactured by Tostitos, a division of PepsiCo. Packaged goods and snacks division of PepsiCo, Inc.",89.5,Local Co-op Potato Chips / Independent Popcorn / Regional Juices
tostitos-salsa-con-queso-dip,Tostitos Salsa con Queso Dip,product,Food & Beverage,PepsiCo,"PepsiCo, Inc.",Public Conglomerate,NASDAQ: PEP,False,"Manufactured by Tostitos, a division of PepsiCo. Packaged goods and snacks division of PepsiCo, Inc.",89.5,Local Co-op Potato Chips / Independent Popcorn / Regional Juices
fritos,Fritos,brand,Food & Beverage,PepsiCo,"PepsiCo, Inc.",Public Conglomerate,NASDAQ: PEP,False,"Packaged goods and snacks division of PepsiCo, Inc.",89.5,Local Co-op Potato Chips / Independent Popcorn / Regional Juices
fritos-original-corn-chips-925oz-bag,Fritos Original Corn Chips 9.25oz Bag,product,Food & Beverage,PepsiCo,"PepsiCo, Inc.",Public Conglomerate,NASDAQ: PEP,False,"Manufactured by Fritos, a division of PepsiCo. Packaged goods and snacks division of PepsiCo, Inc.",89.5,Local Co-op Potato Chips / Independent Popcorn / Regional Juices
fritos-chili-cheese-flavored-corn-chips,Fritos Chili Cheese Flavored Corn Chips,product,Food & Beverage,PepsiCo,"PepsiCo, Inc.",Public Conglomerate,NASDAQ: PEP,False,"Manufactured by Fritos, a division of PepsiCo. Packaged goods and snacks division of PepsiCo, Inc.",89.5,Local Co-op Potato Chips / Independent Popcorn / Regional Juices
fritos-scoops-corn-chips-bag,Fritos Scoops Corn Chips Bag,product,Food & Beverage,PepsiCo,"PepsiCo, Inc.",Public Conglomerate,NASDAQ: PEP,False,"Manufactured by Fritos, a division of PepsiCo. Packaged goods and snacks division of PepsiCo, Inc.",89.5,Local Co-op Potato Chips / Independent Popcorn / Regional Juices
ruffles,Ruffles,brand,Food & Beverage,PepsiCo,"PepsiCo, Inc.",Public Conglomerate,NASDAQ: PEP,False,"Packaged goods and snacks division of PepsiCo, Inc.",89.5,Local Co-op Potato Chips / Independent Popcorn / Regional Juices
ruffles-cheddar-sour-cream-ridged-potato-chips,Ruffles Cheddar & Sour Cream Ridged Potato Chips,product,Food & Beverage,PepsiCo,"PepsiCo, Inc.",Public Conglomerate,NASDAQ: PEP,False,"Manufactured by Ruffles, a division of PepsiCo. Packaged goods and snacks division of PepsiCo, Inc.",89.5,Local Co-op Potato Chips / Independent Popcorn / Regional Juices
ruffles-original-salted-potato-chips-party-size,Ruffles Original Salted Potato Chips Party Size,product,Food & Beverage,PepsiCo,"PepsiCo, Inc.",Public Conglomerate,NASDAQ: PEP,False,"Manufactured by Ruffles, a division of PepsiCo. Packaged goods and snacks division of PepsiCo, Inc.",89.5,Local Co-op Potato Chips / Independent Popcorn / Regional Juices
ruffles-flamin-hot-potato-chips,Ruffles Flamin' Hot Potato Chips,product,Food & Beverage,PepsiCo,"PepsiCo, Inc.",Public Conglomerate,NASDAQ: PEP,False,"Manufactured by Ruffles, a division of PepsiCo. Packaged goods and snacks division of PepsiCo, Inc.",89.5,Local Co-op Potato Chips / Independent Popcorn / Regional Juices
sunchips,SunChips,brand,Food & Beverage,PepsiCo,"PepsiCo, Inc.",Public Conglomerate,NASDAQ: PEP,False,"Packaged goods and snacks division of PepsiCo, Inc.",89.5,Local Co-op Potato Chips / Independent Popcorn / Regional Juices
sunchips-original-multigrain-snacks,SunChips Original Multigrain Snacks,product,Food & Beverage,PepsiCo,"PepsiCo, Inc.",Public Conglomerate,NASDAQ: PEP,False,"Manufactured by SunChips, a division of PepsiCo. Packaged goods and snacks division of PepsiCo, Inc.",89.5,Local Co-op Potato Chips / Independent Popcorn / Regional Juices
sunchips-harvest-cheddar-multigrain-snacks,SunChips Harvest Cheddar Multigrain Snacks,product,Food & Beverage,PepsiCo,"PepsiCo, Inc.",Public Conglomerate,NASDAQ: PEP,False,"Manufactured by SunChips, a division of PepsiCo. Packaged goods and snacks division of PepsiCo, Inc.",89.5,Local Co-op Potato Chips / Independent Popcorn / Regional Juices
sunchips-garden-salsa-flavored-snacks,SunChips Garden Salsa Flavored Snacks,product,Food & Beverage,PepsiCo,"PepsiCo, Inc.",Public Conglomerate,NASDAQ: PEP,False,"Manufactured by SunChips, a division of PepsiCo. Packaged goods and snacks division of PepsiCo, Inc.",89.5,Local Co-op Potato Chips / Independent Popcorn / Regional Juices
smartfood,Smartfood,brand,Food & Beverage,PepsiCo,"PepsiCo, Inc.",Public Conglomerate,NASDAQ: PEP,False,"Packaged goods and snacks division of PepsiCo, Inc.",89.5,Local Co-op Potato Chips / Independent Popcorn / Regional Juices
smartfood-white-cheddar-popcorn-party-size,Smartfood White Cheddar Popcorn Party Size,product,Food & Beverage,PepsiCo,"PepsiCo, Inc.",Public Conglomerate,NASDAQ: PEP,False,"Manufactured by Smartfood, a division of PepsiCo. Packaged goods and snacks division of PepsiCo, Inc.",89.5,Local Co-op Potato Chips / Independent Popcorn / Regional Juices
smartfood-movie-theater-butter-flavored-popcorn,Smartfood Movie Theater Butter Flavored Popcorn,product,Food & Beverage,PepsiCo,"PepsiCo, Inc.",Public Conglomerate,NASDAQ: PEP,False,"Manufactured by Smartfood, a division of PepsiCo. Packaged goods and snacks division of PepsiCo, Inc.",89.5,Local Co-op Potato Chips / Independent Popcorn / Regional Juices
stacys-pita-chips,Stacy's Pita Chips,brand,Food & Beverage,PepsiCo,"PepsiCo, Inc.",Public Conglomerate,NASDAQ: PEP,False,"Packaged goods and snacks division of PepsiCo, Inc.",89.5,Local Co-op Potato Chips / Independent Popcorn / Regional Juices
stacys-simply-naked-pita-chips-bag,Stacy's Simply Naked Pita Chips Bag,product,Food & Beverage,PepsiCo,"PepsiCo, Inc.",Public Conglomerate,NASDAQ: PEP,False,"Manufactured by Stacy's Pita Chips, a division of PepsiCo. Packaged goods and snacks division of PepsiCo, Inc.",89.5,Local Co-op Potato Chips / Independent Popcorn / Regional Juices
stacys-parmesan-garlic-herb-pita-chips,Stacy's Parmesan Garlic & Herb Pita Chips,product,Food & Beverage,PepsiCo,"PepsiCo, Inc.",Public Conglomerate,NASDAQ: PEP,False,"Manufactured by Stacy's Pita Chips, a division of PepsiCo. Packaged goods and snacks division of PepsiCo, Inc.",89.5,Local Co-op Potato Chips / Independent Popcorn / Regional Juices
stacys-cinnamon-sugar-pita-chips,Stacy's Cinnamon Sugar Pita Chips,product,Food & Beverage,PepsiCo,"PepsiCo, Inc.",Public Conglomerate,NASDAQ: PEP,False,"Manufactured by Stacy's Pita Chips, a division of PepsiCo. Packaged goods and snacks division of PepsiCo, Inc.",89.5,Local Co-op Potato Chips / Independent Popcorn / Regional Juices
popcorners,PopCorners,brand,Food & Beverage,PepsiCo,"PepsiCo, Inc.",Public Conglomerate,NASDAQ: PEP,False,"Packaged goods and snacks division of PepsiCo, Inc.",89.5,Local Co-op Potato Chips / Independent Popcorn / Regional Juices
popcorners-white-cheddar-popped-corn-snacks,PopCorners White Cheddar Popped Corn Snacks,product,Food & Beverage,PepsiCo,"PepsiCo, Inc.",Public Conglomerate,NASDAQ: PEP,False,"Manufactured by PopCorners, a division of PepsiCo. Packaged goods and snacks division of PepsiCo, Inc.",89.5,Local Co-op Potato Chips / Independent Popcorn / Regional Juices
popcorners-sweet-salty-kettle-corn,PopCorners Sweet & Salty Kettle Corn,product,Food & Beverage,PepsiCo,"PepsiCo, Inc.",Public Conglomerate,NASDAQ: PEP,False,"Manufactured by PopCorners, a division of PepsiCo. Packaged goods and snacks division of PepsiCo, Inc.",89.5,Local Co-op Potato Chips / Independent Popcorn / Regional Juices
popcorners-sea-salt-popped-corn-chips,PopCorners Sea Salt Popped Corn Chips,product,Food & Beverage,PepsiCo,"PepsiCo, Inc.",Public Conglomerate,NASDAQ: PEP,False,"Manufactured by PopCorners, a division of PepsiCo. Packaged goods and snacks division of PepsiCo, Inc.",89.5,Local Co-op Potato Chips / Independent Popcorn / Regional Juices
quaker-oats,Quaker Oats,brand,Food & Beverage,PepsiCo,"PepsiCo, Inc.",Public Conglomerate,NASDAQ: PEP,False,"Packaged goods and snacks division of PepsiCo, Inc.",89.5,Local Co-op Potato Chips / Independent Popcorn / Regional Juices
quaker-old-fashioned-rolled-oats-42oz-canister,Quaker Old Fashioned Rolled Oats 42oz Canister,product,Food & Beverage,PepsiCo,"PepsiCo, Inc.",Public Conglomerate,NASDAQ: PEP,False,"Manufactured by Quaker Oats, a division of PepsiCo. Packaged goods and snacks division of PepsiCo, Inc.",89.5,Local Co-op Potato Chips / Independent Popcorn / Regional Juices
quaker-quick-1-minute-oats-tub,Quaker Quick 1-Minute Oats Tub,product,Food & Beverage,PepsiCo,"PepsiCo, Inc.",Public Conglomerate,NASDAQ: PEP,False,"Manufactured by Quaker Oats, a division of PepsiCo. Packaged goods and snacks division of PepsiCo, Inc.",89.5,Local Co-op Potato Chips / Independent Popcorn / Regional Juices
quaker-instant-oatmeal-apples-cinnamon-10-count,Quaker Instant Oatmeal Apples & Cinnamon 10-Count,product,Food & Beverage,PepsiCo,"PepsiCo, Inc.",Public Conglomerate,NASDAQ: PEP,False,"Manufactured by Quaker Oats, a division of PepsiCo. Packaged goods and snacks division of PepsiCo, Inc.",89.5,Local Co-op Potato Chips / Independent Popcorn / Regional Juices
quaker-chewy-chocolate-chip-granola-bars,Quaker Chewy Chocolate Chip Granola Bars,product,Food & Beverage,PepsiCo,"PepsiCo, Inc.",Public Conglomerate,NASDAQ: PEP,False,"Manufactured by Quaker Oats, a division of PepsiCo. Packaged goods and snacks division of PepsiCo, Inc.",89.5,Local Co-op Potato Chips / Independent Popcorn / Regional Juices
capn-crunch,Cap'n Crunch,brand,Food & Beverage,PepsiCo,"PepsiCo, Inc.",Public Conglomerate,NASDAQ: PEP,False,"Packaged goods and snacks division of PepsiCo, Inc.",89.5,Local Co-op Potato Chips / Independent Popcorn / Regional Juices
capn-crunch-crunch-berries-cereal,Cap'n Crunch Crunch Berries Cereal,product,Food & Beverage,PepsiCo,"PepsiCo, Inc.",Public Conglomerate,NASDAQ: PEP,False,"Manufactured by Cap'n Crunch, a division of PepsiCo. Packaged goods and snacks division of PepsiCo, Inc.",89.5,Local Co-op Potato Chips / Independent Popcorn / Regional Juices
capn-crunch-original-sweet-corn-oat-cereal,Cap'n Crunch Original Sweet Corn & Oat Cereal,product,Food & Beverage,PepsiCo,"PepsiCo, Inc.",Public Conglomerate,NASDAQ: PEP,False,"Manufactured by Cap'n Crunch, a division of PepsiCo. Packaged goods and snacks division of PepsiCo, Inc.",89.5,Local Co-op Potato Chips / Independent Popcorn / Regional Juices
capn-crunch-peanut-butter-crunch-cereal,Cap'n Crunch Peanut Butter Crunch Cereal,product,Food & Beverage,PepsiCo,"PepsiCo, Inc.",Public Conglomerate,NASDAQ: PEP,False,"Manufactured by Cap'n Crunch, a division of PepsiCo. Packaged goods and snacks division of PepsiCo, Inc.",89.5,Local Co-op Potato Chips / Independent Popcorn / Regional Juices
life-cereal,Life Cereal,brand,Food & Beverage,PepsiCo,"PepsiCo, Inc.",Public Conglomerate,NASDAQ: PEP,False,"Packaged goods and snacks division of PepsiCo, Inc.",89.5,Local Co-op Potato Chips / Independent Popcorn / Regional Juices
life-cinnamon-multi-grain-cereal,Life Cinnamon Multi-Grain Cereal,product,Food & Beverage,PepsiCo,"PepsiCo, Inc.",Public Conglomerate,NASDAQ: PEP,False,"Manufactured by Life Cereal, a division of PepsiCo. Packaged goods and snacks division of PepsiCo, Inc.",89.5,Local Co-op Potato Chips / Independent Popcorn / Regional Juices
life-original-multi-grain-cereal-box,Life Original Multi-Grain Cereal Box,product,Food & Beverage,PepsiCo,"PepsiCo, Inc.",Public Conglomerate,NASDAQ: PEP,False,"Manufactured by Life Cereal, a division of PepsiCo. Packaged goods and snacks division of PepsiCo, Inc.",89.5,Local Co-op Potato Chips / Independent Popcorn / Regional Juices
pearl-milling-company,Pearl Milling Company,brand,Food & Beverage,PepsiCo,"PepsiCo, Inc.",Public Conglomerate,NASDAQ: PEP,False,"Packaged goods and snacks division of PepsiCo, Inc.",89.5,Local Co-op Potato Chips / Independent Popcorn / Regional Juices
pearl-milling-company-original-pancake-waffle-mix,Pearl Milling Company Original Pancake & Waffle Mix,product,Food & Beverage,PepsiCo,"PepsiCo, Inc.",Public Conglomerate,NASDAQ: PEP,False,"Manufactured by Pearl Milling Company, a division of PepsiCo. Packaged goods and snacks division of PepsiCo, Inc.",89.5,Local Co-op Potato Chips / Independent Popcorn / Regional Juices
pearl-milling-original-pancake-syrup,Pearl Milling Original Pancake Syrup,product,Food & Beverage,PepsiCo,"PepsiCo, Inc.",Public Conglomerate,NASDAQ: PEP,False,"Manufactured by Pearl Milling Company, a division of PepsiCo. Packaged goods and snacks division of PepsiCo, Inc.",89.5,Local Co-op Potato Chips / Independent Popcorn / Regional Juices
rice-a-roni,Rice-A-Roni,brand,Food & Beverage,PepsiCo,"PepsiCo, Inc.",Public Conglomerate,NASDAQ: PEP,False,"Packaged goods and snacks division of PepsiCo, Inc.",89.5,Local Co-op Potato Chips / Independent Popcorn / Regional Juices
rice-a-roni-chicken-flavor-rice-pasta-mix,Rice-A-Roni Chicken Flavor Rice & Pasta Mix,product,Food & Beverage,PepsiCo,"PepsiCo, Inc.",Public Conglomerate,NASDAQ: PEP,False,"Manufactured by Rice-A-Roni, a division of PepsiCo. Packaged goods and snacks division of PepsiCo, Inc.",89.5,Local Co-op Potato Chips / Independent Popcorn / Regional Juices
rice-a-roni-beef-flavor-box,Rice-A-Roni Beef Flavor Box,product,Food & Beverage,PepsiCo,"PepsiCo, Inc.",Public Conglomerate,NASDAQ: PEP,False,"Manufactured by Rice-A-Roni, a division of PepsiCo. Packaged goods and snacks division of PepsiCo, Inc.",89.5,Local Co-op Potato Chips / Independent Popcorn / Regional Juices
pasta-roni-white-cheddar-shells,Pasta Roni White Cheddar & Shells,product,Food & Beverage,PepsiCo,"PepsiCo, Inc.",Public Conglomerate,NASDAQ: PEP,False,"Manufactured by Rice-A-Roni, a division of PepsiCo. Packaged goods and snacks division of PepsiCo, Inc.",89.5,Local Co-op Potato Chips / Independent Popcorn / Regional Juices
sabra-hummus,Sabra Hummus,brand,Food & Beverage,PepsiCo,"PepsiCo, Inc.",Public Conglomerate,NASDAQ: PEP,False,"Packaged goods and snacks division of PepsiCo, Inc.",89.5,Local Co-op Potato Chips / Independent Popcorn / Regional Juices
sabra-classic-hummus-tub-10oz,Sabra Classic Hummus Tub 10oz,product,Food & Beverage,PepsiCo,"PepsiCo, Inc.",Public Conglomerate,NASDAQ: PEP,False,"Manufactured by Sabra Hummus, a division of PepsiCo. Packaged goods and snacks division of PepsiCo, Inc.",89.5,Local Co-op Potato Chips / Independent Popcorn / Regional Juices
sabra-roasted-red-pepper-hummus,Sabra Roasted Red Pepper Hummus,product,Food & Beverage,PepsiCo,"PepsiCo, Inc.",Public Conglomerate,NASDAQ: PEP,False,"Manufactured by Sabra Hummus, a division of PepsiCo. Packaged goods and snacks division of PepsiCo, Inc.",89.5,Local Co-op Potato Chips / Independent Popcorn / Regional Juices
sabra-roasted-pine-nut-hummus,Sabra Roasted Pine Nut Hummus,product,Food & Beverage,PepsiCo,"PepsiCo, Inc.",Public Conglomerate,NASDAQ: PEP,False,"Manufactured by Sabra Hummus, a division of PepsiCo. Packaged goods and snacks division of PepsiCo, Inc.",89.5,Local Co-op Potato Chips / Independent Popcorn / Regional Juices
bare-snacks,Bare Snacks,brand,Food & Beverage,PepsiCo,"PepsiCo, Inc.",Public Conglomerate,NASDAQ: PEP,False,"Packaged goods and snacks division of PepsiCo, Inc.",89.5,Local Co-op Potato Chips / Independent Popcorn / Regional Juices
bare-baked-crunchy-apple-chips-fuji-reds,Bare Baked Crunchy Apple Chips Fuji & Reds,product,Food & Beverage,PepsiCo,"PepsiCo, Inc.",Public Conglomerate,NASDAQ: PEP,False,"Manufactured by Bare Snacks, a division of PepsiCo. Packaged goods and snacks division of PepsiCo, Inc.",89.5,Local Co-op Potato Chips / Independent Popcorn / Regional Juices
bare-baked-cinnamon-apple-chips,Bare Baked Cinnamon Apple Chips,product,Food & Beverage,PepsiCo,"PepsiCo, Inc.",Public Conglomerate,NASDAQ: PEP,False,"Manufactured by Bare Snacks, a division of PepsiCo. Packaged goods and snacks division of PepsiCo, Inc.",89.5,Local Co-op Potato Chips / Independent Popcorn / Regional Juices
bare-baked-banana-chips,Bare Baked Banana Chips,product,Food & Beverage,PepsiCo,"PepsiCo, Inc.",Public Conglomerate,NASDAQ: PEP,False,"Manufactured by Bare Snacks, a division of PepsiCo. Packaged goods and snacks division of PepsiCo, Inc.",89.5,Local Co-op Potato Chips / Independent Popcorn / Regional Juices
kevita-kombucha,KeVita Kombucha,brand,Food & Beverage,PepsiCo,"PepsiCo, Inc.",Public Conglomerate,NASDAQ: PEP,False,"Packaged goods and snacks division of PepsiCo, Inc.",89.5,Local Co-op Potato Chips / Independent Popcorn / Regional Juices
kevita-master-brew-kombucha-tart-cherry-152oz,KeVita Master Brew Kombucha Tart Cherry 15.2oz,product,Food & Beverage,PepsiCo,"PepsiCo, Inc.",Public Conglomerate,NASDAQ: PEP,False,"Manufactured by KeVita Kombucha, a division of PepsiCo. Packaged goods and snacks division of PepsiCo, Inc.",89.5,Local Co-op Potato Chips / Independent Popcorn / Regional Juices
kevita-sparkling-probiotic-drink-lemon-ginger,KeVita Sparkling Probiotic Drink Lemon Ginger,product,Food & Beverage,PepsiCo,"PepsiCo, Inc.",Public Conglomerate,NASDAQ: PEP,False,"Manufactured by KeVita Kombucha, a division of PepsiCo. Packaged goods and snacks division of PepsiCo, Inc.",89.5,Local Co-op Potato Chips / Independent Popcorn / Regional Juices
gatorade,Gatorade,brand,Food & Beverage,PepsiCo,"PepsiCo, Inc.",Public Conglomerate,NASDAQ: PEP,False,"Packaged goods and snacks division of PepsiCo, Inc.",89.5,Local Co-op Potato Chips / Independent Popcorn / Regional Juices
gatorade-thirst-quencher-fruit-punch-32oz-bottle,Gatorade Thirst Quencher Fruit Punch 32oz Bottle,product,Food & Beverage,PepsiCo,"PepsiCo, Inc.",Public Conglomerate,NASDAQ: PEP,False,"Manufactured by Gatorade, a division of PepsiCo. Packaged goods and snacks division of PepsiCo, Inc.",89.5,Local Co-op Potato Chips / Independent Popcorn / Regional Juices
gatorade-cool-blue-thirst-quencher-8-pack,Gatorade Cool Blue Thirst Quencher 8-Pack,product,Food & Beverage,PepsiCo,"PepsiCo, Inc.",Public Conglomerate,NASDAQ: PEP,False,"Manufactured by Gatorade, a division of PepsiCo. Packaged goods and snacks division of PepsiCo, Inc.",89.5,Local Co-op Potato Chips / Independent Popcorn / Regional Juices
gatorade-lemon-lime-sports-drink-20oz,Gatorade Lemon-Lime Sports Drink 20oz,product,Food & Beverage,PepsiCo,"PepsiCo, Inc.",Public Conglomerate,NASDAQ: PEP,False,"Manufactured by Gatorade, a division of PepsiCo. Packaged goods and snacks division of PepsiCo, Inc.",89.5,Local Co-op Potato Chips / Independent Popcorn / Regional Juices
gatorade-zero-sugar-glacier-freeze-8-pack,Gatorade Zero Sugar Glacier Freeze 8-Pack,product,Food & Beverage,PepsiCo,"PepsiCo, Inc.",Public Conglomerate,NASDAQ: PEP,False,"Manufactured by Gatorade, a division of PepsiCo. Packaged goods and snacks division of PepsiCo, Inc.",89.5,Local Co-op Potato Chips / Independent Popcorn / Regional Juices
propel-water,Propel Water,brand,Food & Beverage,PepsiCo,"PepsiCo, Inc.",Public Conglomerate,NASDAQ: PEP,False,"Packaged goods and snacks division of PepsiCo, Inc.",89.5,Local Co-op Potato Chips / Independent Popcorn / Regional Juices
propel-zero-calorie-water-kiwi-strawberry-with-electrolytes,Propel Zero Calorie Water Kiwi Strawberry with Electrolytes,product,Food & Beverage,PepsiCo,"PepsiCo, Inc.",Public Conglomerate,NASDAQ: PEP,False,"Manufactured by Propel Water, a division of PepsiCo. Packaged goods and snacks division of PepsiCo, Inc.",89.5,Local Co-op Potato Chips / Independent Popcorn / Regional Juices
propel-immune-support-lemon-blackberry,Propel Immune Support Lemon Blackberry,product,Food & Beverage,PepsiCo,"PepsiCo, Inc.",Public Conglomerate,NASDAQ: PEP,False,"Manufactured by Propel Water, a division of PepsiCo. Packaged goods and snacks division of PepsiCo, Inc.",89.5,Local Co-op Potato Chips / Independent Popcorn / Regional Juices
muscle-milk,Muscle Milk,brand,Food & Beverage,PepsiCo,"PepsiCo, Inc.",Public Conglomerate,NASDAQ: PEP,False,"Packaged goods and snacks division of PepsiCo, Inc.",89.5,Local Co-op Potato Chips / Independent Popcorn / Regional Juices
muscle-milk-genuine-chocolate-protein-shake-14oz-bottle,Muscle Milk Genuine Chocolate Protein Shake 14oz Bottle,product,Food & Beverage,PepsiCo,"PepsiCo, Inc.",Public Conglomerate,NASDAQ: PEP,False,"Manufactured by Muscle Milk, a division of PepsiCo. Packaged goods and snacks division of PepsiCo, Inc.",89.5,Local Co-op Potato Chips / Independent Popcorn / Regional Juices
muscle-milk-pro-series-intense-vanilla-40g,Muscle Milk Pro Series Intense Vanilla 40g,product,Food & Beverage,PepsiCo,"PepsiCo, Inc.",Public Conglomerate,NASDAQ: PEP,False,"Manufactured by Muscle Milk, a division of PepsiCo. Packaged goods and snacks division of PepsiCo, Inc.",89.5,Local Co-op Potato Chips / Independent Popcorn / Regional Juices
tropicana,Tropicana,brand,Food & Beverage,PepsiCo,"PepsiCo, Inc.",Public Conglomerate,NASDAQ: PEP,False,"Packaged goods and snacks division of PepsiCo, Inc.",89.5,Local Co-op Potato Chips / Independent Popcorn / Regional Juices
tropicana-pure-premium-original-no-pulp-orange-juice-52oz,Tropicana Pure Premium Original No Pulp Orange Juice 52oz,product,Food & Beverage,PepsiCo,"PepsiCo, Inc.",Public Conglomerate,NASDAQ: PEP,False,"Manufactured by Tropicana, a division of PepsiCo. Packaged goods and snacks division of PepsiCo, Inc.",89.5,Local Co-op Potato Chips / Independent Popcorn / Regional Juices
tropicana-grovestand-lots-of-pulp-orange-juice,Tropicana Grovestand Lots of Pulp Orange Juice,product,Food & Beverage,PepsiCo,"PepsiCo, Inc.",Public Conglomerate,NASDAQ: PEP,False,"Manufactured by Tropicana, a division of PepsiCo. Packaged goods and snacks division of PepsiCo, Inc.",89.5,Local Co-op Potato Chips / Independent Popcorn / Regional Juices
tropicana-homestyle-some-pulp-orange-juice,Tropicana Homestyle Some Pulp Orange Juice,product,Food & Beverage,PepsiCo,"PepsiCo, Inc.",Public Conglomerate,NASDAQ: PEP,False,"Manufactured by Tropicana, a division of PepsiCo. Packaged goods and snacks division of PepsiCo, Inc.",89.5,Local Co-op Potato Chips / Independent Popcorn / Regional Juices
naked-juice,Naked Juice,brand,Food & Beverage,PepsiCo,"PepsiCo, Inc.",Public Conglomerate,NASDAQ: PEP,False,"Packaged goods and snacks division of PepsiCo, Inc.",89.5,Local Co-op Potato Chips / Independent Popcorn / Regional Juices
naked-juice-green-machine-smoothie-152oz,Naked Juice Green Machine Smoothie 15.2oz,product,Food & Beverage,PepsiCo,"PepsiCo, Inc.",Public Conglomerate,NASDAQ: PEP,False,"Manufactured by Naked Juice, a division of PepsiCo. Packaged goods and snacks division of PepsiCo, Inc.",89.5,Local Co-op Potato Chips / Independent Popcorn / Regional Juices
naked-juice-mighty-mango-fruit-smoothie,Naked Juice Mighty Mango Fruit Smoothie,product,Food & Beverage,PepsiCo,"PepsiCo, Inc.",Public Conglomerate,NASDAQ: PEP,False,"Manufactured by Naked Juice, a division of PepsiCo. Packaged goods and snacks division of PepsiCo, Inc.",89.5,Local Co-op Potato Chips / Independent Popcorn / Regional Juices
naked-juice-blue-machine-antioxidant-smoothie,Naked Juice Blue Machine Antioxidant Smoothie,product,Food & Beverage,PepsiCo,"PepsiCo, Inc.",Public Conglomerate,NASDAQ: PEP,False,"Manufactured by Naked Juice, a division of PepsiCo. Packaged goods and snacks division of PepsiCo, Inc.",89.5,Local Co-op Potato Chips / Independent Popcorn / Regional Juices
izze,Izze,brand,Food & Beverage,PepsiCo,"PepsiCo, Inc.",Public Conglomerate,NASDAQ: PEP,False,"Packaged goods and snacks division of PepsiCo, Inc.",89.5,Local Co-op Potato Chips / Independent Popcorn / Regional Juices
izze-sparkling-juice-clementine-4-pack-cans,Izze Sparkling Juice Clementine 4-Pack Cans,product,Food & Beverage,PepsiCo,"PepsiCo, Inc.",Public Conglomerate,NASDAQ: PEP,False,"Manufactured by Izze, a division of PepsiCo. Packaged goods and snacks division of PepsiCo, Inc.",89.5,Local Co-op Potato Chips / Independent Popcorn / Regional Juices
izze-sparkling-apple-beverage-12oz-cans,Izze Sparkling Apple Beverage 12oz Cans,product,Food & Beverage,PepsiCo,"PepsiCo, Inc.",Public Conglomerate,NASDAQ: PEP,False,"Manufactured by Izze, a division of PepsiCo. Packaged goods and snacks division of PepsiCo, Inc.",89.5,Local Co-op Potato Chips / Independent Popcorn / Regional Juices
izze-sparkling-blackberry,Izze Sparkling Blackberry,product,Food & Beverage,PepsiCo,"PepsiCo, Inc.",Public Conglomerate,NASDAQ: PEP,False,"Manufactured by Izze, a division of PepsiCo. Packaged goods and snacks division of PepsiCo, Inc.",89.5,Local Co-op Potato Chips / Independent Popcorn / Regional Juices
pepsi-cola,Pepsi-Cola,brand,Food & Beverage,PepsiCo,"PepsiCo, Inc.",Public Conglomerate,NASDAQ: PEP,False,"Packaged goods and snacks division of PepsiCo, Inc.",89.5,Local Co-op Potato Chips / Independent Popcorn / Regional Juices
pepsi-original-soda-12oz-cans-12-pack,Pepsi Original Soda 12oz Cans 12-Pack,product,Food & Beverage,PepsiCo,"PepsiCo, Inc.",Public Conglomerate,NASDAQ: PEP,False,"Manufactured by Pepsi-Cola, a division of PepsiCo. Packaged goods and snacks division of PepsiCo, Inc.",89.5,Local Co-op Potato Chips / Independent Popcorn / Regional Juices
diet-pepsi-2-liter-bottle,Diet Pepsi 2-Liter Bottle,product,Food & Beverage,PepsiCo,"PepsiCo, Inc.",Public Conglomerate,NASDAQ: PEP,False,"Manufactured by Pepsi-Cola, a division of PepsiCo. Packaged goods and snacks division of PepsiCo, Inc.",89.5,Local Co-op Potato Chips / Independent Popcorn / Regional Juices
pepsi-zero-sugar-wild-cherry-12-pack,Pepsi Zero Sugar Wild Cherry 12-Pack,product,Food & Beverage,PepsiCo,"PepsiCo, Inc.",Public Conglomerate,NASDAQ: PEP,False,"Manufactured by Pepsi-Cola, a division of PepsiCo. Packaged goods and snacks division of PepsiCo, Inc.",89.5,Local Co-op Potato Chips / Independent Popcorn / Regional Juices
pepsi-real-sugar-glass-bottles,Pepsi Real Sugar Glass Bottles,product,Food & Beverage,PepsiCo,"PepsiCo, Inc.",Public Conglomerate,NASDAQ: PEP,False,"Manufactured by Pepsi-Cola, a division of PepsiCo. Packaged goods and snacks division of PepsiCo, Inc.",89.5,Local Co-op Potato Chips / Independent Popcorn / Regional Juices
mountain-dew,Mountain Dew,brand,Food & Beverage,PepsiCo,"PepsiCo, Inc.",Public Conglomerate,NASDAQ: PEP,False,"Packaged goods and snacks division of PepsiCo, Inc.",89.5,Local Co-op Potato Chips / Independent Popcorn / Regional Juices
mountain-dew-original-citrus-soda-12oz-cans-12-pack,Mountain Dew Original Citrus Soda 12oz Cans 12-Pack,product,Food & Beverage,PepsiCo,"PepsiCo, Inc.",Public Conglomerate,NASDAQ: PEP,False,"Manufactured by Mountain Dew, a division of PepsiCo. Packaged goods and snacks division of PepsiCo, Inc.",89.5,Local Co-op Potato Chips / Independent Popcorn / Regional Juices
mountain-dew-baja-blast-12-pack-cans,Mountain Dew Baja Blast 12-Pack Cans,product,Food & Beverage,PepsiCo,"PepsiCo, Inc.",Public Conglomerate,NASDAQ: PEP,False,"Manufactured by Mountain Dew, a division of PepsiCo. Packaged goods and snacks division of PepsiCo, Inc.",89.5,Local Co-op Potato Chips / Independent Popcorn / Regional Juices
diet-mountain-dew-2-liter-bottle,Diet Mountain Dew 2-Liter Bottle,product,Food & Beverage,PepsiCo,"PepsiCo, Inc.",Public Conglomerate,NASDAQ: PEP,False,"Manufactured by Mountain Dew, a division of PepsiCo. Packaged goods and snacks division of PepsiCo, Inc.",89.5,Local Co-op Potato Chips / Independent Popcorn / Regional Juices
mountain-dew-code-red-cherry-soda,Mountain Dew Code Red Cherry Soda,product,Food & Beverage,PepsiCo,"PepsiCo, Inc.",Public Conglomerate,NASDAQ: PEP,False,"Manufactured by Mountain Dew, a division of PepsiCo. Packaged goods and snacks division of PepsiCo, Inc.",89.5,Local Co-op Potato Chips / Independent Popcorn / Regional Juices
starry,Starry,brand,Food & Beverage,PepsiCo,"PepsiCo, Inc.",Public Conglomerate,NASDAQ: PEP,False,"Packaged goods and snacks division of PepsiCo, Inc.",89.5,Local Co-op Potato Chips / Independent Popcorn / Regional Juices
starry-lemon-lime-soda-12oz-cans-12-pack,Starry Lemon Lime Soda 12oz Cans 12-Pack,product,Food & Beverage,PepsiCo,"PepsiCo, Inc.",Public Conglomerate,NASDAQ: PEP,False,"Manufactured by Starry, a division of PepsiCo. Packaged goods and snacks division of PepsiCo, Inc.",89.5,Local Co-op Potato Chips / Independent Popcorn / Regional Juices
starry-zero-sugar-lemon-lime-2-liter,Starry Zero Sugar Lemon Lime 2-Liter,product,Food & Beverage,PepsiCo,"PepsiCo, Inc.",Public Conglomerate,NASDAQ: PEP,False,"Manufactured by Starry, a division of PepsiCo. Packaged goods and snacks division of PepsiCo, Inc.",89.5,Local Co-op Potato Chips / Independent Popcorn / Regional Juices
aquafina,Aquafina,brand,Food & Beverage,PepsiCo,"PepsiCo, Inc.",Public Conglomerate,NASDAQ: PEP,False,"Packaged goods and snacks division of PepsiCo, Inc.",89.5,Local Co-op Potato Chips / Independent Popcorn / Regional Juices
aquafina-purified-drinking-water-24-pack-bottles,Aquafina Purified Drinking Water 24-Pack Bottles,product,Food & Beverage,PepsiCo,"PepsiCo, Inc.",Public Conglomerate,NASDAQ: PEP,False,"Manufactured by Aquafina, a division of PepsiCo. Packaged goods and snacks division of PepsiCo, Inc.",89.5,Local Co-op Potato Chips / Independent Popcorn / Regional Juices
aquafina-bottled-water-1-liter,Aquafina Bottled Water 1-Liter,product,Food & Beverage,PepsiCo,"PepsiCo, Inc.",Public Conglomerate,NASDAQ: PEP,False,"Manufactured by Aquafina, a division of PepsiCo. Packaged goods and snacks division of PepsiCo, Inc.",89.5,Local Co-op Potato Chips / Independent Popcorn / Regional Juices
bubly,Bubly,brand,Food & Beverage,PepsiCo,"PepsiCo, Inc.",Public Conglomerate,NASDAQ: PEP,False,"Packaged goods and snacks division of PepsiCo, Inc.",89.5,Local Co-op Potato Chips / Independent Popcorn / Regional Juices
bubly-sparkling-water-limebubly-8-pack-cans,Bubly Sparkling Water Limebubly 8-Pack Cans,product,Food & Beverage,PepsiCo,"PepsiCo, Inc.",Public Conglomerate,NASDAQ: PEP,False,"Manufactured by Bubly, a division of PepsiCo. Packaged goods and snacks division of PepsiCo, Inc.",89.5,Local Co-op Potato Chips / Independent Popcorn / Regional Juices
bubly-grapefruitbubly-sparkling-water,Bubly Grapefruitbubly Sparkling Water,product,Food & Beverage,PepsiCo,"PepsiCo, Inc.",Public Conglomerate,NASDAQ: PEP,False,"Manufactured by Bubly, a division of PepsiCo. Packaged goods and snacks division of PepsiCo, Inc.",89.5,Local Co-op Potato Chips / Independent Popcorn / Regional Juices
bubly-cherrybubly-sparkling-water-8-pack,Bubly Cherrybubly Sparkling Water 8-Pack,product,Food & Beverage,PepsiCo,"PepsiCo, Inc.",Public Conglomerate,NASDAQ: PEP,False,"Manufactured by Bubly, a division of PepsiCo. Packaged goods and snacks division of PepsiCo, Inc.",89.5,Local Co-op Potato Chips / Independent Popcorn / Regional Juices
pure-leaf,Pure Leaf,brand,Food & Beverage,PepsiCo,"PepsiCo, Inc.",Public Conglomerate,NASDAQ: PEP,False,"Packaged goods and snacks division of PepsiCo, Inc.",89.5,Local Co-op Potato Chips / Independent Popcorn / Regional Juices
pure-leaf-unsweetened-black-iced-tea-185oz-bottle,Pure Leaf Unsweetened Black Iced Tea 18.5oz Bottle,product,Food & Beverage,PepsiCo,"PepsiCo, Inc.",Public Conglomerate,NASDAQ: PEP,False,"Manufactured by Pure Leaf, a division of PepsiCo. Packaged goods and snacks division of PepsiCo, Inc.",89.5,Local Co-op Potato Chips / Independent Popcorn / Regional Juices
pure-leaf-sweet-tea-real-brewed-6-pack,Pure Leaf Sweet Tea Real Brewed 6-Pack,product,Food & Beverage,PepsiCo,"PepsiCo, Inc.",Public Conglomerate,NASDAQ: PEP,False,"Manufactured by Pure Leaf, a division of PepsiCo. Packaged goods and snacks division of PepsiCo, Inc.",89.5,Local Co-op Potato Chips / Independent Popcorn / Regional Juices
pure-leaf-extra-sweet-tea,Pure Leaf Extra Sweet Tea,product,Food & Beverage,PepsiCo,"PepsiCo, Inc.",Public Conglomerate,NASDAQ: PEP,False,"Manufactured by Pure Leaf, a division of PepsiCo. Packaged goods and snacks division of PepsiCo, Inc.",89.5,Local Co-op Potato Chips / Independent Popcorn / Regional Juices
san-pellegrino,San Pellegrino,brand,Food & Beverage,Nestlé,Nestlé S.A.,Public Conglomerate,SIX: NESN / OTC: NSRGY,False,"Global consumer packaged foods, pet food, and bottled water holding of Nestlé S.A.",92.0,Equal Exchange Coffee / Local Dairy Co-ops / Open Farm Pet Food
san-pellegrino-sparkling-natural-mineral-water-1-liter-glass-bottle,San Pellegrino Sparkling Natural Mineral Water 1-Liter Glass Bottle,product,Food & Beverage,Nestlé,Nestlé S.A.,Public Conglomerate,SIX: NESN / OTC: NSRGY,False,"Manufactured by San Pellegrino, a division of Nestlé. Global consumer packaged foods, pet food, and bottled water holding of Nestlé S.A.",92.0,Equal Exchange Coffee / Local Dairy Co-ops / Open Farm Pet Food
san-pellegrino-essenza-dark-morello-cherry-pomegranate,San Pellegrino Essenza Dark Morello Cherry & Pomegranate,product,Food & Beverage,Nestlé,Nestlé S.A.,Public Conglomerate,SIX: NESN / OTC: NSRGY,False,"Manufactured by San Pellegrino, a division of Nestlé. Global consumer packaged foods, pet food, and bottled water holding of Nestlé S.A.",92.0,Equal Exchange Coffee / Local Dairy Co-ops / Open Farm Pet Food
san-pellegrino-aranciata-orange-italian-soda-cans,San Pellegrino Aranciata Orange Italian Soda Cans,product,Food & Beverage,Nestlé,Nestlé S.A.,Public Conglomerate,SIX: NESN / OTC: NSRGY,False,"Manufactured by San Pellegrino, a division of Nestlé. Global consumer packaged foods, pet food, and bottled water holding of Nestlé S.A.",92.0,Equal Exchange Coffee / Local Dairy Co-ops / Open Farm Pet Food
perrier,Perrier,brand,Food & Beverage,Nestlé,Nestlé S.A.,Public Conglomerate,SIX: NESN / OTC: NSRGY,False,"Global consumer packaged foods, pet food, and bottled water holding of Nestlé S.A.",92.0,Equal Exchange Coffee / Local Dairy Co-ops / Open Farm Pet Food
perrier-carbonated-mineral-water-169oz-plastic-bottles-6-pack,Perrier Carbonated Mineral Water 16.9oz Plastic Bottles 6-Pack,product,Food & Beverage,Nestlé,Nestlé S.A.,Public Conglomerate,SIX: NESN / OTC: NSRGY,False,"Manufactured by Perrier, a division of Nestlé. Global consumer packaged foods, pet food, and bottled water holding of Nestlé S.A.",92.0,Equal Exchange Coffee / Local Dairy Co-ops / Open Farm Pet Food
perrier-lime-flavored-sparkling-water-cans,Perrier Lime Flavored Sparkling Water Cans,product,Food & Beverage,Nestlé,Nestlé S.A.,Public Conglomerate,SIX: NESN / OTC: NSRGY,False,"Manufactured by Perrier, a division of Nestlé. Global consumer packaged foods, pet food, and bottled water holding of Nestlé S.A.",92.0,Equal Exchange Coffee / Local Dairy Co-ops / Open Farm Pet Food
acqua-panna,Acqua Panna,brand,Food & Beverage,Nestlé,Nestlé S.A.,Public Conglomerate,SIX: NESN / OTC: NSRGY,False,"Global consumer packaged foods, pet food, and bottled water holding of Nestlé S.A.",92.0,Equal Exchange Coffee / Local Dairy Co-ops / Open Farm Pet Food
acqua-panna-natural-spring-water-1-liter-plastic-bottle,Acqua Panna Natural Spring Water 1-Liter Plastic Bottle,product,Food & Beverage,Nestlé,Nestlé S.A.,Public Conglomerate,SIX: NESN / OTC: NSRGY,False,"Manufactured by Acqua Panna, a division of Nestlé. Global consumer packaged foods, pet food, and bottled water holding of Nestlé S.A.",92.0,Equal Exchange Coffee / Local Dairy Co-ops / Open Farm Pet Food
poland-spring,Poland Spring,brand,Food & Beverage,Nestlé,Nestlé S.A.,Public Conglomerate,SIX: NESN / OTC: NSRGY,False,"Global consumer packaged foods, pet food, and bottled water holding of Nestlé S.A.",92.0,Equal Exchange Coffee / Local Dairy Co-ops / Open Farm Pet Food
poland-spring-100-natural-spring-water-24-pack-bottles,Poland Spring 100% Natural Spring Water 24-Pack Bottles,product,Food & Beverage,Nestlé,Nestlé S.A.,Public Conglomerate,SIX: NESN / OTC: NSRGY,False,"Manufactured by Poland Spring, a division of Nestlé. Global consumer packaged foods, pet food, and bottled water holding of Nestlé S.A.",92.0,Equal Exchange Coffee / Local Dairy Co-ops / Open Farm Pet Food
poland-spring-distilled-water-1-gallon-jug,Poland Spring Distilled Water 1-Gallon Jug,product,Food & Beverage,Nestlé,Nestlé S.A.,Public Conglomerate,SIX: NESN / OTC: NSRGY,False,"Manufactured by Poland Spring, a division of Nestlé. Global consumer packaged foods, pet food, and bottled water holding of Nestlé S.A.",92.0,Equal Exchange Coffee / Local Dairy Co-ops / Open Farm Pet Food
gerber,Gerber,brand,Food & Beverage,Nestlé,Nestlé S.A.,Public Conglomerate,SIX: NESN / OTC: NSRGY,False,"Global consumer packaged foods, pet food, and bottled water holding of Nestlé S.A.",92.0,Equal Exchange Coffee / Local Dairy Co-ops / Open Farm Pet Food
gerber-2nd-foods-sweet-potato-baby-food-tub-2-pack,Gerber 2nd Foods Sweet Potato Baby Food Tub 2-Pack,product,Food & Beverage,Nestlé,Nestlé S.A.,Public Conglomerate,SIX: NESN / OTC: NSRGY,False,"Manufactured by Gerber, a division of Nestlé. Global consumer packaged foods, pet food, and bottled water holding of Nestlé S.A.",92.0,Equal Exchange Coffee / Local Dairy Co-ops / Open Farm Pet Food
gerber-graduates-puffs-banana-cereal-snack,Gerber Graduates Puffs Banana Cereal Snack,product,Food & Beverage,Nestlé,Nestlé S.A.,Public Conglomerate,SIX: NESN / OTC: NSRGY,False,"Manufactured by Gerber, a division of Nestlé. Global consumer packaged foods, pet food, and bottled water holding of Nestlé S.A.",92.0,Equal Exchange Coffee / Local Dairy Co-ops / Open Farm Pet Food
gerber-organic-1st-foods-prune-puree,Gerber Organic 1st Foods Prune Puree,product,Food & Beverage,Nestlé,Nestlé S.A.,Public Conglomerate,SIX: NESN / OTC: NSRGY,False,"Manufactured by Gerber, a division of Nestlé. Global consumer packaged foods, pet food, and bottled water holding of Nestlé S.A.",92.0,Equal Exchange Coffee / Local Dairy Co-ops / Open Farm Pet Food
gerber-good-start-gentle-pro-infant-formula,Gerber Good Start Gentle Pro Infant Formula,product,Food & Beverage,Nestlé,Nestlé S.A.,Public Conglomerate,SIX: NESN / OTC: NSRGY,False,"Manufactured by Gerber, a division of Nestlé. Global consumer packaged foods, pet food, and bottled water holding of Nestlé S.A.",92.0,Equal Exchange Coffee / Local Dairy Co-ops / Open Farm Pet Food
toll-house,Toll House,brand,Food & Beverage,Nestlé,Nestlé S.A.,Public Conglomerate,SIX: NESN / OTC: NSRGY,False,"Global consumer packaged foods, pet food, and bottled water holding of Nestlé S.A.",92.0,Equal Exchange Coffee / Local Dairy Co-ops / Open Farm Pet Food
nestlé-toll-house-semi-sweet-chocolate-morsels-12oz-bag,Nestlé Toll House Semi-Sweet Chocolate Morsels 12oz Bag,product,Food & Beverage,Nestlé,Nestlé S.A.,Public Conglomerate,SIX: NESN / OTC: NSRGY,False,"Manufactured by Toll House, a division of Nestlé. Global consumer packaged foods, pet food, and bottled water holding of Nestlé S.A.",92.0,Equal Exchange Coffee / Local Dairy Co-ops / Open Farm Pet Food
nestlé-toll-house-refrigerated-chocolate-chip-cookie-dough-tub,Nestlé Toll House Refrigerated Chocolate Chip Cookie Dough Tub,product,Food & Beverage,Nestlé,Nestlé S.A.,Public Conglomerate,SIX: NESN / OTC: NSRGY,False,"Manufactured by Toll House, a division of Nestlé. Global consumer packaged foods, pet food, and bottled water holding of Nestlé S.A.",92.0,Equal Exchange Coffee / Local Dairy Co-ops / Open Farm Pet Food
nestlé-toll-house-milk-chocolate-morsels,Nestlé Toll House Milk Chocolate Morsels,product,Food & Beverage,Nestlé,Nestlé S.A.,Public Conglomerate,SIX: NESN / OTC: NSRGY,False,"Manufactured by Toll House, a division of Nestlé. Global consumer packaged foods, pet food, and bottled water holding of Nestlé S.A.",92.0,Equal Exchange Coffee / Local Dairy Co-ops / Open Farm Pet Food
kitkat-us-hershey-license-global-nestlé,KitKat (US: Hershey license / Global: Nestlé),brand,Food & Beverage,Nestlé,Nestlé S.A.,Public Conglomerate,SIX: NESN / OTC: NSRGY,False,"Global consumer packaged foods, pet food, and bottled water holding of Nestlé S.A.",92.0,Equal Exchange Coffee / Local Dairy Co-ops / Open Farm Pet Food
kitkat-crisp-wafers-in-milk-chocolate-candy-bar,KitKat Crisp Wafers in Milk Chocolate Candy Bar,product,Food & Beverage,Nestlé,Nestlé S.A.,Public Conglomerate,SIX: NESN / OTC: NSRGY,False,"Manufactured by KitKat (US: Hershey license / Global: Nestlé), a division of Nestlé. Global consumer packaged foods, pet food, and bottled water holding of Nestlé S.A.",92.0,Equal Exchange Coffee / Local Dairy Co-ops / Open Farm Pet Food
kitkat-king-size-4-finger-chocolate-bar,KitKat King Size 4-Finger Chocolate Bar,product,Food & Beverage,Nestlé,Nestlé S.A.,Public Conglomerate,SIX: NESN / OTC: NSRGY,False,"Manufactured by KitKat (US: Hershey license / Global: Nestlé), a division of Nestlé. Global consumer packaged foods, pet food, and bottled water holding of Nestlé S.A.",92.0,Equal Exchange Coffee / Local Dairy Co-ops / Open Farm Pet Food
kitkat-dark-chocolate-wafer-bar,KitKat Dark Chocolate Wafer Bar,product,Food & Beverage,Nestlé,Nestlé S.A.,Public Conglomerate,SIX: NESN / OTC: NSRGY,False,"Manufactured by KitKat (US: Hershey license / Global: Nestlé), a division of Nestlé. Global consumer packaged foods, pet food, and bottled water holding of Nestlé S.A.",92.0,Equal Exchange Coffee / Local Dairy Co-ops / Open Farm Pet Food
nesquik,Nesquik,brand,Food & Beverage,Nestlé,Nestlé S.A.,Public Conglomerate,SIX: NESN / OTC: NSRGY,False,"Global consumer packaged foods, pet food, and bottled water holding of Nestlé S.A.",92.0,Equal Exchange Coffee / Local Dairy Co-ops / Open Farm Pet Food
nesquik-chocolate-flavored-powder-drink-mix-tub,Nesquik Chocolate Flavored Powder Drink Mix Tub,product,Food & Beverage,Nestlé,Nestlé S.A.,Public Conglomerate,SIX: NESN / OTC: NSRGY,False,"Manufactured by Nesquik, a division of Nestlé. Global consumer packaged foods, pet food, and bottled water holding of Nestlé S.A.",92.0,Equal Exchange Coffee / Local Dairy Co-ops / Open Farm Pet Food
nesquik-ready-to-drink-lowfat-chocolate-milk-bottle-14oz,Nesquik Ready to Drink Lowfat Chocolate Milk Bottle 14oz,product,Food & Beverage,Nestlé,Nestlé S.A.,Public Conglomerate,SIX: NESN / OTC: NSRGY,False,"Manufactured by Nesquik, a division of Nestlé. Global consumer packaged foods, pet food, and bottled water holding of Nestlé S.A.",92.0,Equal Exchange Coffee / Local Dairy Co-ops / Open Farm Pet Food
nesquik-strawberry-powder-mix,Nesquik Strawberry Powder Mix,product,Food & Beverage,Nestlé,Nestlé S.A.,Public Conglomerate,SIX: NESN / OTC: NSRGY,False,"Manufactured by Nesquik, a division of Nestlé. Global consumer packaged foods, pet food, and bottled water holding of Nestlé S.A.",92.0,Equal Exchange Coffee / Local Dairy Co-ops / Open Farm Pet Food
nescafé,Nescafé,brand,Food & Beverage,Nestlé,Nestlé S.A.,Public Conglomerate,SIX: NESN / OTC: NSRGY,False,"Global consumer packaged foods, pet food, and bottled water holding of Nestlé S.A.",92.0,Equal Exchange Coffee / Local Dairy Co-ops / Open Farm Pet Food
nescafé-clásico-instant-dark-roast-coffee-jar,Nescafé Clásico Instant Dark Roast Coffee Jar,product,Food & Beverage,Nestlé,Nestlé S.A.,Public Conglomerate,SIX: NESN / OTC: NSRGY,False,"Manufactured by Nescafé, a division of Nestlé. Global consumer packaged foods, pet food, and bottled water holding of Nestlé S.A.",92.0,Equal Exchange Coffee / Local Dairy Co-ops / Open Farm Pet Food
nescafé-tasters-choice-house-blend-instant-coffee,Nescafé Taster's Choice House Blend Instant Coffee,product,Food & Beverage,Nestlé,Nestlé S.A.,Public Conglomerate,SIX: NESN / OTC: NSRGY,False,"Manufactured by Nescafé, a division of Nestlé. Global consumer packaged foods, pet food, and bottled water holding of Nestlé S.A.",92.0,Equal Exchange Coffee / Local Dairy Co-ops / Open Farm Pet Food
nescafé-dolce-gusto-espresso-capsules,Nescafé Dolce Gusto Espresso Capsules,product,Food & Beverage,Nestlé,Nestlé S.A.,Public Conglomerate,SIX: NESN / OTC: NSRGY,False,"Manufactured by Nescafé, a division of Nestlé. Global consumer packaged foods, pet food, and bottled water holding of Nestlé S.A.",92.0,Equal Exchange Coffee / Local Dairy Co-ops / Open Farm Pet Food
nespresso,Nespresso,brand,Food & Beverage,Nestlé,Nestlé S.A.,Public Conglomerate,SIX: NESN / OTC: NSRGY,False,"Global consumer packaged foods, pet food, and bottled water holding of Nestlé S.A.",92.0,Equal Exchange Coffee / Local Dairy Co-ops / Open Farm Pet Food
nespresso-vertuo-line-stormio-dark-roast-coffee-pods,Nespresso Vertuo Line Stormio Dark Roast Coffee Pods,product,Food & Beverage,Nestlé,Nestlé S.A.,Public Conglomerate,SIX: NESN / OTC: NSRGY,False,"Manufactured by Nespresso, a division of Nestlé. Global consumer packaged foods, pet food, and bottled water holding of Nestlé S.A.",92.0,Equal Exchange Coffee / Local Dairy Co-ops / Open Farm Pet Food
nespresso-original-line-ispirazione-ristretto-pods,Nespresso Original Line Ispirazione Ristretto Pods,product,Food & Beverage,Nestlé,Nestlé S.A.,Public Conglomerate,SIX: NESN / OTC: NSRGY,False,"Manufactured by Nespresso, a division of Nestlé. Global consumer packaged foods, pet food, and bottled water holding of Nestlé S.A.",92.0,Equal Exchange Coffee / Local Dairy Co-ops / Open Farm Pet Food
nespresso-vertuo-double-espresso-scuro-capsules,Nespresso Vertuo Double Espresso Scuro Capsules,product,Food & Beverage,Nestlé,Nestlé S.A.,Public Conglomerate,SIX: NESN / OTC: NSRGY,False,"Manufactured by Nespresso, a division of Nestlé. Global consumer packaged foods, pet food, and bottled water holding of Nestlé S.A.",92.0,Equal Exchange Coffee / Local Dairy Co-ops / Open Farm Pet Food
coffee-mate,Coffee-mate,brand,Food & Beverage,Nestlé,Nestlé S.A.,Public Conglomerate,SIX: NESN / OTC: NSRGY,False,"Global consumer packaged foods, pet food, and bottled water holding of Nestlé S.A.",92.0,Equal Exchange Coffee / Local Dairy Co-ops / Open Farm Pet Food
coffee-mate-french-vanilla-liquid-coffee-creamer-32oz,Coffee-mate French Vanilla Liquid Coffee Creamer 32oz,product,Food & Beverage,Nestlé,Nestlé S.A.,Public Conglomerate,SIX: NESN / OTC: NSRGY,False,"Manufactured by Coffee-mate, a division of Nestlé. Global consumer packaged foods, pet food, and bottled water holding of Nestlé S.A.",92.0,Equal Exchange Coffee / Local Dairy Co-ops / Open Farm Pet Food
coffee-mate-original-powdered-coffee-creamer-tub,Coffee-mate Original Powdered Coffee Creamer Tub,product,Food & Beverage,Nestlé,Nestlé S.A.,Public Conglomerate,SIX: NESN / OTC: NSRGY,False,"Manufactured by Coffee-mate, a division of Nestlé. Global consumer packaged foods, pet food, and bottled water holding of Nestlé S.A.",92.0,Equal Exchange Coffee / Local Dairy Co-ops / Open Farm Pet Food
coffee-mate-hazelnut-liquid-creamer-64oz,Coffee-mate Hazelnut Liquid Creamer 64oz,product,Food & Beverage,Nestlé,Nestlé S.A.,Public Conglomerate,SIX: NESN / OTC: NSRGY,False,"Manufactured by Coffee-mate, a division of Nestlé. Global consumer packaged foods, pet food, and bottled water holding of Nestlé S.A.",92.0,Equal Exchange Coffee / Local Dairy Co-ops / Open Farm Pet Food
coffee-mate-natural-bliss-sweet-cream-creamer,Coffee-mate Natural Bliss Sweet Cream Creamer,product,Food & Beverage,Nestlé,Nestlé S.A.,Public Conglomerate,SIX: NESN / OTC: NSRGY,False,"Manufactured by Coffee-mate, a division of Nestlé. Global consumer packaged foods, pet food, and bottled water holding of Nestlé S.A.",92.0,Equal Exchange Coffee / Local Dairy Co-ops / Open Farm Pet Food
stouffers,Stouffer's,brand,Food & Beverage,Nestlé,Nestlé S.A.,Public Conglomerate,SIX: NESN / OTC: NSRGY,False,"Global consumer packaged foods, pet food, and bottled water holding of Nestlé S.A.",92.0,Equal Exchange Coffee / Local Dairy Co-ops / Open Farm Pet Food
stouffers-lasagna-with-meat-sauce-family-size-frozen-entree,Stouffer's Lasagna with Meat & Sauce Family Size Frozen Entree,product,Food & Beverage,Nestlé,Nestlé S.A.,Public Conglomerate,SIX: NESN / OTC: NSRGY,False,"Manufactured by Stouffer's, a division of Nestlé. Global consumer packaged foods, pet food, and bottled water holding of Nestlé S.A.",92.0,Equal Exchange Coffee / Local Dairy Co-ops / Open Farm Pet Food
stouffers-macaroni-cheese-frozen-dinner-12oz,Stouffer's Macaroni & Cheese Frozen Dinner 12oz,product,Food & Beverage,Nestlé,Nestlé S.A.,Public Conglomerate,SIX: NESN / OTC: NSRGY,False,"Manufactured by Stouffer's, a division of Nestlé. Global consumer packaged foods, pet food, and bottled water holding of Nestlé S.A.",92.0,Equal Exchange Coffee / Local Dairy Co-ops / Open Farm Pet Food
stouffers-french-bread-pepperoni-pizza-2-pack,Stouffer's French Bread Pepperoni Pizza 2-Pack,product,Food & Beverage,Nestlé,Nestlé S.A.,Public Conglomerate,SIX: NESN / OTC: NSRGY,False,"Manufactured by Stouffer's, a division of Nestlé. Global consumer packaged foods, pet food, and bottled water holding of Nestlé S.A.",92.0,Equal Exchange Coffee / Local Dairy Co-ops / Open Farm Pet Food
stouffers-stuffed-green-peppers-frozen-meal,Stouffer's Stuffed Green Peppers Frozen Meal,product,Food & Beverage,Nestlé,Nestlé S.A.,Public Conglomerate,SIX: NESN / OTC: NSRGY,False,"Manufactured by Stouffer's, a division of Nestlé. Global consumer packaged foods, pet food, and bottled water holding of Nestlé S.A.",92.0,Equal Exchange Coffee / Local Dairy Co-ops / Open Farm Pet Food
lean-cuisine,Lean Cuisine,brand,Food & Beverage,Nestlé,Nestlé S.A.,Public Conglomerate,SIX: NESN / OTC: NSRGY,False,"Global consumer packaged foods, pet food, and bottled water holding of Nestlé S.A.",92.0,Equal Exchange Coffee / Local Dairy Co-ops / Open Farm Pet Food
lean-cuisine-features-glazed-chicken-frozen-meal,Lean Cuisine Features Glazed Chicken Frozen Meal,product,Food & Beverage,Nestlé,Nestlé S.A.,Public Conglomerate,SIX: NESN / OTC: NSRGY,False,"Manufactured by Lean Cuisine, a division of Nestlé. Global consumer packaged foods, pet food, and bottled water holding of Nestlé S.A.",92.0,Equal Exchange Coffee / Local Dairy Co-ops / Open Farm Pet Food
lean-cuisine-favorites-four-cheese-pizza,Lean Cuisine Favorites Four Cheese Pizza,product,Food & Beverage,Nestlé,Nestlé S.A.,Public Conglomerate,SIX: NESN / OTC: NSRGY,False,"Manufactured by Lean Cuisine, a division of Nestlé. Global consumer packaged foods, pet food, and bottled water holding of Nestlé S.A.",92.0,Equal Exchange Coffee / Local Dairy Co-ops / Open Farm Pet Food
lean-cuisine-vermont-white-cheddar-macaroni-beef,Lean Cuisine Vermont White Cheddar Macaroni & Beef,product,Food & Beverage,Nestlé,Nestlé S.A.,Public Conglomerate,SIX: NESN / OTC: NSRGY,False,"Manufactured by Lean Cuisine, a division of Nestlé. Global consumer packaged foods, pet food, and bottled water holding of Nestlé S.A.",92.0,Equal Exchange Coffee / Local Dairy Co-ops / Open Farm Pet Food
hot-pockets,Hot Pockets,brand,Food & Beverage,Nestlé,Nestlé S.A.,Public Conglomerate,SIX: NESN / OTC: NSRGY,False,"Global consumer packaged foods, pet food, and bottled water holding of Nestlé S.A.",92.0,Equal Exchange Coffee / Local Dairy Co-ops / Open Farm Pet Food
hot-pockets-pepperoni-pizza-garlic-buttery-crust-2-pack,Hot Pockets Pepperoni Pizza Garlic Buttery Crust 2-Pack,product,Food & Beverage,Nestlé,Nestlé S.A.,Public Conglomerate,SIX: NESN / OTC: NSRGY,False,"Manufactured by Hot Pockets, a division of Nestlé. Global consumer packaged foods, pet food, and bottled water holding of Nestlé S.A.",92.0,Equal Exchange Coffee / Local Dairy Co-ops / Open Farm Pet Food
hot-pockets-ham-cheddar-crispy-crust-sandwiches,Hot Pockets Ham & Cheddar Crispy Crust Sandwiches,product,Food & Beverage,Nestlé,Nestlé S.A.,Public Conglomerate,SIX: NESN / OTC: NSRGY,False,"Manufactured by Hot Pockets, a division of Nestlé. Global consumer packaged foods, pet food, and bottled water holding of Nestlé S.A.",92.0,Equal Exchange Coffee / Local Dairy Co-ops / Open Farm Pet Food
hot-pockets-philly-steak-cheese-5-pack,Hot Pockets Philly Steak & Cheese 5-Pack,product,Food & Beverage,Nestlé,Nestlé S.A.,Public Conglomerate,SIX: NESN / OTC: NSRGY,False,"Manufactured by Hot Pockets, a division of Nestlé. Global consumer packaged foods, pet food, and bottled water holding of Nestlé S.A.",92.0,Equal Exchange Coffee / Local Dairy Co-ops / Open Farm Pet Food
digiorno,DiGiorno,brand,Food & Beverage,Nestlé,Nestlé S.A.,Public Conglomerate,SIX: NESN / OTC: NSRGY,False,"Global consumer packaged foods, pet food, and bottled water holding of Nestlé S.A.",92.0,Equal Exchange Coffee / Local Dairy Co-ops / Open Farm Pet Food
digiorno-rising-crust-pepperoni-frozen-pizza,DiGiorno Rising Crust Pepperoni Frozen Pizza,product,Food & Beverage,Nestlé,Nestlé S.A.,Public Conglomerate,SIX: NESN / OTC: NSRGY,False,"Manufactured by DiGiorno, a division of Nestlé. Global consumer packaged foods, pet food, and bottled water holding of Nestlé S.A.",92.0,Equal Exchange Coffee / Local Dairy Co-ops / Open Farm Pet Food
digiorno-four-cheese-self-rising-crust-pizza,DiGiorno Four Cheese Self-Rising Crust Pizza,product,Food & Beverage,Nestlé,Nestlé S.A.,Public Conglomerate,SIX: NESN / OTC: NSRGY,False,"Manufactured by DiGiorno, a division of Nestlé. Global consumer packaged foods, pet food, and bottled water holding of Nestlé S.A.",92.0,Equal Exchange Coffee / Local Dairy Co-ops / Open Farm Pet Food
digiorno-stuffed-crust-five-cheese-pizza,DiGiorno Stuffed Crust Five Cheese Pizza,product,Food & Beverage,Nestlé,Nestlé S.A.,Public Conglomerate,SIX: NESN / OTC: NSRGY,False,"Manufactured by DiGiorno, a division of Nestlé. Global consumer packaged foods, pet food, and bottled water holding of Nestlé S.A.",92.0,Equal Exchange Coffee / Local Dairy Co-ops / Open Farm Pet Food
tombstone,Tombstone,brand,Food & Beverage,Nestlé,Nestlé S.A.,Public Conglomerate,SIX: NESN / OTC: NSRGY,False,"Global consumer packaged foods, pet food, and bottled water holding of Nestlé S.A.",92.0,Equal Exchange Coffee / Local Dairy Co-ops / Open Farm Pet Food
tombstone-original-pepperoni-frozen-pizza,Tombstone Original Pepperoni Frozen Pizza,product,Food & Beverage,Nestlé,Nestlé S.A.,Public Conglomerate,SIX: NESN / OTC: NSRGY,False,"Manufactured by Tombstone, a division of Nestlé. Global consumer packaged foods, pet food, and bottled water holding of Nestlé S.A.",92.0,Equal Exchange Coffee / Local Dairy Co-ops / Open Farm Pet Food
tombstone-five-cheese-frozen-pizza,Tombstone Five Cheese Frozen Pizza,product,Food & Beverage,Nestlé,Nestlé S.A.,Public Conglomerate,SIX: NESN / OTC: NSRGY,False,"Manufactured by Tombstone, a division of Nestlé. Global consumer packaged foods, pet food, and bottled water holding of Nestlé S.A.",92.0,Equal Exchange Coffee / Local Dairy Co-ops / Open Farm Pet Food
sweet-earth,Sweet Earth,brand,Food & Beverage,Nestlé,Nestlé S.A.,Public Conglomerate,SIX: NESN / OTC: NSRGY,False,"Global consumer packaged foods, pet food, and bottled water holding of Nestlé S.A.",92.0,Equal Exchange Coffee / Local Dairy Co-ops / Open Farm Pet Food
sweet-earth-awesome-burger-plant-based-patties,Sweet Earth Awesome Burger Plant-Based Patties,product,Food & Beverage,Nestlé,Nestlé S.A.,Public Conglomerate,SIX: NESN / OTC: NSRGY,False,"Manufactured by Sweet Earth, a division of Nestlé. Global consumer packaged foods, pet food, and bottled water holding of Nestlé S.A.",92.0,Equal Exchange Coffee / Local Dairy Co-ops / Open Farm Pet Food
sweet-earth-traditional-seitan-strips,Sweet Earth Traditional Seitan Strips,product,Food & Beverage,Nestlé,Nestlé S.A.,Public Conglomerate,SIX: NESN / OTC: NSRGY,False,"Manufactured by Sweet Earth, a division of Nestlé. Global consumer packaged foods, pet food, and bottled water holding of Nestlé S.A.",92.0,Equal Exchange Coffee / Local Dairy Co-ops / Open Farm Pet Food
sweet-earth-general-tsos-tofu-frozen-bowl,Sweet Earth General Tso's Tofu Frozen Bowl,product,Food & Beverage,Nestlé,Nestlé S.A.,Public Conglomerate,SIX: NESN / OTC: NSRGY,False,"Manufactured by Sweet Earth, a division of Nestlé. Global consumer packaged foods, pet food, and bottled water holding of Nestlé S.A.",92.0,Equal Exchange Coffee / Local Dairy Co-ops / Open Farm Pet Food
chameleon-cold-brew,Chameleon Cold-Brew,brand,Food & Beverage,Nestlé,Nestlé S.A.,Public Conglomerate,SIX: NESN / OTC: NSRGY,False,"Global consumer packaged foods, pet food, and bottled water holding of Nestlé S.A.",92.0,Equal Exchange Coffee / Local Dairy Co-ops / Open Farm Pet Food
chameleon-organic-cold-brew-coffee-concentrate-original,Chameleon Organic Cold-Brew Coffee Concentrate Original,product,Food & Beverage,Nestlé,Nestlé S.A.,Public Conglomerate,SIX: NESN / OTC: NSRGY,False,"Manufactured by Chameleon Cold-Brew, a division of Nestlé. Global consumer packaged foods, pet food, and bottled water holding of Nestlé S.A.",92.0,Equal Exchange Coffee / Local Dairy Co-ops / Open Farm Pet Food
chameleon-organic-whole-bean-coffee-dark-roast,Chameleon Organic Whole Bean Coffee Dark Roast,product,Food & Beverage,Nestlé,Nestlé S.A.,Public Conglomerate,SIX: NESN / OTC: NSRGY,False,"Manufactured by Chameleon Cold-Brew, a division of Nestlé. Global consumer packaged foods, pet food, and bottled water holding of Nestlé S.A.",92.0,Equal Exchange Coffee / Local Dairy Co-ops / Open Farm Pet Food
blue-bottle-coffee,Blue Bottle Coffee,brand,Food & Beverage,Nestlé,Nestlé S.A.,Public Conglomerate,SIX: NESN / OTC: NSRGY,False,"Global consumer packaged foods, pet food, and bottled water holding of Nestlé S.A.",92.0,Equal Exchange Coffee / Local Dairy Co-ops / Open Farm Pet Food
blue-bottle-bella-donovan-whole-bean-craft-coffee,Blue Bottle Bella Donovan Whole Bean Craft Coffee,product,Food & Beverage,Nestlé,Nestlé S.A.,Public Conglomerate,SIX: NESN / OTC: NSRGY,False,"Manufactured by Blue Bottle Coffee, a division of Nestlé. Global consumer packaged foods, pet food, and bottled water holding of Nestlé S.A.",92.0,Equal Exchange Coffee / Local Dairy Co-ops / Open Farm Pet Food
blue-bottle-giant-steps-blend-coffee-bag,Blue Bottle Giant Steps Blend Coffee Bag,product,Food & Beverage,Nestlé,Nestlé S.A.,Public Conglomerate,SIX: NESN / OTC: NSRGY,False,"Manufactured by Blue Bottle Coffee, a division of Nestlé. Global consumer packaged foods, pet food, and bottled water holding of Nestlé S.A.",92.0,Equal Exchange Coffee / Local Dairy Co-ops / Open Farm Pet Food
blue-bottle-bright-cold-brew-can-8oz,Blue Bottle Bright Cold Brew Can 8oz,product,Food & Beverage,Nestlé,Nestlé S.A.,Public Conglomerate,SIX: NESN / OTC: NSRGY,False,"Manufactured by Blue Bottle Coffee, a division of Nestlé. Global consumer packaged foods, pet food, and bottled water holding of Nestlé S.A.",92.0,Equal Exchange Coffee / Local Dairy Co-ops / Open Farm Pet Food
vital-proteins,Vital Proteins,brand,Food & Beverage,Nestlé,Nestlé S.A.,Public Conglomerate,SIX: NESN / OTC: NSRGY,False,"Global consumer packaged foods, pet food, and bottled water holding of Nestlé S.A.",92.0,Equal Exchange Coffee / Local Dairy Co-ops / Open Farm Pet Food
vital-proteins-collagen-peptides-unflavored-powder-20oz-tub,Vital Proteins Collagen Peptides Unflavored Powder 20oz Tub,product,Food & Beverage,Nestlé,Nestlé S.A.,Public Conglomerate,SIX: NESN / OTC: NSRGY,False,"Manufactured by Vital Proteins, a division of Nestlé. Global consumer packaged foods, pet food, and bottled water holding of Nestlé S.A.",92.0,Equal Exchange Coffee / Local Dairy Co-ops / Open Farm Pet Food
vital-proteins-marine-collagen-powder-tub,Vital Proteins Marine Collagen Powder Tub,product,Food & Beverage,Nestlé,Nestlé S.A.,Public Conglomerate,SIX: NESN / OTC: NSRGY,False,"Manufactured by Vital Proteins, a division of Nestlé. Global consumer packaged foods, pet food, and bottled water holding of Nestlé S.A.",92.0,Equal Exchange Coffee / Local Dairy Co-ops / Open Farm Pet Food
vital-proteins-beauty-collagen-strawberry-lemon,Vital Proteins Beauty Collagen Strawberry Lemon,product,Food & Beverage,Nestlé,Nestlé S.A.,Public Conglomerate,SIX: NESN / OTC: NSRGY,False,"Manufactured by Vital Proteins, a division of Nestlé. Global consumer packaged foods, pet food, and bottled water holding of Nestlé S.A.",92.0,Equal Exchange Coffee / Local Dairy Co-ops / Open Farm Pet Food
orgain,Orgain,brand,Food & Beverage,Nestlé,Nestlé S.A.,Public Conglomerate,SIX: NESN / OTC: NSRGY,False,"Global consumer packaged foods, pet food, and bottled water holding of Nestlé S.A.",92.0,Equal Exchange Coffee / Local Dairy Co-ops / Open Farm Pet Food
orgain-organic-plant-based-protein-powder-creamy-chocolate-fudge,Orgain Organic Plant Based Protein Powder Creamy Chocolate Fudge,product,Food & Beverage,Nestlé,Nestlé S.A.,Public Conglomerate,SIX: NESN / OTC: NSRGY,False,"Manufactured by Orgain, a division of Nestlé. Global consumer packaged foods, pet food, and bottled water holding of Nestlé S.A.",92.0,Equal Exchange Coffee / Local Dairy Co-ops / Open Farm Pet Food
orgain-organic-nutritional-shake-vanilla-4-pack,Orgain Organic Nutritional Shake Vanilla 4-Pack,product,Food & Beverage,Nestlé,Nestlé S.A.,Public Conglomerate,SIX: NESN / OTC: NSRGY,False,"Manufactured by Orgain, a division of Nestlé. Global consumer packaged foods, pet food, and bottled water holding of Nestlé S.A.",92.0,Equal Exchange Coffee / Local Dairy Co-ops / Open Farm Pet Food
orgain-grass-fed-whey-protein-powder-clean-vanilla,Orgain Grass Fed Whey Protein Powder Clean Vanilla,product,Food & Beverage,Nestlé,Nestlé S.A.,Public Conglomerate,SIX: NESN / OTC: NSRGY,False,"Manufactured by Orgain, a division of Nestlé. Global consumer packaged foods, pet food, and bottled water holding of Nestlé S.A.",92.0,Equal Exchange Coffee / Local Dairy Co-ops / Open Farm Pet Food
purina-pro-plan,Purina Pro Plan,brand,Food & Beverage,Nestlé,Nestlé S.A.,Public Conglomerate,SIX: NESN / OTC: NSRGY,False,"Global consumer packaged foods, pet food, and bottled water holding of Nestlé S.A.",92.0,Equal Exchange Coffee / Local Dairy Co-ops / Open Farm Pet Food
purina-pro-plan-adult-complete-essentials-shredded-blend-chicken-rice-dog-food,Purina Pro Plan Adult Complete Essentials Shredded Blend Chicken & Rice Dog Food,product,Food & Beverage,Nestlé,Nestlé S.A.,Public Conglomerate,SIX: NESN / OTC: NSRGY,False,"Manufactured by Purina Pro Plan, a division of Nestlé. Global consumer packaged foods, pet food, and bottled water holding of Nestlé S.A.",92.0,Equal Exchange Coffee / Local Dairy Co-ops / Open Farm Pet Food
purina-pro-plan-veterinary-diets-fortiflora-probiotic-supplement,Purina Pro Plan Veterinary Diets FortiFlora Probiotic Supplement,product,Food & Beverage,Nestlé,Nestlé S.A.,Public Conglomerate,SIX: NESN / OTC: NSRGY,False,"Manufactured by Purina Pro Plan, a division of Nestlé. Global consumer packaged foods, pet food, and bottled water holding of Nestlé S.A.",92.0,Equal Exchange Coffee / Local Dairy Co-ops / Open Farm Pet Food
purina-pro-plan-focus-sensitive-skin-stomach-salmon-dog-food,Purina Pro Plan Focus Sensitive Skin & Stomach Salmon Dog Food,product,Food & Beverage,Nestlé,Nestlé S.A.,Public Conglomerate,SIX: NESN / OTC: NSRGY,False,"Manufactured by Purina Pro Plan, a division of Nestlé. Global consumer packaged foods, pet food, and bottled water holding of Nestlé S.A.",92.0,Equal Exchange Coffee / Local Dairy Co-ops / Open Farm Pet Food
purina-one,Purina ONE,brand,Food & Beverage,Nestlé,Nestlé S.A.,Public Conglomerate,SIX: NESN / OTC: NSRGY,False,"Global consumer packaged foods, pet food, and bottled water holding of Nestlé S.A.",92.0,Equal Exchange Coffee / Local Dairy Co-ops / Open Farm Pet Food
purina-one-smartblend-true-instinct-real-turkey-venison-dry-dog-food,Purina ONE SmartBlend True Instinct Real Turkey & Venison Dry Dog Food,product,Food & Beverage,Nestlé,Nestlé S.A.,Public Conglomerate,SIX: NESN / OTC: NSRGY,False,"Manufactured by Purina ONE, a division of Nestlé. Global consumer packaged foods, pet food, and bottled water holding of Nestlé S.A.",92.0,Equal Exchange Coffee / Local Dairy Co-ops / Open Farm Pet Food
purina-one-tender-selects-blend-real-salmon-cat-food,Purina ONE Tender Selects Blend Real Salmon Cat Food,product,Food & Beverage,Nestlé,Nestlé S.A.,Public Conglomerate,SIX: NESN / OTC: NSRGY,False,"Manufactured by Purina ONE, a division of Nestlé. Global consumer packaged foods, pet food, and bottled water holding of Nestlé S.A.",92.0,Equal Exchange Coffee / Local Dairy Co-ops / Open Farm Pet Food
fancy-feast,Fancy Feast,brand,Food & Beverage,Nestlé,Nestlé S.A.,Public Conglomerate,SIX: NESN / OTC: NSRGY,False,"Global consumer packaged foods, pet food, and bottled water holding of Nestlé S.A.",92.0,Equal Exchange Coffee / Local Dairy Co-ops / Open Farm Pet Food
fancy-feast-grilled-seafood-feast-in-gravy-wet-cat-food-can,Fancy Feast Grilled Seafood Feast in Gravy Wet Cat Food Can,product,Food & Beverage,Nestlé,Nestlé S.A.,Public Conglomerate,SIX: NESN / OTC: NSRGY,False,"Manufactured by Fancy Feast, a division of Nestlé. Global consumer packaged foods, pet food, and bottled water holding of Nestlé S.A.",92.0,Equal Exchange Coffee / Local Dairy Co-ops / Open Farm Pet Food
fancy-feast-medleys-white-meat-chicken-tuscany-cat-food,Fancy Feast Medleys White Meat Chicken Tuscany Cat Food,product,Food & Beverage,Nestlé,Nestlé S.A.,Public Conglomerate,SIX: NESN / OTC: NSRGY,False,"Manufactured by Fancy Feast, a division of Nestlé. Global consumer packaged foods, pet food, and bottled water holding of Nestlé S.A.",92.0,Equal Exchange Coffee / Local Dairy Co-ops / Open Farm Pet Food
fancy-feast-classic-pate-salmon-feast,Fancy Feast Classic Pate Salmon Feast,product,Food & Beverage,Nestlé,Nestlé S.A.,Public Conglomerate,SIX: NESN / OTC: NSRGY,False,"Manufactured by Fancy Feast, a division of Nestlé. Global consumer packaged foods, pet food, and bottled water holding of Nestlé S.A.",92.0,Equal Exchange Coffee / Local Dairy Co-ops / Open Farm Pet Food
friskies,Friskies,brand,Food & Beverage,Nestlé,Nestlé S.A.,Public Conglomerate,SIX: NESN / OTC: NSRGY,False,"Global consumer packaged foods, pet food, and bottled water holding of Nestlé S.A.",92.0,Equal Exchange Coffee / Local Dairy Co-ops / Open Farm Pet Food
friskies-shreds-with-chicken-in-gravy-wet-cat-food-cans,Friskies Shreds with Chicken in Gravy Wet Cat Food Cans,product,Food & Beverage,Nestlé,Nestlé S.A.,Public Conglomerate,SIX: NESN / OTC: NSRGY,False,"Manufactured by Friskies, a division of Nestlé. Global consumer packaged foods, pet food, and bottled water holding of Nestlé S.A.",92.0,Equal Exchange Coffee / Local Dairy Co-ops / Open Farm Pet Food
friskies-surfin-turfin-favorites-dry-cat-food-bag,Friskies Surfin' & Turfin' Favorites Dry Cat Food Bag,product,Food & Beverage,Nestlé,Nestlé S.A.,Public Conglomerate,SIX: NESN / OTC: NSRGY,False,"Manufactured by Friskies, a division of Nestlé. Global consumer packaged foods, pet food, and bottled water holding of Nestlé S.A.",92.0,Equal Exchange Coffee / Local Dairy Co-ops / Open Farm Pet Food
tidy-cats,Tidy Cats,brand,Food & Beverage,Nestlé,Nestlé S.A.,Public Conglomerate,SIX: NESN / OTC: NSRGY,False,"Global consumer packaged foods, pet food, and bottled water holding of Nestlé S.A.",92.0,Equal Exchange Coffee / Local Dairy Co-ops / Open Farm Pet Food
tidy-cats-247-performance-multi-cat-clumping-clay-cat-litter,Tidy Cats 24/7 Performance Multi-Cat Clumping Clay Cat Litter,product,Food & Beverage,Nestlé,Nestlé S.A.,Public Conglomerate,SIX: NESN / OTC: NSRGY,False,"Manufactured by Tidy Cats, a division of Nestlé. Global consumer packaged foods, pet food, and bottled water holding of Nestlé S.A.",92.0,Equal Exchange Coffee / Local Dairy Co-ops / Open Farm Pet Food
tidy-cats-breeze-cat-litter-pellets-refill-pack,Tidy Cats Breeze Cat Litter Pellets Refill Pack,product,Food & Beverage,Nestlé,Nestlé S.A.,Public Conglomerate,SIX: NESN / OTC: NSRGY,False,"Manufactured by Tidy Cats, a division of Nestlé. Global consumer packaged foods, pet food, and bottled water holding of Nestlé S.A.",92.0,Equal Exchange Coffee / Local Dairy Co-ops / Open Farm Pet Food
merrick-pet-care,Merrick Pet Care,brand,Food & Beverage,Nestlé,Nestlé S.A.,Public Conglomerate,SIX: NESN / OTC: NSRGY,False,"Global consumer packaged foods, pet food, and bottled water holding of Nestlé S.A.",92.0,Equal Exchange Coffee / Local Dairy Co-ops / Open Farm Pet Food
merrick-grain-free-real-texas-beef-sweet-potato-dry-dog-food,Merrick Grain Free Real Texas Beef & Sweet Potato Dry Dog Food,product,Food & Beverage,Nestlé,Nestlé S.A.,Public Conglomerate,SIX: NESN / OTC: NSRGY,False,"Manufactured by Merrick Pet Care, a division of Nestlé. Global consumer packaged foods, pet food, and bottled water holding of Nestlé S.A.",92.0,Equal Exchange Coffee / Local Dairy Co-ops / Open Farm Pet Food
merrick-classic-healthy-grains-adult-chicken-dry-dog-food,Merrick Classic Healthy Grains Adult Chicken Dry Dog Food,product,Food & Beverage,Nestlé,Nestlé S.A.,Public Conglomerate,SIX: NESN / OTC: NSRGY,False,"Manufactured by Merrick Pet Care, a division of Nestlé. Global consumer packaged foods, pet food, and bottled water holding of Nestlé S.A.",92.0,Equal Exchange Coffee / Local Dairy Co-ops / Open Farm Pet Food
kraft-mac-cheese,Kraft Mac & Cheese,brand,Food & Beverage,Kraft Heinz,The Kraft Heinz Company,Public Conglomerate (3G Capital / Berkshire Hathaway),NASDAQ: KHC,False,Packaged shelf-stable and condiments giant created by 3G Capital and Berkshire Hathaway.,92.5,Local Co-op Cheddar / Jovial Pasta / Organic Valley / Primal Kitchen
kraft-original-macaroni-cheese-725oz-box,Kraft Original Macaroni & Cheese 7.25oz Box,product,Food & Beverage,Kraft Heinz,The Kraft Heinz Company,Public Conglomerate (3G Capital / Berkshire Hathaway),NASDAQ: KHC,False,"Manufactured by Kraft Mac & Cheese, a division of Kraft Heinz. Packaged shelf-stable and condiments giant created by 3G Capital and Berkshire Hathaway.",92.5,Local Co-op Cheddar / Jovial Pasta / Organic Valley / Primal Kitchen
kraft-easy-mac-macaroni-cheese-cups-4-pack,Kraft Easy Mac Macaroni & Cheese Cups 4-Pack,product,Food & Beverage,Kraft Heinz,The Kraft Heinz Company,Public Conglomerate (3G Capital / Berkshire Hathaway),NASDAQ: KHC,False,"Manufactured by Kraft Mac & Cheese, a division of Kraft Heinz. Packaged shelf-stable and condiments giant created by 3G Capital and Berkshire Hathaway.",92.5,Local Co-op Cheddar / Jovial Pasta / Organic Valley / Primal Kitchen
kraft-deluxe-original-cheddar-macaroni-cheese-dinner,Kraft Deluxe Original Cheddar Macaroni & Cheese Dinner,product,Food & Beverage,Kraft Heinz,The Kraft Heinz Company,Public Conglomerate (3G Capital / Berkshire Hathaway),NASDAQ: KHC,False,"Manufactured by Kraft Mac & Cheese, a division of Kraft Heinz. Packaged shelf-stable and condiments giant created by 3G Capital and Berkshire Hathaway.",92.5,Local Co-op Cheddar / Jovial Pasta / Organic Valley / Primal Kitchen
kraft-thick-n-creamy-macaroni-cheese,Kraft Thick 'n Creamy Macaroni & Cheese,product,Food & Beverage,Kraft Heinz,The Kraft Heinz Company,Public Conglomerate (3G Capital / Berkshire Hathaway),NASDAQ: KHC,False,"Manufactured by Kraft Mac & Cheese, a division of Kraft Heinz. Packaged shelf-stable and condiments giant created by 3G Capital and Berkshire Hathaway.",92.5,Local Co-op Cheddar / Jovial Pasta / Organic Valley / Primal Kitchen
heinz-ketchup,Heinz Ketchup,brand,Food & Beverage,Kraft Heinz,The Kraft Heinz Company,Public Conglomerate (3G Capital / Berkshire Hathaway),NASDAQ: KHC,False,Packaged shelf-stable and condiments giant created by 3G Capital and Berkshire Hathaway.,92.5,Local Co-op Cheddar / Jovial Pasta / Organic Valley / Primal Kitchen
heinz-tomato-ketchup-32oz-squeeze-bottle,Heinz Tomato Ketchup 32oz Squeeze Bottle,product,Food & Beverage,Kraft Heinz,The Kraft Heinz Company,Public Conglomerate (3G Capital / Berkshire Hathaway),NASDAQ: KHC,False,"Manufactured by Heinz Ketchup, a division of Kraft Heinz. Packaged shelf-stable and condiments giant created by 3G Capital and Berkshire Hathaway.",92.5,Local Co-op Cheddar / Jovial Pasta / Organic Valley / Primal Kitchen
heinz-simply-tomato-ketchup-with-no-artificial-sweeteners,Heinz Simply Tomato Ketchup with No Artificial Sweeteners,product,Food & Beverage,Kraft Heinz,The Kraft Heinz Company,Public Conglomerate (3G Capital / Berkshire Hathaway),NASDAQ: KHC,False,"Manufactured by Heinz Ketchup, a division of Kraft Heinz. Packaged shelf-stable and condiments giant created by 3G Capital and Berkshire Hathaway.",92.5,Local Co-op Cheddar / Jovial Pasta / Organic Valley / Primal Kitchen
heinz-organic-yellow-mustard-squeeze-bottle,Heinz Organic Yellow Mustard Squeeze Bottle,product,Food & Beverage,Kraft Heinz,The Kraft Heinz Company,Public Conglomerate (3G Capital / Berkshire Hathaway),NASDAQ: KHC,False,"Manufactured by Heinz Ketchup, a division of Kraft Heinz. Packaged shelf-stable and condiments giant created by 3G Capital and Berkshire Hathaway.",92.5,Local Co-op Cheddar / Jovial Pasta / Organic Valley / Primal Kitchen
heinz-57-steak-sauce-bottle,Heinz 57 Steak Sauce Bottle,product,Food & Beverage,Kraft Heinz,The Kraft Heinz Company,Public Conglomerate (3G Capital / Berkshire Hathaway),NASDAQ: KHC,False,"Manufactured by Heinz Ketchup, a division of Kraft Heinz. Packaged shelf-stable and condiments giant created by 3G Capital and Berkshire Hathaway.",92.5,Local Co-op Cheddar / Jovial Pasta / Organic Valley / Primal Kitchen
philadelphia-cream-cheese,Philadelphia Cream Cheese,brand,Food & Beverage,Kraft Heinz,The Kraft Heinz Company,Public Conglomerate (3G Capital / Berkshire Hathaway),NASDAQ: KHC,False,Packaged shelf-stable and condiments giant created by 3G Capital and Berkshire Hathaway.,92.5,Local Co-op Cheddar / Jovial Pasta / Organic Valley / Primal Kitchen
philadelphia-original-cream-cheese-8oz-brick,Philadelphia Original Cream Cheese 8oz Brick,product,Food & Beverage,Kraft Heinz,The Kraft Heinz Company,Public Conglomerate (3G Capital / Berkshire Hathaway),NASDAQ: KHC,False,"Manufactured by Philadelphia Cream Cheese, a division of Kraft Heinz. Packaged shelf-stable and condiments giant created by 3G Capital and Berkshire Hathaway.",92.5,Local Co-op Cheddar / Jovial Pasta / Organic Valley / Primal Kitchen
philadelphia-original-cream-cheese-spread-tub-12oz,Philadelphia Original Cream Cheese Spread Tub 12oz,product,Food & Beverage,Kraft Heinz,The Kraft Heinz Company,Public Conglomerate (3G Capital / Berkshire Hathaway),NASDAQ: KHC,False,"Manufactured by Philadelphia Cream Cheese, a division of Kraft Heinz. Packaged shelf-stable and condiments giant created by 3G Capital and Berkshire Hathaway.",92.5,Local Co-op Cheddar / Jovial Pasta / Organic Valley / Primal Kitchen
philadelphia-whipped-original-cream-cheese-tub,Philadelphia Whipped Original Cream Cheese Tub,product,Food & Beverage,Kraft Heinz,The Kraft Heinz Company,Public Conglomerate (3G Capital / Berkshire Hathaway),NASDAQ: KHC,False,"Manufactured by Philadelphia Cream Cheese, a division of Kraft Heinz. Packaged shelf-stable and condiments giant created by 3G Capital and Berkshire Hathaway.",92.5,Local Co-op Cheddar / Jovial Pasta / Organic Valley / Primal Kitchen
philadelphia-13-less-fat-neufchatel-cheese,Philadelphia 1/3 Less Fat Neufchatel Cheese,product,Food & Beverage,Kraft Heinz,The Kraft Heinz Company,Public Conglomerate (3G Capital / Berkshire Hathaway),NASDAQ: KHC,False,"Manufactured by Philadelphia Cream Cheese, a division of Kraft Heinz. Packaged shelf-stable and condiments giant created by 3G Capital and Berkshire Hathaway.",92.5,Local Co-op Cheddar / Jovial Pasta / Organic Valley / Primal Kitchen
velveeta,Velveeta,brand,Food & Beverage,Kraft Heinz,The Kraft Heinz Company,Public Conglomerate (3G Capital / Berkshire Hathaway),NASDAQ: KHC,False,Packaged shelf-stable and condiments giant created by 3G Capital and Berkshire Hathaway.,92.5,Local Co-op Cheddar / Jovial Pasta / Organic Valley / Primal Kitchen
velveeta-original-melting-cheese-loaf-32oz,Velveeta Original Melting Cheese Loaf 32oz,product,Food & Beverage,Kraft Heinz,The Kraft Heinz Company,Public Conglomerate (3G Capital / Berkshire Hathaway),NASDAQ: KHC,False,"Manufactured by Velveeta, a division of Kraft Heinz. Packaged shelf-stable and condiments giant created by 3G Capital and Berkshire Hathaway.",92.5,Local Co-op Cheddar / Jovial Pasta / Organic Valley / Primal Kitchen
velveeta-shells-cheese-original-dinner-box,Velveeta Shells & Cheese Original Dinner Box,product,Food & Beverage,Kraft Heinz,The Kraft Heinz Company,Public Conglomerate (3G Capital / Berkshire Hathaway),NASDAQ: KHC,False,"Manufactured by Velveeta, a division of Kraft Heinz. Packaged shelf-stable and condiments giant created by 3G Capital and Berkshire Hathaway.",92.5,Local Co-op Cheddar / Jovial Pasta / Organic Valley / Primal Kitchen
velveeta-cheesy-skillets-ultimate-cheeseburger-mac,Velveeta Cheesy Skillets Ultimate Cheeseburger Mac,product,Food & Beverage,Kraft Heinz,The Kraft Heinz Company,Public Conglomerate (3G Capital / Berkshire Hathaway),NASDAQ: KHC,False,"Manufactured by Velveeta, a division of Kraft Heinz. Packaged shelf-stable and condiments giant created by 3G Capital and Berkshire Hathaway.",92.5,Local Co-op Cheddar / Jovial Pasta / Organic Valley / Primal Kitchen
cheez-whiz,Cheez Whiz,brand,Food & Beverage,Kraft Heinz,The Kraft Heinz Company,Public Conglomerate (3G Capital / Berkshire Hathaway),NASDAQ: KHC,False,Packaged shelf-stable and condiments giant created by 3G Capital and Berkshire Hathaway.,92.5,Local Co-op Cheddar / Jovial Pasta / Organic Valley / Primal Kitchen
cheez-whiz-original-cheese-dip-15oz-glass-jar,Cheez Whiz Original Cheese Dip 15oz Glass Jar,product,Food & Beverage,Kraft Heinz,The Kraft Heinz Company,Public Conglomerate (3G Capital / Berkshire Hathaway),NASDAQ: KHC,False,"Manufactured by Cheez Whiz, a division of Kraft Heinz. Packaged shelf-stable and condiments giant created by 3G Capital and Berkshire Hathaway.",92.5,Local Co-op Cheddar / Jovial Pasta / Organic Valley / Primal Kitchen
oscar-mayer,Oscar Mayer,brand,Food & Beverage,Kraft Heinz,The Kraft Heinz Company,Public Conglomerate (3G Capital / Berkshire Hathaway),NASDAQ: KHC,False,Packaged shelf-stable and condiments giant created by 3G Capital and Berkshire Hathaway.,92.5,Local Co-op Cheddar / Jovial Pasta / Organic Valley / Primal Kitchen
oscar-mayer-classic-uncured-wieners-hot-dogs-16oz,Oscar Mayer Classic Uncured Wieners Hot Dogs 16oz,product,Food & Beverage,Kraft Heinz,The Kraft Heinz Company,Public Conglomerate (3G Capital / Berkshire Hathaway),NASDAQ: KHC,False,"Manufactured by Oscar Mayer, a division of Kraft Heinz. Packaged shelf-stable and condiments giant created by 3G Capital and Berkshire Hathaway.",92.5,Local Co-op Cheddar / Jovial Pasta / Organic Valley / Primal Kitchen
oscar-mayer-naturally-hardwood-smoked-bacon-16oz,Oscar Mayer Naturally Hardwood Smoked Bacon 16oz,product,Food & Beverage,Kraft Heinz,The Kraft Heinz Company,Public Conglomerate (3G Capital / Berkshire Hathaway),NASDAQ: KHC,False,"Manufactured by Oscar Mayer, a division of Kraft Heinz. Packaged shelf-stable and condiments giant created by 3G Capital and Berkshire Hathaway.",92.5,Local Co-op Cheddar / Jovial Pasta / Organic Valley / Primal Kitchen
oscar-mayer-deli-fresh-smoked-turkey-breast-9oz,Oscar Mayer Deli Fresh Smoked Turkey Breast 9oz,product,Food & Beverage,Kraft Heinz,The Kraft Heinz Company,Public Conglomerate (3G Capital / Berkshire Hathaway),NASDAQ: KHC,False,"Manufactured by Oscar Mayer, a division of Kraft Heinz. Packaged shelf-stable and condiments giant created by 3G Capital and Berkshire Hathaway.",92.5,Local Co-op Cheddar / Jovial Pasta / Organic Valley / Primal Kitchen
oscar-mayer-real-bacon-bits-28oz,Oscar Mayer Real Bacon Bits 2.8oz,product,Food & Beverage,Kraft Heinz,The Kraft Heinz Company,Public Conglomerate (3G Capital / Berkshire Hathaway),NASDAQ: KHC,False,"Manufactured by Oscar Mayer, a division of Kraft Heinz. Packaged shelf-stable and condiments giant created by 3G Capital and Berkshire Hathaway.",92.5,Local Co-op Cheddar / Jovial Pasta / Organic Valley / Primal Kitchen
lunchables,Lunchables,brand,Food & Beverage,Kraft Heinz,The Kraft Heinz Company,Public Conglomerate (3G Capital / Berkshire Hathaway),NASDAQ: KHC,False,Packaged shelf-stable and condiments giant created by 3G Capital and Berkshire Hathaway.,92.5,Local Co-op Cheddar / Jovial Pasta / Organic Valley / Primal Kitchen
lunchables-turkey-american-cracker-stackers-with-capri-sun,Lunchables Turkey & American Cracker Stackers with Capri Sun,product,Food & Beverage,Kraft Heinz,The Kraft Heinz Company,Public Conglomerate (3G Capital / Berkshire Hathaway),NASDAQ: KHC,False,"Manufactured by Lunchables, a division of Kraft Heinz. Packaged shelf-stable and condiments giant created by 3G Capital and Berkshire Hathaway.",92.5,Local Co-op Cheddar / Jovial Pasta / Organic Valley / Primal Kitchen
lunchables-extra-cheese-pizza-with-treat,Lunchables Extra Cheese Pizza with Treat,product,Food & Beverage,Kraft Heinz,The Kraft Heinz Company,Public Conglomerate (3G Capital / Berkshire Hathaway),NASDAQ: KHC,False,"Manufactured by Lunchables, a division of Kraft Heinz. Packaged shelf-stable and condiments giant created by 3G Capital and Berkshire Hathaway.",92.5,Local Co-op Cheddar / Jovial Pasta / Organic Valley / Primal Kitchen
lunchables-ham-cheddar-cracker-stackers-snack-kit,Lunchables Ham & Cheddar Cracker Stackers Snack Kit,product,Food & Beverage,Kraft Heinz,The Kraft Heinz Company,Public Conglomerate (3G Capital / Berkshire Hathaway),NASDAQ: KHC,False,"Manufactured by Lunchables, a division of Kraft Heinz. Packaged shelf-stable and condiments giant created by 3G Capital and Berkshire Hathaway.",92.5,Local Co-op Cheddar / Jovial Pasta / Organic Valley / Primal Kitchen
ore-ida,Ore-Ida,brand,Food & Beverage,Kraft Heinz,The Kraft Heinz Company,Public Conglomerate (3G Capital / Berkshire Hathaway),NASDAQ: KHC,False,Packaged shelf-stable and condiments giant created by 3G Capital and Berkshire Hathaway.,92.5,Local Co-op Cheddar / Jovial Pasta / Organic Valley / Primal Kitchen
ore-ida-golden-crinkles-french-fried-potatoes-32oz-frozen-bag,Ore-Ida Golden Crinkles French Fried Potatoes 32oz Frozen Bag,product,Food & Beverage,Kraft Heinz,The Kraft Heinz Company,Public Conglomerate (3G Capital / Berkshire Hathaway),NASDAQ: KHC,False,"Manufactured by Ore-Ida, a division of Kraft Heinz. Packaged shelf-stable and condiments giant created by 3G Capital and Berkshire Hathaway.",92.5,Local Co-op Cheddar / Jovial Pasta / Organic Valley / Primal Kitchen
ore-ida-tater-tots-frozen-seasoned-potatoes,Ore-Ida Tater Tots Frozen Seasoned Potatoes,product,Food & Beverage,Kraft Heinz,The Kraft Heinz Company,Public Conglomerate (3G Capital / Berkshire Hathaway),NASDAQ: KHC,False,"Manufactured by Ore-Ida, a division of Kraft Heinz. Packaged shelf-stable and condiments giant created by 3G Capital and Berkshire Hathaway.",92.5,Local Co-op Cheddar / Jovial Pasta / Organic Valley / Primal Kitchen
ore-ida-extra-crispy-fast-food-fries,Ore-Ida Extra Crispy Fast Food Fries,product,Food & Beverage,Kraft Heinz,The Kraft Heinz Company,Public Conglomerate (3G Capital / Berkshire Hathaway),NASDAQ: KHC,False,"Manufactured by Ore-Ida, a division of Kraft Heinz. Packaged shelf-stable and condiments giant created by 3G Capital and Berkshire Hathaway.",92.5,Local Co-op Cheddar / Jovial Pasta / Organic Valley / Primal Kitchen
classico,Classico,brand,Food & Beverage,Kraft Heinz,The Kraft Heinz Company,Public Conglomerate (3G Capital / Berkshire Hathaway),NASDAQ: KHC,False,Packaged shelf-stable and condiments giant created by 3G Capital and Berkshire Hathaway.,92.5,Local Co-op Cheddar / Jovial Pasta / Organic Valley / Primal Kitchen
classico-four-cheese-pasta-sauce-24oz-jar,Classico Four Cheese Pasta Sauce 24oz Jar,product,Food & Beverage,Kraft Heinz,The Kraft Heinz Company,Public Conglomerate (3G Capital / Berkshire Hathaway),NASDAQ: KHC,False,"Manufactured by Classico, a division of Kraft Heinz. Packaged shelf-stable and condiments giant created by 3G Capital and Berkshire Hathaway.",92.5,Local Co-op Cheddar / Jovial Pasta / Organic Valley / Primal Kitchen
classico-traditional-sweet-basil-marinara-sauce,Classico Traditional Sweet Basil Marinara Sauce,product,Food & Beverage,Kraft Heinz,The Kraft Heinz Company,Public Conglomerate (3G Capital / Berkshire Hathaway),NASDAQ: KHC,False,"Manufactured by Classico, a division of Kraft Heinz. Packaged shelf-stable and condiments giant created by 3G Capital and Berkshire Hathaway.",92.5,Local Co-op Cheddar / Jovial Pasta / Organic Valley / Primal Kitchen
classico-creamy-alfredo-pasta-sauce,Classico Creamy Alfredo Pasta Sauce,product,Food & Beverage,Kraft Heinz,The Kraft Heinz Company,Public Conglomerate (3G Capital / Berkshire Hathaway),NASDAQ: KHC,False,"Manufactured by Classico, a division of Kraft Heinz. Packaged shelf-stable and condiments giant created by 3G Capital and Berkshire Hathaway.",92.5,Local Co-op Cheddar / Jovial Pasta / Organic Valley / Primal Kitchen
maxwell-house,Maxwell House,brand,Food & Beverage,Kraft Heinz,The Kraft Heinz Company,Public Conglomerate (3G Capital / Berkshire Hathaway),NASDAQ: KHC,False,Packaged shelf-stable and condiments giant created by 3G Capital and Berkshire Hathaway.,92.5,Local Co-op Cheddar / Jovial Pasta / Organic Valley / Primal Kitchen
maxwell-house-house-blend-medium-roast-ground-coffee-306oz-tub,Maxwell House House Blend Medium Roast Ground Coffee 30.6oz Tub,product,Food & Beverage,Kraft Heinz,The Kraft Heinz Company,Public Conglomerate (3G Capital / Berkshire Hathaway),NASDAQ: KHC,False,"Manufactured by Maxwell House, a division of Kraft Heinz. Packaged shelf-stable and condiments giant created by 3G Capital and Berkshire Hathaway.",92.5,Local Co-op Cheddar / Jovial Pasta / Organic Valley / Primal Kitchen
maxwell-house-original-roast-ground-coffee-can,Maxwell House Original Roast Ground Coffee Can,product,Food & Beverage,Kraft Heinz,The Kraft Heinz Company,Public Conglomerate (3G Capital / Berkshire Hathaway),NASDAQ: KHC,False,"Manufactured by Maxwell House, a division of Kraft Heinz. Packaged shelf-stable and condiments giant created by 3G Capital and Berkshire Hathaway.",92.5,Local Co-op Cheddar / Jovial Pasta / Organic Valley / Primal Kitchen
maxwell-house-international-french-vanilla-cafe-powder,Maxwell House International French Vanilla Cafe Powder,product,Food & Beverage,Kraft Heinz,The Kraft Heinz Company,Public Conglomerate (3G Capital / Berkshire Hathaway),NASDAQ: KHC,False,"Manufactured by Maxwell House, a division of Kraft Heinz. Packaged shelf-stable and condiments giant created by 3G Capital and Berkshire Hathaway.",92.5,Local Co-op Cheddar / Jovial Pasta / Organic Valley / Primal Kitchen
gevalia-kaffe,Gevalia Kaffe,brand,Food & Beverage,Kraft Heinz,The Kraft Heinz Company,Public Conglomerate (3G Capital / Berkshire Hathaway),NASDAQ: KHC,False,Packaged shelf-stable and condiments giant created by 3G Capital and Berkshire Hathaway.,92.5,Local Co-op Cheddar / Jovial Pasta / Organic Valley / Primal Kitchen
gevalia-kaffe-traditional-mild-roast-ground-coffee-12oz,Gevalia Kaffe Traditional Mild Roast Ground Coffee 12oz,product,Food & Beverage,Kraft Heinz,The Kraft Heinz Company,Public Conglomerate (3G Capital / Berkshire Hathaway),NASDAQ: KHC,False,"Manufactured by Gevalia Kaffe, a division of Kraft Heinz. Packaged shelf-stable and condiments giant created by 3G Capital and Berkshire Hathaway.",92.5,Local Co-op Cheddar / Jovial Pasta / Organic Valley / Primal Kitchen
gevalia-house-blend-k-cup-coffee-pods-32-count,Gevalia House Blend K-Cup Coffee Pods 32-Count,product,Food & Beverage,Kraft Heinz,The Kraft Heinz Company,Public Conglomerate (3G Capital / Berkshire Hathaway),NASDAQ: KHC,False,"Manufactured by Gevalia Kaffe, a division of Kraft Heinz. Packaged shelf-stable and condiments giant created by 3G Capital and Berkshire Hathaway.",92.5,Local Co-op Cheddar / Jovial Pasta / Organic Valley / Primal Kitchen
capri-sun,Capri Sun,brand,Food & Beverage,Kraft Heinz,The Kraft Heinz Company,Public Conglomerate (3G Capital / Berkshire Hathaway),NASDAQ: KHC,False,Packaged shelf-stable and condiments giant created by 3G Capital and Berkshire Hathaway.,92.5,Local Co-op Cheddar / Jovial Pasta / Organic Valley / Primal Kitchen
capri-sun-pacific-cooler-ready-to-drink-juice-pouches-10-pack,Capri Sun Pacific Cooler Ready-to-Drink Juice Pouches 10-Pack,product,Food & Beverage,Kraft Heinz,The Kraft Heinz Company,Public Conglomerate (3G Capital / Berkshire Hathaway),NASDAQ: KHC,False,"Manufactured by Capri Sun, a division of Kraft Heinz. Packaged shelf-stable and condiments giant created by 3G Capital and Berkshire Hathaway.",92.5,Local Co-op Cheddar / Jovial Pasta / Organic Valley / Primal Kitchen
capri-sun-fruit-punch-juice-drinks-10-pack,Capri Sun Fruit Punch Juice Drinks 10-Pack,product,Food & Beverage,Kraft Heinz,The Kraft Heinz Company,Public Conglomerate (3G Capital / Berkshire Hathaway),NASDAQ: KHC,False,"Manufactured by Capri Sun, a division of Kraft Heinz. Packaged shelf-stable and condiments giant created by 3G Capital and Berkshire Hathaway.",92.5,Local Co-op Cheddar / Jovial Pasta / Organic Valley / Primal Kitchen
capri-sun-strawberry-kiwi-drink-pouches-10-count,Capri Sun Strawberry Kiwi Drink Pouches 10-Count,product,Food & Beverage,Kraft Heinz,The Kraft Heinz Company,Public Conglomerate (3G Capital / Berkshire Hathaway),NASDAQ: KHC,False,"Manufactured by Capri Sun, a division of Kraft Heinz. Packaged shelf-stable and condiments giant created by 3G Capital and Berkshire Hathaway.",92.5,Local Co-op Cheddar / Jovial Pasta / Organic Valley / Primal Kitchen
kool-aid,Kool-Aid,brand,Food & Beverage,Kraft Heinz,The Kraft Heinz Company,Public Conglomerate (3G Capital / Berkshire Hathaway),NASDAQ: KHC,False,Packaged shelf-stable and condiments giant created by 3G Capital and Berkshire Hathaway.,92.5,Local Co-op Cheddar / Jovial Pasta / Organic Valley / Primal Kitchen
kool-aid-jammers-tropical-punch-drink-pouches-10-pack,Kool-Aid Jammers Tropical Punch Drink Pouches 10-Pack,product,Food & Beverage,Kraft Heinz,The Kraft Heinz Company,Public Conglomerate (3G Capital / Berkshire Hathaway),NASDAQ: KHC,False,"Manufactured by Kool-Aid, a division of Kraft Heinz. Packaged shelf-stable and condiments giant created by 3G Capital and Berkshire Hathaway.",92.5,Local Co-op Cheddar / Jovial Pasta / Organic Valley / Primal Kitchen
kool-aid-unsweetened-cherry-powder-drink-mix-packet,Kool-Aid Unsweetened Cherry Powder Drink Mix Packet,product,Food & Beverage,Kraft Heinz,The Kraft Heinz Company,Public Conglomerate (3G Capital / Berkshire Hathaway),NASDAQ: KHC,False,"Manufactured by Kool-Aid, a division of Kraft Heinz. Packaged shelf-stable and condiments giant created by 3G Capital and Berkshire Hathaway.",92.5,Local Co-op Cheddar / Jovial Pasta / Organic Valley / Primal Kitchen
kool-aid-bursts-berry-blue-ready-to-drink-bottles,Kool-Aid Bursts Berry Blue Ready-to-Drink Bottles,product,Food & Beverage,Kraft Heinz,The Kraft Heinz Company,Public Conglomerate (3G Capital / Berkshire Hathaway),NASDAQ: KHC,False,"Manufactured by Kool-Aid, a division of Kraft Heinz. Packaged shelf-stable and condiments giant created by 3G Capital and Berkshire Hathaway.",92.5,Local Co-op Cheddar / Jovial Pasta / Organic Valley / Primal Kitchen
jell-o,Jell-O,brand,Food & Beverage,Kraft Heinz,The Kraft Heinz Company,Public Conglomerate (3G Capital / Berkshire Hathaway),NASDAQ: KHC,False,Packaged shelf-stable and condiments giant created by 3G Capital and Berkshire Hathaway.,92.5,Local Co-op Cheddar / Jovial Pasta / Organic Valley / Primal Kitchen
jell-o-strawberry-gelatin-dessert-mix-3oz-box,Jell-O Strawberry Gelatin Dessert Mix 3oz Box,product,Food & Beverage,Kraft Heinz,The Kraft Heinz Company,Public Conglomerate (3G Capital / Berkshire Hathaway),NASDAQ: KHC,False,"Manufactured by Jell-O, a division of Kraft Heinz. Packaged shelf-stable and condiments giant created by 3G Capital and Berkshire Hathaway.",92.5,Local Co-op Cheddar / Jovial Pasta / Organic Valley / Primal Kitchen
jell-o-cook-serve-chocolate-pudding-mix,Jell-O Cook & Serve Chocolate Pudding Mix,product,Food & Beverage,Kraft Heinz,The Kraft Heinz Company,Public Conglomerate (3G Capital / Berkshire Hathaway),NASDAQ: KHC,False,"Manufactured by Jell-O, a division of Kraft Heinz. Packaged shelf-stable and condiments giant created by 3G Capital and Berkshire Hathaway.",92.5,Local Co-op Cheddar / Jovial Pasta / Organic Valley / Primal Kitchen
jell-o-ready-to-eat-chocolate-vanilla-swirl-pudding-cups-4-pack,Jell-O Ready-to-Eat Chocolate Vanilla Swirl Pudding Cups 4-Pack,product,Food & Beverage,Kraft Heinz,The Kraft Heinz Company,Public Conglomerate (3G Capital / Berkshire Hathaway),NASDAQ: KHC,False,"Manufactured by Jell-O, a division of Kraft Heinz. Packaged shelf-stable and condiments giant created by 3G Capital and Berkshire Hathaway.",92.5,Local Co-op Cheddar / Jovial Pasta / Organic Valley / Primal Kitchen
grey-poupon,Grey Poupon,brand,Food & Beverage,Kraft Heinz,The Kraft Heinz Company,Public Conglomerate (3G Capital / Berkshire Hathaway),NASDAQ: KHC,False,Packaged shelf-stable and condiments giant created by 3G Capital and Berkshire Hathaway.,92.5,Local Co-op Cheddar / Jovial Pasta / Organic Valley / Primal Kitchen
grey-poupon-dijon-mustard-8oz-glass-jar,Grey Poupon Dijon Mustard 8oz Glass Jar,product,Food & Beverage,Kraft Heinz,The Kraft Heinz Company,Public Conglomerate (3G Capital / Berkshire Hathaway),NASDAQ: KHC,False,"Manufactured by Grey Poupon, a division of Kraft Heinz. Packaged shelf-stable and condiments giant created by 3G Capital and Berkshire Hathaway.",92.5,Local Co-op Cheddar / Jovial Pasta / Organic Valley / Primal Kitchen
grey-poupon-country-style-stone-ground-mustard,Grey Poupon Country Style Stone Ground Mustard,product,Food & Beverage,Kraft Heinz,The Kraft Heinz Company,Public Conglomerate (3G Capital / Berkshire Hathaway),NASDAQ: KHC,False,"Manufactured by Grey Poupon, a division of Kraft Heinz. Packaged shelf-stable and condiments giant created by 3G Capital and Berkshire Hathaway.",92.5,Local Co-op Cheddar / Jovial Pasta / Organic Valley / Primal Kitchen
bagel-bites,Bagel Bites,brand,Food & Beverage,Kraft Heinz,The Kraft Heinz Company,Public Conglomerate (3G Capital / Berkshire Hathaway),NASDAQ: KHC,False,Packaged shelf-stable and condiments giant created by 3G Capital and Berkshire Hathaway.,92.5,Local Co-op Cheddar / Jovial Pasta / Organic Valley / Primal Kitchen
bagel-bites-pizza-snacks-sausage-pepperoni-9-count-frozen-box,Bagel Bites Pizza Snacks Sausage & Pepperoni 9-Count Frozen Box,product,Food & Beverage,Kraft Heinz,The Kraft Heinz Company,Public Conglomerate (3G Capital / Berkshire Hathaway),NASDAQ: KHC,False,"Manufactured by Bagel Bites, a division of Kraft Heinz. Packaged shelf-stable and condiments giant created by 3G Capital and Berkshire Hathaway.",92.5,Local Co-op Cheddar / Jovial Pasta / Organic Valley / Primal Kitchen
bagel-bites-cheese-pepperoni-mini-bagels-18-count,Bagel Bites Cheese & Pepperoni Mini Bagels 18-Count,product,Food & Beverage,Kraft Heinz,The Kraft Heinz Company,Public Conglomerate (3G Capital / Berkshire Hathaway),NASDAQ: KHC,False,"Manufactured by Bagel Bites, a division of Kraft Heinz. Packaged shelf-stable and condiments giant created by 3G Capital and Berkshire Hathaway.",92.5,Local Co-op Cheddar / Jovial Pasta / Organic Valley / Primal Kitchen
cracker-barrel-cheese,Cracker Barrel Cheese,brand,Food & Beverage,Kraft Heinz,The Kraft Heinz Company,Public Conglomerate (3G Capital / Berkshire Hathaway),NASDAQ: KHC,False,Packaged shelf-stable and condiments giant created by 3G Capital and Berkshire Hathaway.,92.5,Local Co-op Cheddar / Jovial Pasta / Organic Valley / Primal Kitchen
cracker-barrel-extra-sharp-yellow-cheddar-cheese-block-8oz,Cracker Barrel Extra Sharp Yellow Cheddar Cheese Block 8oz,product,Food & Beverage,Kraft Heinz,The Kraft Heinz Company,Public Conglomerate (3G Capital / Berkshire Hathaway),NASDAQ: KHC,False,"Manufactured by Cracker Barrel Cheese, a division of Kraft Heinz. Packaged shelf-stable and condiments giant created by 3G Capital and Berkshire Hathaway.",92.5,Local Co-op Cheddar / Jovial Pasta / Organic Valley / Primal Kitchen
cracker-barrel-rich-white-cheddar-cheese-slices,Cracker Barrel Rich White Cheddar Cheese Slices,product,Food & Beverage,Kraft Heinz,The Kraft Heinz Company,Public Conglomerate (3G Capital / Berkshire Hathaway),NASDAQ: KHC,False,"Manufactured by Cracker Barrel Cheese, a division of Kraft Heinz. Packaged shelf-stable and condiments giant created by 3G Capital and Berkshire Hathaway.",92.5,Local Co-op Cheddar / Jovial Pasta / Organic Valley / Primal Kitchen
miracle-whip,Miracle Whip,brand,Food & Beverage,Kraft Heinz,The Kraft Heinz Company,Public Conglomerate (3G Capital / Berkshire Hathaway),NASDAQ: KHC,False,Packaged shelf-stable and condiments giant created by 3G Capital and Berkshire Hathaway.,92.5,Local Co-op Cheddar / Jovial Pasta / Organic Valley / Primal Kitchen
miracle-whip-original-dressing-squeeze-bottle-30oz,Miracle Whip Original Dressing Squeeze Bottle 30oz,product,Food & Beverage,Kraft Heinz,The Kraft Heinz Company,Public Conglomerate (3G Capital / Berkshire Hathaway),NASDAQ: KHC,False,"Manufactured by Miracle Whip, a division of Kraft Heinz. Packaged shelf-stable and condiments giant created by 3G Capital and Berkshire Hathaway.",92.5,Local Co-op Cheddar / Jovial Pasta / Organic Valley / Primal Kitchen
miracle-whip-light-dressing-tub,Miracle Whip Light Dressing Tub,product,Food & Beverage,Kraft Heinz,The Kraft Heinz Company,Public Conglomerate (3G Capital / Berkshire Hathaway),NASDAQ: KHC,False,"Manufactured by Miracle Whip, a division of Kraft Heinz. Packaged shelf-stable and condiments giant created by 3G Capital and Berkshire Hathaway.",92.5,Local Co-op Cheddar / Jovial Pasta / Organic Valley / Primal Kitchen
a1-steak-sauce,A.1. Steak Sauce,brand,Food & Beverage,Kraft Heinz,The Kraft Heinz Company,Public Conglomerate (3G Capital / Berkshire Hathaway),NASDAQ: KHC,False,Packaged shelf-stable and condiments giant created by 3G Capital and Berkshire Hathaway.,92.5,Local Co-op Cheddar / Jovial Pasta / Organic Valley / Primal Kitchen
a1-original-steak-sauce-10oz-glass-bottle,A.1. Original Steak Sauce 10oz Glass Bottle,product,Food & Beverage,Kraft Heinz,The Kraft Heinz Company,Public Conglomerate (3G Capital / Berkshire Hathaway),NASDAQ: KHC,False,"Manufactured by A.1. Steak Sauce, a division of Kraft Heinz. Packaged shelf-stable and condiments giant created by 3G Capital and Berkshire Hathaway.",92.5,Local Co-op Cheddar / Jovial Pasta / Organic Valley / Primal Kitchen
a1-thick-hearty-bold-steak-sauce,A.1. Thick & Hearty Bold Steak Sauce,product,Food & Beverage,Kraft Heinz,The Kraft Heinz Company,Public Conglomerate (3G Capital / Berkshire Hathaway),NASDAQ: KHC,False,"Manufactured by A.1. Steak Sauce, a division of Kraft Heinz. Packaged shelf-stable and condiments giant created by 3G Capital and Berkshire Hathaway.",92.5,Local Co-op Cheddar / Jovial Pasta / Organic Valley / Primal Kitchen
shake-n-bake,Shake 'n Bake,brand,Food & Beverage,Kraft Heinz,The Kraft Heinz Company,Public Conglomerate (3G Capital / Berkshire Hathaway),NASDAQ: KHC,False,Packaged shelf-stable and condiments giant created by 3G Capital and Berkshire Hathaway.,92.5,Local Co-op Cheddar / Jovial Pasta / Organic Valley / Primal Kitchen
shake-n-bake-original-chicken-seasoned-coating-mix-box,Shake 'n Bake Original Chicken Seasoned Coating Mix Box,product,Food & Beverage,Kraft Heinz,The Kraft Heinz Company,Public Conglomerate (3G Capital / Berkshire Hathaway),NASDAQ: KHC,False,"Manufactured by Shake 'n Bake, a division of Kraft Heinz. Packaged shelf-stable and condiments giant created by 3G Capital and Berkshire Hathaway.",92.5,Local Co-op Cheddar / Jovial Pasta / Organic Valley / Primal Kitchen
shake-n-bake-extra-crispy-seasoned-bread-crumbs,Shake 'n Bake Extra Crispy Seasoned Bread Crumbs,product,Food & Beverage,Kraft Heinz,The Kraft Heinz Company,Public Conglomerate (3G Capital / Berkshire Hathaway),NASDAQ: KHC,False,"Manufactured by Shake 'n Bake, a division of Kraft Heinz. Packaged shelf-stable and condiments giant created by 3G Capital and Berkshire Hathaway.",92.5,Local Co-op Cheddar / Jovial Pasta / Organic Valley / Primal Kitchen
healthy-choice,Healthy Choice,brand,Food & Beverage,Conagra Brands,"Conagra Brands, Inc.",Public Conglomerate,NYSE: CAG,False,Industrial canned goods and frozen convenience food manufacturer Conagra Brands.,89.0,Independent Local CSAs / Jovial Foods / Local Farm Jarred Vegetables
healthy-choice-simply-steamers-grilled-chicken-broccoli-alfredo,Healthy Choice Simply Steamers Grilled Chicken & Broccoli Alfredo,product,Food & Beverage,Conagra Brands,"Conagra Brands, Inc.",Public Conglomerate,NYSE: CAG,False,"Manufactured by Healthy Choice, a division of Conagra Brands. Industrial canned goods and frozen convenience food manufacturer Conagra Brands.",89.0,Independent Local CSAs / Jovial Foods / Local Farm Jarred Vegetables
healthy-choice-cafe-steamers-beef-merlot-frozen-meal,Healthy Choice Cafe Steamers Beef Merlot Frozen Meal,product,Food & Beverage,Conagra Brands,"Conagra Brands, Inc.",Public Conglomerate,NYSE: CAG,False,"Manufactured by Healthy Choice, a division of Conagra Brands. Industrial canned goods and frozen convenience food manufacturer Conagra Brands.",89.0,Independent Local CSAs / Jovial Foods / Local Farm Jarred Vegetables
healthy-choice-power-bowls-korean-inspired-beef,Healthy Choice Power Bowls Korean Inspired Beef,product,Food & Beverage,Conagra Brands,"Conagra Brands, Inc.",Public Conglomerate,NYSE: CAG,False,"Manufactured by Healthy Choice, a division of Conagra Brands. Industrial canned goods and frozen convenience food manufacturer Conagra Brands.",89.0,Independent Local CSAs / Jovial Foods / Local Farm Jarred Vegetables
marie-callenders,Marie Callender's,brand,Food & Beverage,Conagra Brands,"Conagra Brands, Inc.",Public Conglomerate,NYSE: CAG,False,Industrial canned goods and frozen convenience food manufacturer Conagra Brands.,89.0,Independent Local CSAs / Jovial Foods / Local Farm Jarred Vegetables
marie-callenders-chicken-pot-pie-frozen-entree-16oz,Marie Callender's Chicken Pot Pie Frozen Entree 16oz,product,Food & Beverage,Conagra Brands,"Conagra Brands, Inc.",Public Conglomerate,NYSE: CAG,False,"Manufactured by Marie Callender's, a division of Conagra Brands. Industrial canned goods and frozen convenience food manufacturer Conagra Brands.",89.0,Independent Local CSAs / Jovial Foods / Local Farm Jarred Vegetables
marie-callenders-dutch-apple-pie-frozen-dessert,Marie Callender's Dutch Apple Pie Frozen Dessert,product,Food & Beverage,Conagra Brands,"Conagra Brands, Inc.",Public Conglomerate,NYSE: CAG,False,"Manufactured by Marie Callender's, a division of Conagra Brands. Industrial canned goods and frozen convenience food manufacturer Conagra Brands.",89.0,Independent Local CSAs / Jovial Foods / Local Farm Jarred Vegetables
marie-callenders-beef-pot-pie-frozen-meal,Marie Callender's Beef Pot Pie Frozen Meal,product,Food & Beverage,Conagra Brands,"Conagra Brands, Inc.",Public Conglomerate,NYSE: CAG,False,"Manufactured by Marie Callender's, a division of Conagra Brands. Industrial canned goods and frozen convenience food manufacturer Conagra Brands.",89.0,Independent Local CSAs / Jovial Foods / Local Farm Jarred Vegetables
banquet,Banquet,brand,Food & Beverage,Conagra Brands,"Conagra Brands, Inc.",Public Conglomerate,NYSE: CAG,False,Industrial canned goods and frozen convenience food manufacturer Conagra Brands.,89.0,Independent Local CSAs / Jovial Foods / Local Farm Jarred Vegetables
banquet-salisbury-steak-frozen-meal-1188oz,Banquet Salisbury Steak Frozen Meal 11.88oz,product,Food & Beverage,Conagra Brands,"Conagra Brands, Inc.",Public Conglomerate,NYSE: CAG,False,"Manufactured by Banquet, a division of Conagra Brands. Industrial canned goods and frozen convenience food manufacturer Conagra Brands.",89.0,Independent Local CSAs / Jovial Foods / Local Farm Jarred Vegetables
banquet-original-crispy-fried-chicken-assorted-pieces-frozen-box,Banquet Original Crispy Fried Chicken Assorted Pieces Frozen Box,product,Food & Beverage,Conagra Brands,"Conagra Brands, Inc.",Public Conglomerate,NYSE: CAG,False,"Manufactured by Banquet, a division of Conagra Brands. Industrial canned goods and frozen convenience food manufacturer Conagra Brands.",89.0,Independent Local CSAs / Jovial Foods / Local Farm Jarred Vegetables
banquet-mega-bowls-nashville-hot-fried-chicken,Banquet Mega Bowls Nashville Hot Fried Chicken,product,Food & Beverage,Conagra Brands,"Conagra Brands, Inc.",Public Conglomerate,NYSE: CAG,False,"Manufactured by Banquet, a division of Conagra Brands. Industrial canned goods and frozen convenience food manufacturer Conagra Brands.",89.0,Independent Local CSAs / Jovial Foods / Local Farm Jarred Vegetables
birds-eye,Birds Eye,brand,Food & Beverage,Conagra Brands,"Conagra Brands, Inc.",Public Conglomerate,NYSE: CAG,False,Industrial canned goods and frozen convenience food manufacturer Conagra Brands.,89.0,Independent Local CSAs / Jovial Foods / Local Farm Jarred Vegetables
birds-eye-steamfresh-sweet-corn-10oz-frozen-veggies,Birds Eye Steamfresh Sweet Corn 10oz Frozen Veggies,product,Food & Beverage,Conagra Brands,"Conagra Brands, Inc.",Public Conglomerate,NYSE: CAG,False,"Manufactured by Birds Eye, a division of Conagra Brands. Industrial canned goods and frozen convenience food manufacturer Conagra Brands.",89.0,Independent Local CSAs / Jovial Foods / Local Farm Jarred Vegetables
birds-eye-voila-garlic-chicken-frozen-skillet-meal,Birds Eye Voila! Garlic Chicken Frozen Skillet Meal,product,Food & Beverage,Conagra Brands,"Conagra Brands, Inc.",Public Conglomerate,NYSE: CAG,False,"Manufactured by Birds Eye, a division of Conagra Brands. Industrial canned goods and frozen convenience food manufacturer Conagra Brands.",89.0,Independent Local CSAs / Jovial Foods / Local Farm Jarred Vegetables
birds-eye-steamfresh-cut-green-beans,Birds Eye Steamfresh Cut Green Beans,product,Food & Beverage,Conagra Brands,"Conagra Brands, Inc.",Public Conglomerate,NYSE: CAG,False,"Manufactured by Birds Eye, a division of Conagra Brands. Industrial canned goods and frozen convenience food manufacturer Conagra Brands.",89.0,Independent Local CSAs / Jovial Foods / Local Farm Jarred Vegetables
gardein,Gardein,brand,Food & Beverage,Conagra Brands,"Conagra Brands, Inc.",Public Conglomerate,NYSE: CAG,False,Industrial canned goods and frozen convenience food manufacturer Conagra Brands.,89.0,Independent Local CSAs / Jovial Foods / Local Farm Jarred Vegetables
gardein-ultimate-plant-based-burger-patties-frozen-pack,Gardein Ultimate Plant-Based Burger Patties Frozen Pack,product,Food & Beverage,Conagra Brands,"Conagra Brands, Inc.",Public Conglomerate,NYSE: CAG,False,"Manufactured by Gardein, a division of Conagra Brands. Industrial canned goods and frozen convenience food manufacturer Conagra Brands.",89.0,Independent Local CSAs / Jovial Foods / Local Farm Jarred Vegetables
gardein-seven-grain-crispy-tenders-vegan-chicken,Gardein Seven Grain Crispy Tenders Vegan Chicken,product,Food & Beverage,Conagra Brands,"Conagra Brands, Inc.",Public Conglomerate,NYSE: CAG,False,"Manufactured by Gardein, a division of Conagra Brands. Industrial canned goods and frozen convenience food manufacturer Conagra Brands.",89.0,Independent Local CSAs / Jovial Foods / Local Farm Jarred Vegetables
gardein-meatless-meatballs-frozen-bag,Gardein Meatless Meatballs Frozen Bag,product,Food & Beverage,Conagra Brands,"Conagra Brands, Inc.",Public Conglomerate,NYSE: CAG,False,"Manufactured by Gardein, a division of Conagra Brands. Industrial canned goods and frozen convenience food manufacturer Conagra Brands.",89.0,Independent Local CSAs / Jovial Foods / Local Farm Jarred Vegetables
earth-balance,Earth Balance,brand,Food & Beverage,Conagra Brands,"Conagra Brands, Inc.",Public Conglomerate,NYSE: CAG,False,Industrial canned goods and frozen convenience food manufacturer Conagra Brands.,89.0,Independent Local CSAs / Jovial Foods / Local Farm Jarred Vegetables
earth-balance-original-natural-buttery-spread-tub-15oz,Earth Balance Original Natural Buttery Spread Tub 15oz,product,Food & Beverage,Conagra Brands,"Conagra Brands, Inc.",Public Conglomerate,NYSE: CAG,False,"Manufactured by Earth Balance, a division of Conagra Brands. Industrial canned goods and frozen convenience food manufacturer Conagra Brands.",89.0,Independent Local CSAs / Jovial Foods / Local Farm Jarred Vegetables
earth-balance-soy-free-buttery-spread,Earth Balance Soy Free Buttery Spread,product,Food & Beverage,Conagra Brands,"Conagra Brands, Inc.",Public Conglomerate,NYSE: CAG,False,"Manufactured by Earth Balance, a division of Conagra Brands. Industrial canned goods and frozen convenience food manufacturer Conagra Brands.",89.0,Independent Local CSAs / Jovial Foods / Local Farm Jarred Vegetables
earth-balance-vegan-cheddar-flavor-squares,Earth Balance Vegan Cheddar Flavor Squares,product,Food & Beverage,Conagra Brands,"Conagra Brands, Inc.",Public Conglomerate,NYSE: CAG,False,"Manufactured by Earth Balance, a division of Conagra Brands. Industrial canned goods and frozen convenience food manufacturer Conagra Brands.",89.0,Independent Local CSAs / Jovial Foods / Local Farm Jarred Vegetables
glutino,Glutino,brand,Food & Beverage,Conagra Brands,"Conagra Brands, Inc.",Public Conglomerate,NYSE: CAG,False,Industrial canned goods and frozen convenience food manufacturer Conagra Brands.,89.0,Independent Local CSAs / Jovial Foods / Local Farm Jarred Vegetables
glutino-gluten-free-pretzel-twists-141oz-bag,Glutino Gluten Free Pretzel Twists 14.1oz Bag,product,Food & Beverage,Conagra Brands,"Conagra Brands, Inc.",Public Conglomerate,NYSE: CAG,False,"Manufactured by Glutino, a division of Conagra Brands. Industrial canned goods and frozen convenience food manufacturer Conagra Brands.",89.0,Independent Local CSAs / Jovial Foods / Local Farm Jarred Vegetables
glutino-gluten-free-chocolate-vanilla-creme-cookies,Glutino Gluten Free Chocolate Vanilla Creme Cookies,product,Food & Beverage,Conagra Brands,"Conagra Brands, Inc.",Public Conglomerate,NYSE: CAG,False,"Manufactured by Glutino, a division of Conagra Brands. Industrial canned goods and frozen convenience food manufacturer Conagra Brands.",89.0,Independent Local CSAs / Jovial Foods / Local Farm Jarred Vegetables
udis-gluten-free,Udi's Gluten Free,brand,Food & Beverage,Conagra Brands,"Conagra Brands, Inc.",Public Conglomerate,NYSE: CAG,False,Industrial canned goods and frozen convenience food manufacturer Conagra Brands.,89.0,Independent Local CSAs / Jovial Foods / Local Farm Jarred Vegetables
udis-gluten-free-delicious-multigrain-sandwich-bread-frozen-loaf,Udi's Gluten Free Delicious Multigrain Sandwich Bread Frozen Loaf,product,Food & Beverage,Conagra Brands,"Conagra Brands, Inc.",Public Conglomerate,NYSE: CAG,False,"Manufactured by Udi's Gluten Free, a division of Conagra Brands. Industrial canned goods and frozen convenience food manufacturer Conagra Brands.",89.0,Independent Local CSAs / Jovial Foods / Local Farm Jarred Vegetables
udis-gluten-free-plain-bagels-4-count,Udi's Gluten Free Plain Bagels 4-Count,product,Food & Beverage,Conagra Brands,"Conagra Brands, Inc.",Public Conglomerate,NYSE: CAG,False,"Manufactured by Udi's Gluten Free, a division of Conagra Brands. Industrial canned goods and frozen convenience food manufacturer Conagra Brands.",89.0,Independent Local CSAs / Jovial Foods / Local Farm Jarred Vegetables
duncan-hines,Duncan Hines,brand,Food & Beverage,Conagra Brands,"Conagra Brands, Inc.",Public Conglomerate,NYSE: CAG,False,Industrial canned goods and frozen convenience food manufacturer Conagra Brands.,89.0,Independent Local CSAs / Jovial Foods / Local Farm Jarred Vegetables
duncan-hines-signature-red-velvet-cake-mix-box,Duncan Hines Signature Red Velvet Cake Mix Box,product,Food & Beverage,Conagra Brands,"Conagra Brands, Inc.",Public Conglomerate,NYSE: CAG,False,"Manufactured by Duncan Hines, a division of Conagra Brands. Industrial canned goods and frozen convenience food manufacturer Conagra Brands.",89.0,Independent Local CSAs / Jovial Foods / Local Farm Jarred Vegetables
duncan-hines-dolly-partons-southern-style-coconut-cake-mix,Duncan Hines Dolly Parton's Southern Style Coconut Cake Mix,product,Food & Beverage,Conagra Brands,"Conagra Brands, Inc.",Public Conglomerate,NYSE: CAG,False,"Manufactured by Duncan Hines, a division of Conagra Brands. Industrial canned goods and frozen convenience food manufacturer Conagra Brands.",89.0,Independent Local CSAs / Jovial Foods / Local Farm Jarred Vegetables
duncan-hines-creamy-cream-cheese-frosting-tub,Duncan Hines Creamy Cream Cheese Frosting Tub,product,Food & Beverage,Conagra Brands,"Conagra Brands, Inc.",Public Conglomerate,NYSE: CAG,False,"Manufactured by Duncan Hines, a division of Conagra Brands. Industrial canned goods and frozen convenience food manufacturer Conagra Brands.",89.0,Independent Local CSAs / Jovial Foods / Local Farm Jarred Vegetables
hunts,Hunt's,brand,Food & Beverage,Conagra Brands,"Conagra Brands, Inc.",Public Conglomerate,NYSE: CAG,False,Industrial canned goods and frozen convenience food manufacturer Conagra Brands.,89.0,Independent Local CSAs / Jovial Foods / Local Farm Jarred Vegetables
hunts-100-natural-diced-tomatoes-145oz-can,Hunt's 100% Natural Diced Tomatoes 14.5oz Can,product,Food & Beverage,Conagra Brands,"Conagra Brands, Inc.",Public Conglomerate,NYSE: CAG,False,"Manufactured by Hunt's, a division of Conagra Brands. Industrial canned goods and frozen convenience food manufacturer Conagra Brands.",89.0,Independent Local CSAs / Jovial Foods / Local Farm Jarred Vegetables
hunts-traditional-pasta-sauce-24oz-can,Hunt's Traditional Pasta Sauce 24oz Can,product,Food & Beverage,Conagra Brands,"Conagra Brands, Inc.",Public Conglomerate,NYSE: CAG,False,"Manufactured by Hunt's, a division of Conagra Brands. Industrial canned goods and frozen convenience food manufacturer Conagra Brands.",89.0,Independent Local CSAs / Jovial Foods / Local Farm Jarred Vegetables
hunts-tomato-paste-6oz-can,Hunt's Tomato Paste 6oz Can,product,Food & Beverage,Conagra Brands,"Conagra Brands, Inc.",Public Conglomerate,NYSE: CAG,False,"Manufactured by Hunt's, a division of Conagra Brands. Industrial canned goods and frozen convenience food manufacturer Conagra Brands.",89.0,Independent Local CSAs / Jovial Foods / Local Farm Jarred Vegetables
rotel,Rotel,brand,Food & Beverage,Conagra Brands,"Conagra Brands, Inc.",Public Conglomerate,NYSE: CAG,False,Industrial canned goods and frozen convenience food manufacturer Conagra Brands.,89.0,Independent Local CSAs / Jovial Foods / Local Farm Jarred Vegetables
rotel-original-diced-tomatoes-green-chilies-10oz-can,Rotel Original Diced Tomatoes & Green Chilies 10oz Can,product,Food & Beverage,Conagra Brands,"Conagra Brands, Inc.",Public Conglomerate,NYSE: CAG,False,"Manufactured by Rotel, a division of Conagra Brands. Industrial canned goods and frozen convenience food manufacturer Conagra Brands.",89.0,Independent Local CSAs / Jovial Foods / Local Farm Jarred Vegetables
rotel-mild-diced-tomatoes-with-green-chilies-can,Rotel Mild Diced Tomatoes with Green Chilies Can,product,Food & Beverage,Conagra Brands,"Conagra Brands, Inc.",Public Conglomerate,NYSE: CAG,False,"Manufactured by Rotel, a division of Conagra Brands. Industrial canned goods and frozen convenience food manufacturer Conagra Brands.",89.0,Independent Local CSAs / Jovial Foods / Local Farm Jarred Vegetables
chef-boyardee,Chef Boyardee,brand,Food & Beverage,Conagra Brands,"Conagra Brands, Inc.",Public Conglomerate,NYSE: CAG,False,Industrial canned goods and frozen convenience food manufacturer Conagra Brands.,89.0,Independent Local CSAs / Jovial Foods / Local Farm Jarred Vegetables
chef-boyardee-beef-ravioli-in-tomato-sauce-15oz-can,Chef Boyardee Beef Ravioli in Tomato Sauce 15oz Can,product,Food & Beverage,Conagra Brands,"Conagra Brands, Inc.",Public Conglomerate,NYSE: CAG,False,"Manufactured by Chef Boyardee, a division of Conagra Brands. Industrial canned goods and frozen convenience food manufacturer Conagra Brands.",89.0,Independent Local CSAs / Jovial Foods / Local Farm Jarred Vegetables
chef-boyardee-beefaroni-pasta-in-tomato-meat-sauce-can,Chef Boyardee Beefaroni Pasta in Tomato Meat Sauce Can,product,Food & Beverage,Conagra Brands,"Conagra Brands, Inc.",Public Conglomerate,NYSE: CAG,False,"Manufactured by Chef Boyardee, a division of Conagra Brands. Industrial canned goods and frozen convenience food manufacturer Conagra Brands.",89.0,Independent Local CSAs / Jovial Foods / Local Farm Jarred Vegetables
chef-boyardee-spaghetti-meatballs,Chef Boyardee Spaghetti & Meatballs,product,Food & Beverage,Conagra Brands,"Conagra Brands, Inc.",Public Conglomerate,NYSE: CAG,False,"Manufactured by Chef Boyardee, a division of Conagra Brands. Industrial canned goods and frozen convenience food manufacturer Conagra Brands.",89.0,Independent Local CSAs / Jovial Foods / Local Farm Jarred Vegetables
hebrew-national,Hebrew National,brand,Food & Beverage,Conagra Brands,"Conagra Brands, Inc.",Public Conglomerate,NYSE: CAG,False,Industrial canned goods and frozen convenience food manufacturer Conagra Brands.,89.0,Independent Local CSAs / Jovial Foods / Local Farm Jarred Vegetables
hebrew-national-all-beef-franks-hot-dogs-12oz-pack,Hebrew National All Beef Franks Hot Dogs 12oz Pack,product,Food & Beverage,Conagra Brands,"Conagra Brands, Inc.",Public Conglomerate,NYSE: CAG,False,"Manufactured by Hebrew National, a division of Conagra Brands. Industrial canned goods and frozen convenience food manufacturer Conagra Brands.",89.0,Independent Local CSAs / Jovial Foods / Local Farm Jarred Vegetables
hebrew-national-kosher-beef-salami,Hebrew National Kosher Beef Salami,product,Food & Beverage,Conagra Brands,"Conagra Brands, Inc.",Public Conglomerate,NYSE: CAG,False,"Manufactured by Hebrew National, a division of Conagra Brands. Industrial canned goods and frozen convenience food manufacturer Conagra Brands.",89.0,Independent Local CSAs / Jovial Foods / Local Farm Jarred Vegetables
slim-jim,Slim Jim,brand,Food & Beverage,Conagra Brands,"Conagra Brands, Inc.",Public Conglomerate,NYSE: CAG,False,Industrial canned goods and frozen convenience food manufacturer Conagra Brands.,89.0,Independent Local CSAs / Jovial Foods / Local Farm Jarred Vegetables
slim-jim-original-giant-smoked-meat-snack-stick-097oz,Slim Jim Original Giant Smoked Meat Snack Stick 0.97oz,product,Food & Beverage,Conagra Brands,"Conagra Brands, Inc.",Public Conglomerate,NYSE: CAG,False,"Manufactured by Slim Jim, a division of Conagra Brands. Industrial canned goods and frozen convenience food manufacturer Conagra Brands.",89.0,Independent Local CSAs / Jovial Foods / Local Farm Jarred Vegetables
slim-jim-monster-size-mild-beef-stick,Slim Jim Monster Size Mild Beef Stick,product,Food & Beverage,Conagra Brands,"Conagra Brands, Inc.",Public Conglomerate,NYSE: CAG,False,"Manufactured by Slim Jim, a division of Conagra Brands. Industrial canned goods and frozen convenience food manufacturer Conagra Brands.",89.0,Independent Local CSAs / Jovial Foods / Local Farm Jarred Vegetables
slim-jim-mild-snack-sticks-14-count-box,Slim Jim Mild Snack Sticks 14-Count Box,product,Food & Beverage,Conagra Brands,"Conagra Brands, Inc.",Public Conglomerate,NYSE: CAG,False,"Manufactured by Slim Jim, a division of Conagra Brands. Industrial canned goods and frozen convenience food manufacturer Conagra Brands.",89.0,Independent Local CSAs / Jovial Foods / Local Farm Jarred Vegetables
dukes-smoked-meats,Duke's Smoked Meats,brand,Food & Beverage,Conagra Brands,"Conagra Brands, Inc.",Public Conglomerate,NYSE: CAG,False,Industrial canned goods and frozen convenience food manufacturer Conagra Brands.,89.0,Independent Local CSAs / Jovial Foods / Local Farm Jarred Vegetables
dukes-original-recipe-smoked-shorty-sausages-5oz-bag,Duke's Original Recipe Smoked Shorty Sausages 5oz Bag,product,Food & Beverage,Conagra Brands,"Conagra Brands, Inc.",Public Conglomerate,NYSE: CAG,False,"Manufactured by Duke's Smoked Meats, a division of Conagra Brands. Industrial canned goods and frozen convenience food manufacturer Conagra Brands.",89.0,Independent Local CSAs / Jovial Foods / Local Farm Jarred Vegetables
dukes-hot-spicy-shorty-smoked-sausages,Duke's Hot & Spicy Shorty Smoked Sausages,product,Food & Beverage,Conagra Brands,"Conagra Brands, Inc.",Public Conglomerate,NYSE: CAG,False,"Manufactured by Duke's Smoked Meats, a division of Conagra Brands. Industrial canned goods and frozen convenience food manufacturer Conagra Brands.",89.0,Independent Local CSAs / Jovial Foods / Local Farm Jarred Vegetables
reddi-wip,Reddi-wip,brand,Food & Beverage,Conagra Brands,"Conagra Brands, Inc.",Public Conglomerate,NYSE: CAG,False,Industrial canned goods and frozen convenience food manufacturer Conagra Brands.,89.0,Independent Local CSAs / Jovial Foods / Local Farm Jarred Vegetables
reddi-wip-real-whipped-dairy-cream-aerosol-can-13oz,Reddi-wip Real Whipped Dairy Cream Aerosol Can 13oz,product,Food & Beverage,Conagra Brands,"Conagra Brands, Inc.",Public Conglomerate,NYSE: CAG,False,"Manufactured by Reddi-wip, a division of Conagra Brands. Industrial canned goods and frozen convenience food manufacturer Conagra Brands.",89.0,Independent Local CSAs / Jovial Foods / Local Farm Jarred Vegetables
reddi-wip-non-dairy-coconut-milk-whipped-topping-can,Reddi-wip Non-Dairy Coconut Milk Whipped Topping Can,product,Food & Beverage,Conagra Brands,"Conagra Brands, Inc.",Public Conglomerate,NYSE: CAG,False,"Manufactured by Reddi-wip, a division of Conagra Brands. Industrial canned goods and frozen convenience food manufacturer Conagra Brands.",89.0,Independent Local CSAs / Jovial Foods / Local Farm Jarred Vegetables
pam,PAM,brand,Food & Beverage,Conagra Brands,"Conagra Brands, Inc.",Public Conglomerate,NYSE: CAG,False,Industrial canned goods and frozen convenience food manufacturer Conagra Brands.,89.0,Independent Local CSAs / Jovial Foods / Local Farm Jarred Vegetables
pam-original-no-stick-canola-oil-cooking-spray-6oz-can,PAM Original No-Stick Canola Oil Cooking Spray 6oz Can,product,Food & Beverage,Conagra Brands,"Conagra Brands, Inc.",Public Conglomerate,NYSE: CAG,False,"Manufactured by PAM, a division of Conagra Brands. Industrial canned goods and frozen convenience food manufacturer Conagra Brands.",89.0,Independent Local CSAs / Jovial Foods / Local Farm Jarred Vegetables
pam-butter-flavor-cooking-spray,PAM Butter Flavor Cooking Spray,product,Food & Beverage,Conagra Brands,"Conagra Brands, Inc.",Public Conglomerate,NYSE: CAG,False,"Manufactured by PAM, a division of Conagra Brands. Industrial canned goods and frozen convenience food manufacturer Conagra Brands.",89.0,Independent Local CSAs / Jovial Foods / Local Farm Jarred Vegetables
angies-boomchickapop,Angie's BOOMCHICKAPOP,brand,Food & Beverage,Conagra Brands,"Conagra Brands, Inc.",Public Conglomerate,NYSE: CAG,False,Industrial canned goods and frozen convenience food manufacturer Conagra Brands.,89.0,Independent Local CSAs / Jovial Foods / Local Farm Jarred Vegetables
angies-boomchickapop-sweet-salty-kettle-corn-bag,Angie's BOOMCHICKAPOP Sweet & Salty Kettle Corn Bag,product,Food & Beverage,Conagra Brands,"Conagra Brands, Inc.",Public Conglomerate,NYSE: CAG,False,"Manufactured by Angie's BOOMCHICKAPOP, a division of Conagra Brands. Industrial canned goods and frozen convenience food manufacturer Conagra Brands.",89.0,Independent Local CSAs / Jovial Foods / Local Farm Jarred Vegetables
angies-boomchickapop-sea-salt-popcorn-bag,Angie's BOOMCHICKAPOP Sea Salt Popcorn Bag,product,Food & Beverage,Conagra Brands,"Conagra Brands, Inc.",Public Conglomerate,NYSE: CAG,False,"Manufactured by Angie's BOOMCHICKAPOP, a division of Conagra Brands. Industrial canned goods and frozen convenience food manufacturer Conagra Brands.",89.0,Independent Local CSAs / Jovial Foods / Local Farm Jarred Vegetables
orville-redenbachers,Orville Redenbacher's,brand,Food & Beverage,Conagra Brands,"Conagra Brands, Inc.",Public Conglomerate,NYSE: CAG,False,Industrial canned goods and frozen convenience food manufacturer Conagra Brands.,89.0,Independent Local CSAs / Jovial Foods / Local Farm Jarred Vegetables
orville-redenbachers-movie-theater-butter-microwave-popcorn-6-pack,Orville Redenbacher's Movie Theater Butter Microwave Popcorn 6-Pack,product,Food & Beverage,Conagra Brands,"Conagra Brands, Inc.",Public Conglomerate,NYSE: CAG,False,"Manufactured by Orville Redenbacher's, a division of Conagra Brands. Industrial canned goods and frozen convenience food manufacturer Conagra Brands.",89.0,Independent Local CSAs / Jovial Foods / Local Farm Jarred Vegetables
orville-redenbachers-gourmet-popping-corn-kernels-jar,Orville Redenbacher's Gourmet Popping Corn Kernels Jar,product,Food & Beverage,Conagra Brands,"Conagra Brands, Inc.",Public Conglomerate,NYSE: CAG,False,"Manufactured by Orville Redenbacher's, a division of Conagra Brands. Industrial canned goods and frozen convenience food manufacturer Conagra Brands.",89.0,Independent Local CSAs / Jovial Foods / Local Farm Jarred Vegetables
swiss-miss,Swiss Miss,brand,Food & Beverage,Conagra Brands,"Conagra Brands, Inc.",Public Conglomerate,NYSE: CAG,False,Industrial canned goods and frozen convenience food manufacturer Conagra Brands.,89.0,Independent Local CSAs / Jovial Foods / Local Farm Jarred Vegetables
swiss-miss-milk-chocolate-hot-cocoa-mix-with-marshmallows-8-count,Swiss Miss Milk Chocolate Hot Cocoa Mix with Marshmallows 8-Count,product,Food & Beverage,Conagra Brands,"Conagra Brands, Inc.",Public Conglomerate,NYSE: CAG,False,"Manufactured by Swiss Miss, a division of Conagra Brands. Industrial canned goods and frozen convenience food manufacturer Conagra Brands.",89.0,Independent Local CSAs / Jovial Foods / Local Farm Jarred Vegetables
swiss-miss-indulgent-collection-dark-chocolate-hot-cocoa,Swiss Miss Indulgent Collection Dark Chocolate Hot Cocoa,product,Food & Beverage,Conagra Brands,"Conagra Brands, Inc.",Public Conglomerate,NYSE: CAG,False,"Manufactured by Swiss Miss, a division of Conagra Brands. Industrial canned goods and frozen convenience food manufacturer Conagra Brands.",89.0,Independent Local CSAs / Jovial Foods / Local Farm Jarred Vegetables
snack-pack,Snack Pack,brand,Food & Beverage,Conagra Brands,"Conagra Brands, Inc.",Public Conglomerate,NYSE: CAG,False,Industrial canned goods and frozen convenience food manufacturer Conagra Brands.,89.0,Independent Local CSAs / Jovial Foods / Local Farm Jarred Vegetables
snack-pack-chocolate-pudding-cups-4-pack,Snack Pack Chocolate Pudding Cups 4-Pack,product,Food & Beverage,Conagra Brands,"Conagra Brands, Inc.",Public Conglomerate,NYSE: CAG,False,"Manufactured by Snack Pack, a division of Conagra Brands. Industrial canned goods and frozen convenience food manufacturer Conagra Brands.",89.0,Independent Local CSAs / Jovial Foods / Local Farm Jarred Vegetables
snack-pack-vanilla-pudding-cups-4-count,Snack Pack Vanilla Pudding Cups 4-Count,product,Food & Beverage,Conagra Brands,"Conagra Brands, Inc.",Public Conglomerate,NYSE: CAG,False,"Manufactured by Snack Pack, a division of Conagra Brands. Industrial canned goods and frozen convenience food manufacturer Conagra Brands.",89.0,Independent Local CSAs / Jovial Foods / Local Farm Jarred Vegetables
snack-pack-lemon-juicy-gels,Snack Pack Lemon Juicy Gels,product,Food & Beverage,Conagra Brands,"Conagra Brands, Inc.",Public Conglomerate,NYSE: CAG,False,"Manufactured by Snack Pack, a division of Conagra Brands. Industrial canned goods and frozen convenience food manufacturer Conagra Brands.",89.0,Independent Local CSAs / Jovial Foods / Local Farm Jarred Vegetables
wish-bone,Wish-Bone,brand,Food & Beverage,Conagra Brands,"Conagra Brands, Inc.",Public Conglomerate,NYSE: CAG,False,Industrial canned goods and frozen convenience food manufacturer Conagra Brands.,89.0,Independent Local CSAs / Jovial Foods / Local Farm Jarred Vegetables
wish-bone-italian-salad-dressing-bottle-15oz,Wish-Bone Italian Salad Dressing Bottle 15oz,product,Food & Beverage,Conagra Brands,"Conagra Brands, Inc.",Public Conglomerate,NYSE: CAG,False,"Manufactured by Wish-Bone, a division of Conagra Brands. Industrial canned goods and frozen convenience food manufacturer Conagra Brands.",89.0,Independent Local CSAs / Jovial Foods / Local Farm Jarred Vegetables
wish-bone-robusto-italian-dressing,Wish-Bone Robusto Italian Dressing,product,Food & Beverage,Conagra Brands,"Conagra Brands, Inc.",Public Conglomerate,NYSE: CAG,False,"Manufactured by Wish-Bone, a division of Conagra Brands. Industrial canned goods and frozen convenience food manufacturer Conagra Brands.",89.0,Independent Local CSAs / Jovial Foods / Local Farm Jarred Vegetables
wish-bone-house-creamy-italian-dressing,Wish-Bone House Creamy Italian Dressing,product,Food & Beverage,Conagra Brands,"Conagra Brands, Inc.",Public Conglomerate,NYSE: CAG,False,"Manufactured by Wish-Bone, a division of Conagra Brands. Industrial canned goods and frozen convenience food manufacturer Conagra Brands.",89.0,Independent Local CSAs / Jovial Foods / Local Farm Jarred Vegetables
tide,Tide,brand,Household & Cleaning,Procter & Gamble,The Procter & Gamble Company,Public Conglomerate,NYSE: PG,False,Global consumer goods behemoth Procter & Gamble.,91.0,Dr. Bronner's / Bite Toothpaste / Who Gives A Crap / Meliora Cleaning
tide-pods-free-gentle-liquid-laundry-detergent-pacs-42-count,Tide PODS Free & Gentle Liquid Laundry Detergent Pacs 42-Count,product,Household & Cleaning,Procter & Gamble,The Procter & Gamble Company,Public Conglomerate,NYSE: PG,False,"Manufactured by Tide, a division of Procter & Gamble. Global consumer goods behemoth Procter & Gamble.",91.0,Dr. Bronner's / Bite Toothpaste / Who Gives A Crap / Meliora Cleaning
tide-original-liquid-laundry-detergent-92oz-bottle,Tide Original Liquid Laundry Detergent 92oz Bottle,product,Household & Cleaning,Procter & Gamble,The Procter & Gamble Company,Public Conglomerate,NYSE: PG,False,"Manufactured by Tide, a division of Procter & Gamble. Global consumer goods behemoth Procter & Gamble.",91.0,Dr. Bronner's / Bite Toothpaste / Who Gives A Crap / Meliora Cleaning
tide-with-oxi-liquid-detergent-64-loads,Tide with OXI Liquid Detergent 64 Loads,product,Household & Cleaning,Procter & Gamble,The Procter & Gamble Company,Public Conglomerate,NYSE: PG,False,"Manufactured by Tide, a division of Procter & Gamble. Global consumer goods behemoth Procter & Gamble.",91.0,Dr. Bronner's / Bite Toothpaste / Who Gives A Crap / Meliora Cleaning
tide-to-go-instant-stain-remover-pen-3-pack,Tide To Go Instant Stain Remover Pen 3-Pack,product,Household & Cleaning,Procter & Gamble,The Procter & Gamble Company,Public Conglomerate,NYSE: PG,False,"Manufactured by Tide, a division of Procter & Gamble. Global consumer goods behemoth Procter & Gamble.",91.0,Dr. Bronner's / Bite Toothpaste / Who Gives A Crap / Meliora Cleaning
gain,Gain,brand,Household & Cleaning,Procter & Gamble,The Procter & Gamble Company,Public Conglomerate,NYSE: PG,False,Global consumer goods behemoth Procter & Gamble.,91.0,Dr. Bronner's / Bite Toothpaste / Who Gives A Crap / Meliora Cleaning
gain-original-flings-laundry-detergent-pacs-60-count,Gain Original Flings Laundry Detergent Pacs 60-Count,product,Household & Cleaning,Procter & Gamble,The Procter & Gamble Company,Public Conglomerate,NYSE: PG,False,"Manufactured by Gain, a division of Procter & Gamble. Global consumer goods behemoth Procter & Gamble.",91.0,Dr. Bronner's / Bite Toothpaste / Who Gives A Crap / Meliora Cleaning
gain-original-aroma-booster-liquid-laundry-detergent,Gain Original Aroma Booster Liquid Laundry Detergent,product,Household & Cleaning,Procter & Gamble,The Procter & Gamble Company,Public Conglomerate,NYSE: PG,False,"Manufactured by Gain, a division of Procter & Gamble. Global consumer goods behemoth Procter & Gamble.",91.0,Dr. Bronner's / Bite Toothpaste / Who Gives A Crap / Meliora Cleaning
gain-fireworks-in-wash-scent-booster-beads-tub,Gain Fireworks In-Wash Scent Booster Beads Tub,product,Household & Cleaning,Procter & Gamble,The Procter & Gamble Company,Public Conglomerate,NYSE: PG,False,"Manufactured by Gain, a division of Procter & Gamble. Global consumer goods behemoth Procter & Gamble.",91.0,Dr. Bronner's / Bite Toothpaste / Who Gives A Crap / Meliora Cleaning
downy,Downy,brand,Household & Cleaning,Procter & Gamble,The Procter & Gamble Company,Public Conglomerate,NYSE: PG,False,Global consumer goods behemoth Procter & Gamble.,91.0,Dr. Bronner's / Bite Toothpaste / Who Gives A Crap / Meliora Cleaning
downy-april-fresh-liquid-fabric-softener-103oz-bottle,Downy April Fresh Liquid Fabric Softener 103oz Bottle,product,Household & Cleaning,Procter & Gamble,The Procter & Gamble Company,Public Conglomerate,NYSE: PG,False,"Manufactured by Downy, a division of Procter & Gamble. Global consumer goods behemoth Procter & Gamble.",91.0,Dr. Bronner's / Bite Toothpaste / Who Gives A Crap / Meliora Cleaning
downy-unstopables-in-wash-scent-booster-lush-scent-beads,Downy Unstopables In-Wash Scent Booster Lush Scent Beads,product,Household & Cleaning,Procter & Gamble,The Procter & Gamble Company,Public Conglomerate,NYSE: PG,False,"Manufactured by Downy, a division of Procter & Gamble. Global consumer goods behemoth Procter & Gamble.",91.0,Dr. Bronner's / Bite Toothpaste / Who Gives A Crap / Meliora Cleaning
bounce,Bounce,brand,Household & Cleaning,Procter & Gamble,The Procter & Gamble Company,Public Conglomerate,NYSE: PG,False,Global consumer goods behemoth Procter & Gamble.,91.0,Dr. Bronner's / Bite Toothpaste / Who Gives A Crap / Meliora Cleaning
bounce-outdoor-fresh-fabric-softener-dryer-sheets-240-count-box,Bounce Outdoor Fresh Fabric Softener Dryer Sheets 240-Count Box,product,Household & Cleaning,Procter & Gamble,The Procter & Gamble Company,Public Conglomerate,NYSE: PG,False,"Manufactured by Bounce, a division of Procter & Gamble. Global consumer goods behemoth Procter & Gamble.",91.0,Dr. Bronner's / Bite Toothpaste / Who Gives A Crap / Meliora Cleaning
bounce-free-gentle-hypoallergenic-dryer-sheets,Bounce Free & Gentle Hypoallergenic Dryer Sheets,product,Household & Cleaning,Procter & Gamble,The Procter & Gamble Company,Public Conglomerate,NYSE: PG,False,"Manufactured by Bounce, a division of Procter & Gamble. Global consumer goods behemoth Procter & Gamble.",91.0,Dr. Bronner's / Bite Toothpaste / Who Gives A Crap / Meliora Cleaning
dawn,Dawn,brand,Household & Cleaning,Procter & Gamble,The Procter & Gamble Company,Public Conglomerate,NYSE: PG,False,Global consumer goods behemoth Procter & Gamble.,91.0,Dr. Bronner's / Bite Toothpaste / Who Gives A Crap / Meliora Cleaning
dawn-ultra-platinum-dishwashing-liquid-dish-soap-38oz,Dawn Ultra Platinum Dishwashing Liquid Dish Soap 38oz,product,Household & Cleaning,Procter & Gamble,The Procter & Gamble Company,Public Conglomerate,NYSE: PG,False,"Manufactured by Dawn, a division of Procter & Gamble. Global consumer goods behemoth Procter & Gamble.",91.0,Dr. Bronner's / Bite Toothpaste / Who Gives A Crap / Meliora Cleaning
dawn-powerwash-dish-spray-fresh-scent-starter-kit,Dawn Powerwash Dish Spray Fresh Scent Starter Kit,product,Household & Cleaning,Procter & Gamble,The Procter & Gamble Company,Public Conglomerate,NYSE: PG,False,"Manufactured by Dawn, a division of Procter & Gamble. Global consumer goods behemoth Procter & Gamble.",91.0,Dr. Bronner's / Bite Toothpaste / Who Gives A Crap / Meliora Cleaning
dawn-free-clear-liquid-dish-soap,Dawn Free & Clear Liquid Dish Soap,product,Household & Cleaning,Procter & Gamble,The Procter & Gamble Company,Public Conglomerate,NYSE: PG,False,"Manufactured by Dawn, a division of Procter & Gamble. Global consumer goods behemoth Procter & Gamble.",91.0,Dr. Bronner's / Bite Toothpaste / Who Gives A Crap / Meliora Cleaning
cascade,Cascade,brand,Household & Cleaning,Procter & Gamble,The Procter & Gamble Company,Public Conglomerate,NYSE: PG,False,Global consumer goods behemoth Procter & Gamble.,91.0,Dr. Bronner's / Bite Toothpaste / Who Gives A Crap / Meliora Cleaning
cascade-platinum-plus-actionpacs-dishwasher-detergent-52-count,Cascade Platinum Plus ActionPacs Dishwasher Detergent 52-Count,product,Household & Cleaning,Procter & Gamble,The Procter & Gamble Company,Public Conglomerate,NYSE: PG,False,"Manufactured by Cascade, a division of Procter & Gamble. Global consumer goods behemoth Procter & Gamble.",91.0,Dr. Bronner's / Bite Toothpaste / Who Gives A Crap / Meliora Cleaning
cascade-complete-gel-dishwasher-detergent-75oz,Cascade Complete Gel Dishwasher Detergent 75oz,product,Household & Cleaning,Procter & Gamble,The Procter & Gamble Company,Public Conglomerate,NYSE: PG,False,"Manufactured by Cascade, a division of Procter & Gamble. Global consumer goods behemoth Procter & Gamble.",91.0,Dr. Bronner's / Bite Toothpaste / Who Gives A Crap / Meliora Cleaning
cascade-original-dishwasher-pods,Cascade Original Dishwasher Pods,product,Household & Cleaning,Procter & Gamble,The Procter & Gamble Company,Public Conglomerate,NYSE: PG,False,"Manufactured by Cascade, a division of Procter & Gamble. Global consumer goods behemoth Procter & Gamble.",91.0,Dr. Bronner's / Bite Toothpaste / Who Gives A Crap / Meliora Cleaning
swiffer,Swiffer,brand,Household & Cleaning,Procter & Gamble,The Procter & Gamble Company,Public Conglomerate,NYSE: PG,False,Global consumer goods behemoth Procter & Gamble.,91.0,Dr. Bronner's / Bite Toothpaste / Who Gives A Crap / Meliora Cleaning
swiffer-sweeper-2-in-1-dry-and-wet-floor-sweeper-starter-kit,Swiffer Sweeper 2-in-1 Dry and Wet Floor Sweeper Starter Kit,product,Household & Cleaning,Procter & Gamble,The Procter & Gamble Company,Public Conglomerate,NYSE: PG,False,"Manufactured by Swiffer, a division of Procter & Gamble. Global consumer goods behemoth Procter & Gamble.",91.0,Dr. Bronner's / Bite Toothpaste / Who Gives A Crap / Meliora Cleaning
swiffer-wetjet-hardwood-floor-spray-mop-kit,Swiffer WetJet Hardwood Floor Spray Mop Kit,product,Household & Cleaning,Procter & Gamble,The Procter & Gamble Company,Public Conglomerate,NYSE: PG,False,"Manufactured by Swiffer, a division of Procter & Gamble. Global consumer goods behemoth Procter & Gamble.",91.0,Dr. Bronner's / Bite Toothpaste / Who Gives A Crap / Meliora Cleaning
swiffer-duster-heavy-duty-refills-10-pack,Swiffer Duster Heavy Duty Refills 10-Pack,product,Household & Cleaning,Procter & Gamble,The Procter & Gamble Company,Public Conglomerate,NYSE: PG,False,"Manufactured by Swiffer, a division of Procter & Gamble. Global consumer goods behemoth Procter & Gamble.",91.0,Dr. Bronner's / Bite Toothpaste / Who Gives A Crap / Meliora Cleaning
febreze,Febreze,brand,Household & Cleaning,Procter & Gamble,The Procter & Gamble Company,Public Conglomerate,NYSE: PG,False,Global consumer goods behemoth Procter & Gamble.,91.0,Dr. Bronner's / Bite Toothpaste / Who Gives A Crap / Meliora Cleaning
febreze-air-effects-air-freshener-spray-linen-sky-2-pack,Febreze Air Effects Air Freshener Spray Linen & Sky 2-Pack,product,Household & Cleaning,Procter & Gamble,The Procter & Gamble Company,Public Conglomerate,NYSE: PG,False,"Manufactured by Febreze, a division of Procter & Gamble. Global consumer goods behemoth Procter & Gamble.",91.0,Dr. Bronner's / Bite Toothpaste / Who Gives A Crap / Meliora Cleaning
febreze-fabric-extra-strength-odor-refresher-spray-27oz,Febreze Fabric Extra Strength Odor Refresher Spray 27oz,product,Household & Cleaning,Procter & Gamble,The Procter & Gamble Company,Public Conglomerate,NYSE: PG,False,"Manufactured by Febreze, a division of Procter & Gamble. Global consumer goods behemoth Procter & Gamble.",91.0,Dr. Bronner's / Bite Toothpaste / Who Gives A Crap / Meliora Cleaning
bounty,Bounty,brand,Household & Cleaning,Procter & Gamble,The Procter & Gamble Company,Public Conglomerate,NYSE: PG,False,Global consumer goods behemoth Procter & Gamble.,91.0,Dr. Bronner's / Bite Toothpaste / Who Gives A Crap / Meliora Cleaning
bounty-select-a-size-paper-towels-12-double-rolls,Bounty Select-a-Size Paper Towels 12 Double Rolls,product,Household & Cleaning,Procter & Gamble,The Procter & Gamble Company,Public Conglomerate,NYSE: PG,False,"Manufactured by Bounty, a division of Procter & Gamble. Global consumer goods behemoth Procter & Gamble.",91.0,Dr. Bronner's / Bite Toothpaste / Who Gives A Crap / Meliora Cleaning
bounty-quick-size-paper-towels-8-family-rolls,Bounty Quick Size Paper Towels 8 Family Rolls,product,Household & Cleaning,Procter & Gamble,The Procter & Gamble Company,Public Conglomerate,NYSE: PG,False,"Manufactured by Bounty, a division of Procter & Gamble. Global consumer goods behemoth Procter & Gamble.",91.0,Dr. Bronner's / Bite Toothpaste / Who Gives A Crap / Meliora Cleaning
charmin,Charmin,brand,Household & Cleaning,Procter & Gamble,The Procter & Gamble Company,Public Conglomerate,NYSE: PG,False,Global consumer goods behemoth Procter & Gamble.,91.0,Dr. Bronner's / Bite Toothpaste / Who Gives A Crap / Meliora Cleaning
charmin-ultra-soft-toilet-paper-18-mega-rolls,Charmin Ultra Soft Toilet Paper 18 Mega Rolls,product,Household & Cleaning,Procter & Gamble,The Procter & Gamble Company,Public Conglomerate,NYSE: PG,False,"Manufactured by Charmin, a division of Procter & Gamble. Global consumer goods behemoth Procter & Gamble.",91.0,Dr. Bronner's / Bite Toothpaste / Who Gives A Crap / Meliora Cleaning
charmin-ultra-strong-clean-touch-bath-tissue-24-rolls,Charmin Ultra Strong Clean Touch Bath Tissue 24 Rolls,product,Household & Cleaning,Procter & Gamble,The Procter & Gamble Company,Public Conglomerate,NYSE: PG,False,"Manufactured by Charmin, a division of Procter & Gamble. Global consumer goods behemoth Procter & Gamble.",91.0,Dr. Bronner's / Bite Toothpaste / Who Gives A Crap / Meliora Cleaning
pampers,Pampers,brand,Household & Cleaning,Procter & Gamble,The Procter & Gamble Company,Public Conglomerate,NYSE: PG,False,Global consumer goods behemoth Procter & Gamble.,91.0,Dr. Bronner's / Bite Toothpaste / Who Gives A Crap / Meliora Cleaning
pampers-swaddlers-disposable-diapers-size-1-148-count,Pampers Swaddlers Disposable Diapers Size 1 148-Count,product,Household & Cleaning,Procter & Gamble,The Procter & Gamble Company,Public Conglomerate,NYSE: PG,False,"Manufactured by Pampers, a division of Procter & Gamble. Global consumer goods behemoth Procter & Gamble.",91.0,Dr. Bronner's / Bite Toothpaste / Who Gives A Crap / Meliora Cleaning
pampers-baby-dry-diapers-size-4,Pampers Baby Dry Diapers Size 4,product,Household & Cleaning,Procter & Gamble,The Procter & Gamble Company,Public Conglomerate,NYSE: PG,False,"Manufactured by Pampers, a division of Procter & Gamble. Global consumer goods behemoth Procter & Gamble.",91.0,Dr. Bronner's / Bite Toothpaste / Who Gives A Crap / Meliora Cleaning
pampers-aqua-pure-99-water-sensitive-baby-wipes-6-pack,Pampers Aqua Pure 99% Water Sensitive Baby Wipes 6-Pack,product,Household & Cleaning,Procter & Gamble,The Procter & Gamble Company,Public Conglomerate,NYSE: PG,False,"Manufactured by Pampers, a division of Procter & Gamble. Global consumer goods behemoth Procter & Gamble.",91.0,Dr. Bronner's / Bite Toothpaste / Who Gives A Crap / Meliora Cleaning
luvs,Luvs,brand,Household & Cleaning,Procter & Gamble,The Procter & Gamble Company,Public Conglomerate,NYSE: PG,False,Global consumer goods behemoth Procter & Gamble.,91.0,Dr. Bronner's / Bite Toothpaste / Who Gives A Crap / Meliora Cleaning
luvs-pro-level-leak-protection-diapers-size-3-box-168-count,Luvs Pro Level Leak Protection Diapers Size 3 Box 168-Count,product,Household & Cleaning,Procter & Gamble,The Procter & Gamble Company,Public Conglomerate,NYSE: PG,False,"Manufactured by Luvs, a division of Procter & Gamble. Global consumer goods behemoth Procter & Gamble.",91.0,Dr. Bronner's / Bite Toothpaste / Who Gives A Crap / Meliora Cleaning
crest,Crest,brand,Household & Cleaning,Procter & Gamble,The Procter & Gamble Company,Public Conglomerate,NYSE: PG,False,Global consumer goods behemoth Procter & Gamble.,91.0,Dr. Bronner's / Bite Toothpaste / Who Gives A Crap / Meliora Cleaning
crest-3d-white-advanced-radiant-mint-toothpaste-3-pack,Crest 3D White Advanced Radiant Mint Toothpaste 3-Pack,product,Household & Cleaning,Procter & Gamble,The Procter & Gamble Company,Public Conglomerate,NYSE: PG,False,"Manufactured by Crest, a division of Procter & Gamble. Global consumer goods behemoth Procter & Gamble.",91.0,Dr. Bronner's / Bite Toothpaste / Who Gives A Crap / Meliora Cleaning
crest-pro-health-clean-mint-antibacterial-toothpaste,Crest Pro-Health Clean Mint Antibacterial Toothpaste,product,Household & Cleaning,Procter & Gamble,The Procter & Gamble Company,Public Conglomerate,NYSE: PG,False,"Manufactured by Crest, a division of Procter & Gamble. Global consumer goods behemoth Procter & Gamble.",91.0,Dr. Bronner's / Bite Toothpaste / Who Gives A Crap / Meliora Cleaning
crest-3d-whitestrips-professional-effects-teeth-whitening-kit,Crest 3D Whitestrips Professional Effects Teeth Whitening Kit,product,Household & Cleaning,Procter & Gamble,The Procter & Gamble Company,Public Conglomerate,NYSE: PG,False,"Manufactured by Crest, a division of Procter & Gamble. Global consumer goods behemoth Procter & Gamble.",91.0,Dr. Bronner's / Bite Toothpaste / Who Gives A Crap / Meliora Cleaning
oral-b,Oral-B,brand,Household & Cleaning,Procter & Gamble,The Procter & Gamble Company,Public Conglomerate,NYSE: PG,False,Global consumer goods behemoth Procter & Gamble.,91.0,Dr. Bronner's / Bite Toothpaste / Who Gives A Crap / Meliora Cleaning
oral-b-pro-1000-crossaction-electric-rechargeable-toothbrush,Oral-B Pro 1000 CrossAction Electric Rechargeable Toothbrush,product,Household & Cleaning,Procter & Gamble,The Procter & Gamble Company,Public Conglomerate,NYSE: PG,False,"Manufactured by Oral-B, a division of Procter & Gamble. Global consumer goods behemoth Procter & Gamble.",91.0,Dr. Bronner's / Bite Toothpaste / Who Gives A Crap / Meliora Cleaning
oral-b-glide-pro-health-deep-clean-dental-floss-2-pack,Oral-B Glide Pro-Health Deep Clean Dental Floss 2-Pack,product,Household & Cleaning,Procter & Gamble,The Procter & Gamble Company,Public Conglomerate,NYSE: PG,False,"Manufactured by Oral-B, a division of Procter & Gamble. Global consumer goods behemoth Procter & Gamble.",91.0,Dr. Bronner's / Bite Toothpaste / Who Gives A Crap / Meliora Cleaning
oral-b-indicator-color-changing-manual-toothbrush-4-pack,Oral-B Indicator Color Changing Manual Toothbrush 4-Pack,product,Household & Cleaning,Procter & Gamble,The Procter & Gamble Company,Public Conglomerate,NYSE: PG,False,"Manufactured by Oral-B, a division of Procter & Gamble. Global consumer goods behemoth Procter & Gamble.",91.0,Dr. Bronner's / Bite Toothpaste / Who Gives A Crap / Meliora Cleaning
scope,Scope,brand,Household & Cleaning,Procter & Gamble,The Procter & Gamble Company,Public Conglomerate,NYSE: PG,False,Global consumer goods behemoth Procter & Gamble.,91.0,Dr. Bronner's / Bite Toothpaste / Who Gives A Crap / Meliora Cleaning
scope-classic-original-mint-mouthwash-1-liter-bottle,Scope Classic Original Mint Mouthwash 1-Liter Bottle,product,Household & Cleaning,Procter & Gamble,The Procter & Gamble Company,Public Conglomerate,NYSE: PG,False,"Manufactured by Scope, a division of Procter & Gamble. Global consumer goods behemoth Procter & Gamble.",91.0,Dr. Bronner's / Bite Toothpaste / Who Gives A Crap / Meliora Cleaning
scope-outlast-long-lasting-peppermint-mouthwash,Scope Outlast Long Lasting Peppermint Mouthwash,product,Household & Cleaning,Procter & Gamble,The Procter & Gamble Company,Public Conglomerate,NYSE: PG,False,"Manufactured by Scope, a division of Procter & Gamble. Global consumer goods behemoth Procter & Gamble.",91.0,Dr. Bronner's / Bite Toothpaste / Who Gives A Crap / Meliora Cleaning
gillette,Gillette,brand,Household & Cleaning,Procter & Gamble,The Procter & Gamble Company,Public Conglomerate,NYSE: PG,False,Global consumer goods behemoth Procter & Gamble.,91.0,Dr. Bronner's / Bite Toothpaste / Who Gives A Crap / Meliora Cleaning
gillette-fusion5-mens-razor-handle-with-4-blade-refills,Gillette Fusion5 Men's Razor Handle with 4 Blade Refills,product,Household & Cleaning,Procter & Gamble,The Procter & Gamble Company,Public Conglomerate,NYSE: PG,False,"Manufactured by Gillette, a division of Procter & Gamble. Global consumer goods behemoth Procter & Gamble.",91.0,Dr. Bronner's / Bite Toothpaste / Who Gives A Crap / Meliora Cleaning
gillette-mach3-mens-razor-cartridges-10-pack,Gillette Mach3 Men's Razor Cartridges 10-Pack,product,Household & Cleaning,Procter & Gamble,The Procter & Gamble Company,Public Conglomerate,NYSE: PG,False,"Manufactured by Gillette, a division of Procter & Gamble. Global consumer goods behemoth Procter & Gamble.",91.0,Dr. Bronner's / Bite Toothpaste / Who Gives A Crap / Meliora Cleaning
gillette-foamy-regular-shave-cream-11oz-can,Gillette Foamy Regular Shave Cream 11oz Can,product,Household & Cleaning,Procter & Gamble,The Procter & Gamble Company,Public Conglomerate,NYSE: PG,False,"Manufactured by Gillette, a division of Procter & Gamble. Global consumer goods behemoth Procter & Gamble.",91.0,Dr. Bronner's / Bite Toothpaste / Who Gives A Crap / Meliora Cleaning
venus,Venus,brand,Household & Cleaning,Procter & Gamble,The Procter & Gamble Company,Public Conglomerate,NYSE: PG,False,Global consumer goods behemoth Procter & Gamble.,91.0,Dr. Bronner's / Bite Toothpaste / Who Gives A Crap / Meliora Cleaning
gillette-venus-extra-smooth-womens-razor-handle-plus-2-refills,Gillette Venus Extra Smooth Women's Razor Handle plus 2 Refills,product,Household & Cleaning,Procter & Gamble,The Procter & Gamble Company,Public Conglomerate,NYSE: PG,False,"Manufactured by Venus, a division of Procter & Gamble. Global consumer goods behemoth Procter & Gamble.",91.0,Dr. Bronner's / Bite Toothpaste / Who Gives A Crap / Meliora Cleaning
gillette-venus-comfortglide-white-tea-womens-razor,Gillette Venus ComfortGlide White Tea Women's Razor,product,Household & Cleaning,Procter & Gamble,The Procter & Gamble Company,Public Conglomerate,NYSE: PG,False,"Manufactured by Venus, a division of Procter & Gamble. Global consumer goods behemoth Procter & Gamble.",91.0,Dr. Bronner's / Bite Toothpaste / Who Gives A Crap / Meliora Cleaning
braun,Braun,brand,Household & Cleaning,Procter & Gamble,The Procter & Gamble Company,Public Conglomerate,NYSE: PG,False,Global consumer goods behemoth Procter & Gamble.,91.0,Dr. Bronner's / Bite Toothpaste / Who Gives A Crap / Meliora Cleaning
braun-series-7-electric-shaver-with-clean-charge-station,Braun Series 7 Electric Shaver with Clean & Charge Station,product,Household & Cleaning,Procter & Gamble,The Procter & Gamble Company,Public Conglomerate,NYSE: PG,False,"Manufactured by Braun, a division of Procter & Gamble. Global consumer goods behemoth Procter & Gamble.",91.0,Dr. Bronner's / Bite Toothpaste / Who Gives A Crap / Meliora Cleaning
braun-thermoscan-7-ear-thermometer-with-age-precision,Braun ThermoScan 7 Ear Thermometer with Age Precision,product,Household & Cleaning,Procter & Gamble,The Procter & Gamble Company,Public Conglomerate,NYSE: PG,False,"Manufactured by Braun, a division of Procter & Gamble. Global consumer goods behemoth Procter & Gamble.",91.0,Dr. Bronner's / Bite Toothpaste / Who Gives A Crap / Meliora Cleaning
head-shoulders,Head & Shoulders,brand,Household & Cleaning,Procter & Gamble,The Procter & Gamble Company,Public Conglomerate,NYSE: PG,False,Global consumer goods behemoth Procter & Gamble.,91.0,Dr. Bronner's / Bite Toothpaste / Who Gives A Crap / Meliora Cleaning
head-shoulders-classic-clean-anti-dandruff-2-in-1-shampoo-32oz,Head & Shoulders Classic Clean Anti-Dandruff 2-in-1 Shampoo 32oz,product,Household & Cleaning,Procter & Gamble,The Procter & Gamble Company,Public Conglomerate,NYSE: PG,False,"Manufactured by Head & Shoulders, a division of Procter & Gamble. Global consumer goods behemoth Procter & Gamble.",91.0,Dr. Bronner's / Bite Toothpaste / Who Gives A Crap / Meliora Cleaning
head-shoulders-dry-scalp-care-almond-oil-shampoo,Head & Shoulders Dry Scalp Care Almond Oil Shampoo,product,Household & Cleaning,Procter & Gamble,The Procter & Gamble Company,Public Conglomerate,NYSE: PG,False,"Manufactured by Head & Shoulders, a division of Procter & Gamble. Global consumer goods behemoth Procter & Gamble.",91.0,Dr. Bronner's / Bite Toothpaste / Who Gives A Crap / Meliora Cleaning
pantene,Pantene,brand,Household & Cleaning,Procter & Gamble,The Procter & Gamble Company,Public Conglomerate,NYSE: PG,False,Global consumer goods behemoth Procter & Gamble.,91.0,Dr. Bronner's / Bite Toothpaste / Who Gives A Crap / Meliora Cleaning
pantene-pro-v-daily-moisture-renewal-shampoo-304oz,Pantene Pro-V Daily Moisture Renewal Shampoo 30.4oz,product,Household & Cleaning,Procter & Gamble,The Procter & Gamble Company,Public Conglomerate,NYSE: PG,False,"Manufactured by Pantene, a division of Procter & Gamble. Global consumer goods behemoth Procter & Gamble.",91.0,Dr. Bronner's / Bite Toothpaste / Who Gives A Crap / Meliora Cleaning
pantene-miracle-moisture-10-in-1-leave-in-conditioner-spray,Pantene Miracle Moisture 10-in-1 Leave-In Conditioner Spray,product,Household & Cleaning,Procter & Gamble,The Procter & Gamble Company,Public Conglomerate,NYSE: PG,False,"Manufactured by Pantene, a division of Procter & Gamble. Global consumer goods behemoth Procter & Gamble.",91.0,Dr. Bronner's / Bite Toothpaste / Who Gives A Crap / Meliora Cleaning
pantene-pro-v-repair-protect-conditioner,Pantene Pro-V Repair & Protect Conditioner,product,Household & Cleaning,Procter & Gamble,The Procter & Gamble Company,Public Conglomerate,NYSE: PG,False,"Manufactured by Pantene, a division of Procter & Gamble. Global consumer goods behemoth Procter & Gamble.",91.0,Dr. Bronner's / Bite Toothpaste / Who Gives A Crap / Meliora Cleaning
herbal-essences,Herbal Essences,brand,Household & Cleaning,Procter & Gamble,The Procter & Gamble Company,Public Conglomerate,NYSE: PG,False,Global consumer goods behemoth Procter & Gamble.,91.0,Dr. Bronner's / Bite Toothpaste / Who Gives A Crap / Meliora Cleaning
herbal-essences-biorenew-argan-oil-of-morocco-shampoo-135oz,Herbal Essences bio:renew Argan Oil of Morocco Shampoo 13.5oz,product,Household & Cleaning,Procter & Gamble,The Procter & Gamble Company,Public Conglomerate,NYSE: PG,False,"Manufactured by Herbal Essences, a division of Procter & Gamble. Global consumer goods behemoth Procter & Gamble.",91.0,Dr. Bronner's / Bite Toothpaste / Who Gives A Crap / Meliora Cleaning
herbal-essences-chamomile-shine-shampoo-bottle,Herbal Essences Chamomile Shine Shampoo Bottle,product,Household & Cleaning,Procter & Gamble,The Procter & Gamble Company,Public Conglomerate,NYSE: PG,False,"Manufactured by Herbal Essences, a division of Procter & Gamble. Global consumer goods behemoth Procter & Gamble.",91.0,Dr. Bronner's / Bite Toothpaste / Who Gives A Crap / Meliora Cleaning
olay,Olay,brand,Household & Cleaning,Procter & Gamble,The Procter & Gamble Company,Public Conglomerate,NYSE: PG,False,Global consumer goods behemoth Procter & Gamble.,91.0,Dr. Bronner's / Bite Toothpaste / Who Gives A Crap / Meliora Cleaning
olay-regenerist-micro-sculpting-cream-face-moisturizer-17oz,Olay Regenerist Micro-Sculpting Cream Face Moisturizer 1.7oz,product,Household & Cleaning,Procter & Gamble,The Procter & Gamble Company,Public Conglomerate,NYSE: PG,False,"Manufactured by Olay, a division of Procter & Gamble. Global consumer goods behemoth Procter & Gamble.",91.0,Dr. Bronner's / Bite Toothpaste / Who Gives A Crap / Meliora Cleaning
olay-super-serum-5-in-1-face-treatment-1oz,Olay Super Serum 5-in-1 Face Treatment 1oz,product,Household & Cleaning,Procter & Gamble,The Procter & Gamble Company,Public Conglomerate,NYSE: PG,False,"Manufactured by Olay, a division of Procter & Gamble. Global consumer goods behemoth Procter & Gamble.",91.0,Dr. Bronner's / Bite Toothpaste / Who Gives A Crap / Meliora Cleaning
olay-cleansing-nourishing-b3-body-wash-20oz,Olay Cleansing & Nourishing B3 Body Wash 20oz,product,Household & Cleaning,Procter & Gamble,The Procter & Gamble Company,Public Conglomerate,NYSE: PG,False,"Manufactured by Olay, a division of Procter & Gamble. Global consumer goods behemoth Procter & Gamble.",91.0,Dr. Bronner's / Bite Toothpaste / Who Gives A Crap / Meliora Cleaning
old-spice,Old Spice,brand,Household & Cleaning,Procter & Gamble,The Procter & Gamble Company,Public Conglomerate,NYSE: PG,False,Global consumer goods behemoth Procter & Gamble.,91.0,Dr. Bronner's / Bite Toothpaste / Who Gives A Crap / Meliora Cleaning
old-spice-high-endurance-pure-sport-mens-deodorant-3oz,Old Spice High Endurance Pure Sport Men's Deodorant 3oz,product,Household & Cleaning,Procter & Gamble,The Procter & Gamble Company,Public Conglomerate,NYSE: PG,False,"Manufactured by Old Spice, a division of Procter & Gamble. Global consumer goods behemoth Procter & Gamble.",91.0,Dr. Bronner's / Bite Toothpaste / Who Gives A Crap / Meliora Cleaning
old-spice-classic-cologne-deodorant-stick-3-pack,Old Spice Classic Cologne Deodorant Stick 3-Pack,product,Household & Cleaning,Procter & Gamble,The Procter & Gamble Company,Public Conglomerate,NYSE: PG,False,"Manufactured by Old Spice, a division of Procter & Gamble. Global consumer goods behemoth Procter & Gamble.",91.0,Dr. Bronner's / Bite Toothpaste / Who Gives A Crap / Meliora Cleaning
old-spice-swagger-cedarwood-scent-body-wash-24oz,Old Spice Swagger Cedarwood Scent Body Wash 24oz,product,Household & Cleaning,Procter & Gamble,The Procter & Gamble Company,Public Conglomerate,NYSE: PG,False,"Manufactured by Old Spice, a division of Procter & Gamble. Global consumer goods behemoth Procter & Gamble.",91.0,Dr. Bronner's / Bite Toothpaste / Who Gives A Crap / Meliora Cleaning
secret,Secret,brand,Household & Cleaning,Procter & Gamble,The Procter & Gamble Company,Public Conglomerate,NYSE: PG,False,Global consumer goods behemoth Procter & Gamble.,91.0,Dr. Bronner's / Bite Toothpaste / Who Gives A Crap / Meliora Cleaning
secret-outlast-completely-clean-invisible-solid-antiperspirant-26oz,Secret Outlast Completely Clean Invisible Solid Antiperspirant 2.6oz,product,Household & Cleaning,Procter & Gamble,The Procter & Gamble Company,Public Conglomerate,NYSE: PG,False,"Manufactured by Secret, a division of Procter & Gamble. Global consumer goods behemoth Procter & Gamble.",91.0,Dr. Bronner's / Bite Toothpaste / Who Gives A Crap / Meliora Cleaning
secret-aluminum-free-lavender-womens-deodorant,Secret Aluminum Free Lavender Women's Deodorant,product,Household & Cleaning,Procter & Gamble,The Procter & Gamble Company,Public Conglomerate,NYSE: PG,False,"Manufactured by Secret, a division of Procter & Gamble. Global consumer goods behemoth Procter & Gamble.",91.0,Dr. Bronner's / Bite Toothpaste / Who Gives A Crap / Meliora Cleaning
cerave,CeraVe,brand,Personal Care & Cosmetics,L'Oréal,L'Oréal S.A.,Public Conglomerate (Bettencourt Meyers Family & Nestlé),Euronext: OR,True,"Brands acquired or engineered by French cosmetics giant L'Oréal S.A., disguising dermatological or indie cred.",92.0,100% Pure / Badger Balm / Ilia Beauty / Pipette Baby / Alaffia
cerave-daily-moisturizing-lotion-with-ceramides-hyaluronic-acid-19oz,CeraVe Daily Moisturizing Lotion with Ceramides & Hyaluronic Acid 19oz,product,Personal Care & Cosmetics,L'Oréal,L'Oréal S.A.,Public Conglomerate (Bettencourt Meyers Family & Nestlé),Euronext: OR,True,"Manufactured by CeraVe, a division of L'Oréal. Brands acquired or engineered by French cosmetics giant L'Oréal S.A., disguising dermatological or indie cred.",92.0,100% Pure / Badger Balm / Ilia Beauty / Pipette Baby / Alaffia
cerave-hydrating-facial-cleanser-for-normal-to-dry-skin-16oz,CeraVe Hydrating Facial Cleanser for Normal to Dry Skin 16oz,product,Personal Care & Cosmetics,L'Oréal,L'Oréal S.A.,Public Conglomerate (Bettencourt Meyers Family & Nestlé),Euronext: OR,True,"Manufactured by CeraVe, a division of L'Oréal. Brands acquired or engineered by French cosmetics giant L'Oréal S.A., disguising dermatological or indie cred.",92.0,100% Pure / Badger Balm / Ilia Beauty / Pipette Baby / Alaffia
cerave-foaming-facial-cleanser-16oz-pump-bottle,CeraVe Foaming Facial Cleanser 16oz Pump Bottle,product,Personal Care & Cosmetics,L'Oréal,L'Oréal S.A.,Public Conglomerate (Bettencourt Meyers Family & Nestlé),Euronext: OR,True,"Manufactured by CeraVe, a division of L'Oréal. Brands acquired or engineered by French cosmetics giant L'Oréal S.A., disguising dermatological or indie cred.",92.0,100% Pure / Badger Balm / Ilia Beauty / Pipette Baby / Alaffia
cerave-healing-ointment-with-petrolatum-ceramides-12oz-tub,CeraVe Healing Ointment with Petrolatum & Ceramides 12oz Tub,product,Personal Care & Cosmetics,L'Oréal,L'Oréal S.A.,Public Conglomerate (Bettencourt Meyers Family & Nestlé),Euronext: OR,True,"Manufactured by CeraVe, a division of L'Oréal. Brands acquired or engineered by French cosmetics giant L'Oréal S.A., disguising dermatological or indie cred.",92.0,100% Pure / Badger Balm / Ilia Beauty / Pipette Baby / Alaffia
cerave-eye-repair-cream-for-dark-circles-puffiness,CeraVe Eye Repair Cream for Dark Circles & Puffiness,product,Personal Care & Cosmetics,L'Oréal,L'Oréal S.A.,Public Conglomerate (Bettencourt Meyers Family & Nestlé),Euronext: OR,True,"Manufactured by CeraVe, a division of L'Oréal. Brands acquired or engineered by French cosmetics giant L'Oréal S.A., disguising dermatological or indie cred.",92.0,100% Pure / Badger Balm / Ilia Beauty / Pipette Baby / Alaffia
la-roche-posay,La Roche-Posay,brand,Personal Care & Cosmetics,L'Oréal,L'Oréal S.A.,Public Conglomerate (Bettencourt Meyers Family & Nestlé),Euronext: OR,True,"Brands acquired or engineered by French cosmetics giant L'Oréal S.A., disguising dermatological or indie cred.",92.0,100% Pure / Badger Balm / Ilia Beauty / Pipette Baby / Alaffia
la-roche-posay-anthelios-ultra-light-fluid-sunscreen-spf-60-17oz,La Roche-Posay Anthelios Ultra-Light Fluid Sunscreen SPF 60 1.7oz,product,Personal Care & Cosmetics,L'Oréal,L'Oréal S.A.,Public Conglomerate (Bettencourt Meyers Family & Nestlé),Euronext: OR,True,"Manufactured by La Roche-Posay, a division of L'Oréal. Brands acquired or engineered by French cosmetics giant L'Oréal S.A., disguising dermatological or indie cred.",92.0,100% Pure / Badger Balm / Ilia Beauty / Pipette Baby / Alaffia
la-roche-posay-toleriane-double-repair-face-moisturizer-25oz,La Roche-Posay Toleriane Double Repair Face Moisturizer 2.5oz,product,Personal Care & Cosmetics,L'Oréal,L'Oréal S.A.,Public Conglomerate (Bettencourt Meyers Family & Nestlé),Euronext: OR,True,"Manufactured by La Roche-Posay, a division of L'Oréal. Brands acquired or engineered by French cosmetics giant L'Oréal S.A., disguising dermatological or indie cred.",92.0,100% Pure / Badger Balm / Ilia Beauty / Pipette Baby / Alaffia
la-roche-posay-effaclar-duo-dual-action-acne-treatment,La Roche-Posay Effaclar Duo Dual Action Acne Treatment,product,Personal Care & Cosmetics,L'Oréal,L'Oréal S.A.,Public Conglomerate (Bettencourt Meyers Family & Nestlé),Euronext: OR,True,"Manufactured by La Roche-Posay, a division of L'Oréal. Brands acquired or engineered by French cosmetics giant L'Oréal S.A., disguising dermatological or indie cred.",92.0,100% Pure / Badger Balm / Ilia Beauty / Pipette Baby / Alaffia
skinceuticals,SkinCeuticals,brand,Personal Care & Cosmetics,L'Oréal,L'Oréal S.A.,Public Conglomerate (Bettencourt Meyers Family & Nestlé),Euronext: OR,True,"Brands acquired or engineered by French cosmetics giant L'Oréal S.A., disguising dermatological or indie cred.",92.0,100% Pure / Badger Balm / Ilia Beauty / Pipette Baby / Alaffia
skinceuticals-c-e-ferulic-vitamin-c-serum-1oz-dropper-bottle,SkinCeuticals C E Ferulic Vitamin C Serum 1oz Dropper Bottle,product,Personal Care & Cosmetics,L'Oréal,L'Oréal S.A.,Public Conglomerate (Bettencourt Meyers Family & Nestlé),Euronext: OR,True,"Manufactured by SkinCeuticals, a division of L'Oréal. Brands acquired or engineered by French cosmetics giant L'Oréal S.A., disguising dermatological or indie cred.",92.0,100% Pure / Badger Balm / Ilia Beauty / Pipette Baby / Alaffia
skinceuticals-triple-lipid-restore-242-anti-aging-cream,SkinCeuticals Triple Lipid Restore 2:4:2 Anti-Aging Cream,product,Personal Care & Cosmetics,L'Oréal,L'Oréal S.A.,Public Conglomerate (Bettencourt Meyers Family & Nestlé),Euronext: OR,True,"Manufactured by SkinCeuticals, a division of L'Oréal. Brands acquired or engineered by French cosmetics giant L'Oréal S.A., disguising dermatological or indie cred.",92.0,100% Pure / Badger Balm / Ilia Beauty / Pipette Baby / Alaffia
kiehls,Kiehl's,brand,Personal Care & Cosmetics,L'Oréal,L'Oréal S.A.,Public Conglomerate (Bettencourt Meyers Family & Nestlé),Euronext: OR,True,"Brands acquired or engineered by French cosmetics giant L'Oréal S.A., disguising dermatological or indie cred.",92.0,100% Pure / Badger Balm / Ilia Beauty / Pipette Baby / Alaffia
kiehls-since-1851-ultra-facial-cream-with-squalane-17oz,Kiehl's Since 1851 Ultra Facial Cream with Squalane 1.7oz,product,Personal Care & Cosmetics,L'Oréal,L'Oréal S.A.,Public Conglomerate (Bettencourt Meyers Family & Nestlé),Euronext: OR,True,"Manufactured by Kiehl's, a division of L'Oréal. Brands acquired or engineered by French cosmetics giant L'Oréal S.A., disguising dermatological or indie cred.",92.0,100% Pure / Badger Balm / Ilia Beauty / Pipette Baby / Alaffia
kiehls-creme-de-corps-nourishing-body-lotion-169oz,Kiehl's Creme de Corps Nourishing Body Lotion 16.9oz,product,Personal Care & Cosmetics,L'Oréal,L'Oréal S.A.,Public Conglomerate (Bettencourt Meyers Family & Nestlé),Euronext: OR,True,"Manufactured by Kiehl's, a division of L'Oréal. Brands acquired or engineered by French cosmetics giant L'Oréal S.A., disguising dermatological or indie cred.",92.0,100% Pure / Badger Balm / Ilia Beauty / Pipette Baby / Alaffia
kiehls-midnight-recovery-concentrate-botanical-facial-oil,Kiehl's Midnight Recovery Concentrate Botanical Facial Oil,product,Personal Care & Cosmetics,L'Oréal,L'Oréal S.A.,Public Conglomerate (Bettencourt Meyers Family & Nestlé),Euronext: OR,True,"Manufactured by Kiehl's, a division of L'Oréal. Brands acquired or engineered by French cosmetics giant L'Oréal S.A., disguising dermatological or indie cred.",92.0,100% Pure / Badger Balm / Ilia Beauty / Pipette Baby / Alaffia
youth-to-the-people,Youth to the People,brand,Personal Care & Cosmetics,L'Oréal,L'Oréal S.A.,Public Conglomerate (Bettencourt Meyers Family & Nestlé),Euronext: OR,True,"Brands acquired or engineered by French cosmetics giant L'Oréal S.A., disguising dermatological or indie cred.",92.0,100% Pure / Badger Balm / Ilia Beauty / Pipette Baby / Alaffia
youth-to-the-people-superfood-antioxidant-cleanser-kale-green-tea-8oz,Youth to the People Superfood Antioxidant Cleanser Kale & Green Tea 8oz,product,Personal Care & Cosmetics,L'Oréal,L'Oréal S.A.,Public Conglomerate (Bettencourt Meyers Family & Nestlé),Euronext: OR,True,"Manufactured by Youth to the People, a division of L'Oréal. Brands acquired or engineered by French cosmetics giant L'Oréal S.A., disguising dermatological or indie cred.",92.0,100% Pure / Badger Balm / Ilia Beauty / Pipette Baby / Alaffia
youth-to-the-people-superberry-hydrate-glow-dream-night-cream,Youth to the People Superberry Hydrate + Glow Dream Night Cream,product,Personal Care & Cosmetics,L'Oréal,L'Oréal S.A.,Public Conglomerate (Bettencourt Meyers Family & Nestlé),Euronext: OR,True,"Manufactured by Youth to the People, a division of L'Oréal. Brands acquired or engineered by French cosmetics giant L'Oréal S.A., disguising dermatological or indie cred.",92.0,100% Pure / Badger Balm / Ilia Beauty / Pipette Baby / Alaffia
aesop,Aesop,brand,Personal Care & Cosmetics,L'Oréal,L'Oréal S.A.,Public Conglomerate (Bettencourt Meyers Family & Nestlé),Euronext: OR,True,"Brands acquired or engineered by French cosmetics giant L'Oréal S.A., disguising dermatological or indie cred.",92.0,100% Pure / Badger Balm / Ilia Beauty / Pipette Baby / Alaffia
aesop-resurrection-aromatique-hand-wash-169oz-pump-bottle,Aesop Resurrection Aromatique Hand Wash 16.9oz Pump Bottle,product,Personal Care & Cosmetics,L'Oréal,L'Oréal S.A.,Public Conglomerate (Bettencourt Meyers Family & Nestlé),Euronext: OR,True,"Manufactured by Aesop, a division of L'Oréal. Brands acquired or engineered by French cosmetics giant L'Oréal S.A., disguising dermatological or indie cred.",92.0,100% Pure / Badger Balm / Ilia Beauty / Pipette Baby / Alaffia
aesop-reverence-aromatique-hand-balm-26oz-tube,Aesop Reverence Aromatique Hand Balm 2.6oz Tube,product,Personal Care & Cosmetics,L'Oréal,L'Oréal S.A.,Public Conglomerate (Bettencourt Meyers Family & Nestlé),Euronext: OR,True,"Manufactured by Aesop, a division of L'Oréal. Brands acquired or engineered by French cosmetics giant L'Oréal S.A., disguising dermatological or indie cred.",92.0,100% Pure / Badger Balm / Ilia Beauty / Pipette Baby / Alaffia
nyx-professional-makeup,NYX Professional Makeup,brand,Personal Care & Cosmetics,L'Oréal,L'Oréal S.A.,Public Conglomerate (Bettencourt Meyers Family & Nestlé),Euronext: OR,True,"Brands acquired or engineered by French cosmetics giant L'Oréal S.A., disguising dermatological or indie cred.",92.0,100% Pure / Badger Balm / Ilia Beauty / Pipette Baby / Alaffia
nyx-professional-makeup-butter-gloss-non-sticky-lip-gloss-praline,NYX Professional Makeup Butter Gloss Non-Sticky Lip Gloss Praline,product,Personal Care & Cosmetics,L'Oréal,L'Oréal S.A.,Public Conglomerate (Bettencourt Meyers Family & Nestlé),Euronext: OR,True,"Manufactured by NYX Professional Makeup, a division of L'Oréal. Brands acquired or engineered by French cosmetics giant L'Oréal S.A., disguising dermatological or indie cred.",92.0,100% Pure / Badger Balm / Ilia Beauty / Pipette Baby / Alaffia
nyx-epic-ink-waterproof-matte-liquid-eyeliner-black,NYX Epic Ink Waterproof Matte Liquid Eyeliner Black,product,Personal Care & Cosmetics,L'Oréal,L'Oréal S.A.,Public Conglomerate (Bettencourt Meyers Family & Nestlé),Euronext: OR,True,"Manufactured by NYX Professional Makeup, a division of L'Oréal. Brands acquired or engineered by French cosmetics giant L'Oréal S.A., disguising dermatological or indie cred.",92.0,100% Pure / Badger Balm / Ilia Beauty / Pipette Baby / Alaffia
nyx-control-freak-clear-eyebrow-gel,NYX Control Freak Clear Eyebrow Gel,product,Personal Care & Cosmetics,L'Oréal,L'Oréal S.A.,Public Conglomerate (Bettencourt Meyers Family & Nestlé),Euronext: OR,True,"Manufactured by NYX Professional Makeup, a division of L'Oréal. Brands acquired or engineered by French cosmetics giant L'Oréal S.A., disguising dermatological or indie cred.",92.0,100% Pure / Badger Balm / Ilia Beauty / Pipette Baby / Alaffia
urban-decay,Urban Decay,brand,Personal Care & Cosmetics,L'Oréal,L'Oréal S.A.,Public Conglomerate (Bettencourt Meyers Family & Nestlé),Euronext: OR,True,"Brands acquired or engineered by French cosmetics giant L'Oréal S.A., disguising dermatological or indie cred.",92.0,100% Pure / Badger Balm / Ilia Beauty / Pipette Baby / Alaffia
urban-decay-naked3-eyeshadow-palette-rose-hued-neutrals,Urban Decay Naked3 Eyeshadow Palette Rose-Hued Neutrals,product,Personal Care & Cosmetics,L'Oréal,L'Oréal S.A.,Public Conglomerate (Bettencourt Meyers Family & Nestlé),Euronext: OR,True,"Manufactured by Urban Decay, a division of L'Oréal. Brands acquired or engineered by French cosmetics giant L'Oréal S.A., disguising dermatological or indie cred.",92.0,100% Pure / Badger Balm / Ilia Beauty / Pipette Baby / Alaffia
urban-decay-all-nighter-long-lasting-makeup-setting-spray-4oz,Urban Decay All Nighter Long-Lasting Makeup Setting Spray 4oz,product,Personal Care & Cosmetics,L'Oréal,L'Oréal S.A.,Public Conglomerate (Bettencourt Meyers Family & Nestlé),Euronext: OR,True,"Manufactured by Urban Decay, a division of L'Oréal. Brands acquired or engineered by French cosmetics giant L'Oréal S.A., disguising dermatological or indie cred.",92.0,100% Pure / Badger Balm / Ilia Beauty / Pipette Baby / Alaffia
maybelline-new-york,Maybelline New York,brand,Personal Care & Cosmetics,L'Oréal,L'Oréal S.A.,Public Conglomerate (Bettencourt Meyers Family & Nestlé),Euronext: OR,True,"Brands acquired or engineered by French cosmetics giant L'Oréal S.A., disguising dermatological or indie cred.",92.0,100% Pure / Badger Balm / Ilia Beauty / Pipette Baby / Alaffia
maybelline-instant-age-rewind-concealer-eraser-neutralizer,Maybelline Instant Age Rewind Concealer Eraser Neutralizer,product,Personal Care & Cosmetics,L'Oréal,L'Oréal S.A.,Public Conglomerate (Bettencourt Meyers Family & Nestlé),Euronext: OR,True,"Manufactured by Maybelline New York, a division of L'Oréal. Brands acquired or engineered by French cosmetics giant L'Oréal S.A., disguising dermatological or indie cred.",92.0,100% Pure / Badger Balm / Ilia Beauty / Pipette Baby / Alaffia
maybelline-lash-sensational-sky-high-washable-mascara-very-black,Maybelline Lash Sensational Sky High Washable Mascara Very Black,product,Personal Care & Cosmetics,L'Oréal,L'Oréal S.A.,Public Conglomerate (Bettencourt Meyers Family & Nestlé),Euronext: OR,True,"Manufactured by Maybelline New York, a division of L'Oréal. Brands acquired or engineered by French cosmetics giant L'Oréal S.A., disguising dermatological or indie cred.",92.0,100% Pure / Badger Balm / Ilia Beauty / Pipette Baby / Alaffia
maybelline-fit-me-matte-poreless-liquid-foundation-glass-bottle,Maybelline Fit Me Matte + Poreless Liquid Foundation Glass Bottle,product,Personal Care & Cosmetics,L'Oréal,L'Oréal S.A.,Public Conglomerate (Bettencourt Meyers Family & Nestlé),Euronext: OR,True,"Manufactured by Maybelline New York, a division of L'Oréal. Brands acquired or engineered by French cosmetics giant L'Oréal S.A., disguising dermatological or indie cred.",92.0,100% Pure / Badger Balm / Ilia Beauty / Pipette Baby / Alaffia
maybelline-super-stay-vinyl-ink-longwear-liquid-lipcolor,Maybelline Super Stay Vinyl Ink Longwear Liquid Lipcolor,product,Personal Care & Cosmetics,L'Oréal,L'Oréal S.A.,Public Conglomerate (Bettencourt Meyers Family & Nestlé),Euronext: OR,True,"Manufactured by Maybelline New York, a division of L'Oréal. Brands acquired or engineered by French cosmetics giant L'Oréal S.A., disguising dermatological or indie cred.",92.0,100% Pure / Badger Balm / Ilia Beauty / Pipette Baby / Alaffia
it-cosmetics,IT Cosmetics,brand,Personal Care & Cosmetics,L'Oréal,L'Oréal S.A.,Public Conglomerate (Bettencourt Meyers Family & Nestlé),Euronext: OR,True,"Brands acquired or engineered by French cosmetics giant L'Oréal S.A., disguising dermatological or indie cred.",92.0,100% Pure / Badger Balm / Ilia Beauty / Pipette Baby / Alaffia
it-cosmetics-cc-cream-with-spf-50-full-coverage-color-correcting-foundation,IT Cosmetics CC+ Cream with SPF 50+ Full Coverage Color Correcting Foundation,product,Personal Care & Cosmetics,L'Oréal,L'Oréal S.A.,Public Conglomerate (Bettencourt Meyers Family & Nestlé),Euronext: OR,True,"Manufactured by IT Cosmetics, a division of L'Oréal. Brands acquired or engineered by French cosmetics giant L'Oréal S.A., disguising dermatological or indie cred.",92.0,100% Pure / Badger Balm / Ilia Beauty / Pipette Baby / Alaffia
it-cosmetics-confidence-in-a-cream-hydrating-moisturizer,IT Cosmetics Confidence in a Cream Hydrating Moisturizer,product,Personal Care & Cosmetics,L'Oréal,L'Oréal S.A.,Public Conglomerate (Bettencourt Meyers Family & Nestlé),Euronext: OR,True,"Manufactured by IT Cosmetics, a division of L'Oréal. Brands acquired or engineered by French cosmetics giant L'Oréal S.A., disguising dermatological or indie cred.",92.0,100% Pure / Badger Balm / Ilia Beauty / Pipette Baby / Alaffia
lancôme,Lancôme,brand,Personal Care & Cosmetics,L'Oréal,L'Oréal S.A.,Public Conglomerate (Bettencourt Meyers Family & Nestlé),Euronext: OR,True,"Brands acquired or engineered by French cosmetics giant L'Oréal S.A., disguising dermatological or indie cred.",92.0,100% Pure / Badger Balm / Ilia Beauty / Pipette Baby / Alaffia
lancôme-advanced-génifique-youth-activating-face-serum-17oz,Lancôme Advanced Génifique Youth Activating Face Serum 1.7oz,product,Personal Care & Cosmetics,L'Oréal,L'Oréal S.A.,Public Conglomerate (Bettencourt Meyers Family & Nestlé),Euronext: OR,True,"Manufactured by Lancôme, a division of L'Oréal. Brands acquired or engineered by French cosmetics giant L'Oréal S.A., disguising dermatological or indie cred.",92.0,100% Pure / Badger Balm / Ilia Beauty / Pipette Baby / Alaffia
lancôme-monsieur-big-volumizing-mascara-01-black,Lancôme Monsieur Big Volumizing Mascara 01 Black,product,Personal Care & Cosmetics,L'Oréal,L'Oréal S.A.,Public Conglomerate (Bettencourt Meyers Family & Nestlé),Euronext: OR,True,"Manufactured by Lancôme, a division of L'Oréal. Brands acquired or engineered by French cosmetics giant L'Oréal S.A., disguising dermatological or indie cred.",92.0,100% Pure / Badger Balm / Ilia Beauty / Pipette Baby / Alaffia
redken,Redken,brand,Personal Care & Cosmetics,L'Oréal,L'Oréal S.A.,Public Conglomerate (Bettencourt Meyers Family & Nestlé),Euronext: OR,True,"Brands acquired or engineered by French cosmetics giant L'Oréal S.A., disguising dermatological or indie cred.",92.0,100% Pure / Badger Balm / Ilia Beauty / Pipette Baby / Alaffia
redken-all-soft-argan-oil-shampoo-for-dry-brittle-hair-338oz,Redken All Soft Argan Oil Shampoo for Dry Brittle Hair 33.8oz,product,Personal Care & Cosmetics,L'Oréal,L'Oréal S.A.,Public Conglomerate (Bettencourt Meyers Family & Nestlé),Euronext: OR,True,"Manufactured by Redken, a division of L'Oréal. Brands acquired or engineered by French cosmetics giant L'Oréal S.A., disguising dermatological or indie cred.",92.0,100% Pure / Badger Balm / Ilia Beauty / Pipette Baby / Alaffia
redken-extreme-length-biotin-conditioner-liter-bottle,Redken Extreme Length Biotin Conditioner Liter Bottle,product,Personal Care & Cosmetics,L'Oréal,L'Oréal S.A.,Public Conglomerate (Bettencourt Meyers Family & Nestlé),Euronext: OR,True,"Manufactured by Redken, a division of L'Oréal. Brands acquired or engineered by French cosmetics giant L'Oréal S.A., disguising dermatological or indie cred.",92.0,100% Pure / Badger Balm / Ilia Beauty / Pipette Baby / Alaffia
matrix,Matrix,brand,Personal Care & Cosmetics,L'Oréal,L'Oréal S.A.,Public Conglomerate (Bettencourt Meyers Family & Nestlé),Euronext: OR,True,"Brands acquired or engineered by French cosmetics giant L'Oréal S.A., disguising dermatological or indie cred.",92.0,100% Pure / Badger Balm / Ilia Beauty / Pipette Baby / Alaffia
matrix-total-results-brass-off-blue-toning-shampoo-for-brunettes-338oz,Matrix Total Results Brass Off Blue Toning Shampoo for Brunettes 33.8oz,product,Personal Care & Cosmetics,L'Oréal,L'Oréal S.A.,Public Conglomerate (Bettencourt Meyers Family & Nestlé),Euronext: OR,True,"Manufactured by Matrix, a division of L'Oréal. Brands acquired or engineered by French cosmetics giant L'Oréal S.A., disguising dermatological or indie cred.",92.0,100% Pure / Badger Balm / Ilia Beauty / Pipette Baby / Alaffia
matrix-mega-sleek-shea-butter-conditioner-bottle,Matrix Mega Sleek Shea Butter Conditioner Bottle,product,Personal Care & Cosmetics,L'Oréal,L'Oréal S.A.,Public Conglomerate (Bettencourt Meyers Family & Nestlé),Euronext: OR,True,"Manufactured by Matrix, a division of L'Oréal. Brands acquired or engineered by French cosmetics giant L'Oréal S.A., disguising dermatological or indie cred.",92.0,100% Pure / Badger Balm / Ilia Beauty / Pipette Baby / Alaffia
pureology,Pureology,brand,Personal Care & Cosmetics,L'Oréal,L'Oréal S.A.,Public Conglomerate (Bettencourt Meyers Family & Nestlé),Euronext: OR,True,"Brands acquired or engineered by French cosmetics giant L'Oréal S.A., disguising dermatological or indie cred.",92.0,100% Pure / Badger Balm / Ilia Beauty / Pipette Baby / Alaffia
pureology-hydrate-moisturizing-sulfate-free-shampoo-for-color-treated-hair,Pureology Hydrate Moisturizing Sulfate-Free Shampoo for Color-Treated Hair,product,Personal Care & Cosmetics,L'Oréal,L'Oréal S.A.,Public Conglomerate (Bettencourt Meyers Family & Nestlé),Euronext: OR,True,"Manufactured by Pureology, a division of L'Oréal. Brands acquired or engineered by French cosmetics giant L'Oréal S.A., disguising dermatological or indie cred.",92.0,100% Pure / Badger Balm / Ilia Beauty / Pipette Baby / Alaffia
pureology-color-fanatic-21-leave-in-multi-tasking-spray-treatment,Pureology Color Fanatic 21 Leave-In Multi-Tasking Spray Treatment,product,Personal Care & Cosmetics,L'Oréal,L'Oréal S.A.,Public Conglomerate (Bettencourt Meyers Family & Nestlé),Euronext: OR,True,"Manufactured by Pureology, a division of L'Oréal. Brands acquired or engineered by French cosmetics giant L'Oréal S.A., disguising dermatological or indie cred.",92.0,100% Pure / Badger Balm / Ilia Beauty / Pipette Baby / Alaffia
garnier,Garnier,brand,Personal Care & Cosmetics,L'Oréal,L'Oréal S.A.,Public Conglomerate (Bettencourt Meyers Family & Nestlé),Euronext: OR,True,"Brands acquired or engineered by French cosmetics giant L'Oréal S.A., disguising dermatological or indie cred.",92.0,100% Pure / Badger Balm / Ilia Beauty / Pipette Baby / Alaffia
garnier-skinactive-micellar-cleansing-water-all-in-1-waterproof-135oz,Garnier SkinActive Micellar Cleansing Water All-in-1 Waterproof 13.5oz,product,Personal Care & Cosmetics,L'Oréal,L'Oréal S.A.,Public Conglomerate (Bettencourt Meyers Family & Nestlé),Euronext: OR,True,"Manufactured by Garnier, a division of L'Oréal. Brands acquired or engineered by French cosmetics giant L'Oréal S.A., disguising dermatological or indie cred.",92.0,100% Pure / Badger Balm / Ilia Beauty / Pipette Baby / Alaffia
garnier-fructis-sleek-shine-anti-frizz-moroccan-argan-serum,Garnier Fructis Sleek & Shine Anti-Frizz Moroccan Argan Serum,product,Personal Care & Cosmetics,L'Oréal,L'Oréal S.A.,Public Conglomerate (Bettencourt Meyers Family & Nestlé),Euronext: OR,True,"Manufactured by Garnier, a division of L'Oréal. Brands acquired or engineered by French cosmetics giant L'Oréal S.A., disguising dermatological or indie cred.",92.0,100% Pure / Badger Balm / Ilia Beauty / Pipette Baby / Alaffia
garnier-whole-blends-honey-treasures-restoring-hair-mask-tub,Garnier Whole Blends Honey Treasures Restoring Hair Mask Tub,product,Personal Care & Cosmetics,L'Oréal,L'Oréal S.A.,Public Conglomerate (Bettencourt Meyers Family & Nestlé),Euronext: OR,True,"Manufactured by Garnier, a division of L'Oréal. Brands acquired or engineered by French cosmetics giant L'Oréal S.A., disguising dermatological or indie cred.",92.0,100% Pure / Badger Balm / Ilia Beauty / Pipette Baby / Alaffia
the-ordinary,The Ordinary,brand,Personal Care & Cosmetics,Estée Lauder,The Estée Lauder Companies Inc.,Public Conglomerate (Lauder Family Controlled),NYSE: EL,True,Luxury and clinical cosmetic brands consolidated under The Estée Lauder Companies.,91.5,Meow Meow Tweet / Pure Haven / Local Herbalist Formulations / Fat and the Moon
the-ordinary-niacinamide-10-zinc-1-high-strength-serum-1oz,The Ordinary Niacinamide 10% + Zinc 1% High-Strength Serum 1oz,product,Personal Care & Cosmetics,Estée Lauder,The Estée Lauder Companies Inc.,Public Conglomerate (Lauder Family Controlled),NYSE: EL,True,"Manufactured by The Ordinary, a division of Estée Lauder. Luxury and clinical cosmetic brands consolidated under The Estée Lauder Companies.",91.5,Meow Meow Tweet / Pure Haven / Local Herbalist Formulations / Fat and the Moon
the-ordinary-hyaluronic-acid-2-b5-hydration-support-serum,The Ordinary Hyaluronic Acid 2% + B5 Hydration Support Serum,product,Personal Care & Cosmetics,Estée Lauder,The Estée Lauder Companies Inc.,Public Conglomerate (Lauder Family Controlled),NYSE: EL,True,"Manufactured by The Ordinary, a division of Estée Lauder. Luxury and clinical cosmetic brands consolidated under The Estée Lauder Companies.",91.5,Meow Meow Tweet / Pure Haven / Local Herbalist Formulations / Fat and the Moon
the-ordinary-aha-30-bha-2-peeling-solution-exfoliating-facial,The Ordinary AHA 30% + BHA 2% Peeling Solution Exfoliating Facial,product,Personal Care & Cosmetics,Estée Lauder,The Estée Lauder Companies Inc.,Public Conglomerate (Lauder Family Controlled),NYSE: EL,True,"Manufactured by The Ordinary, a division of Estée Lauder. Luxury and clinical cosmetic brands consolidated under The Estée Lauder Companies.",91.5,Meow Meow Tweet / Pure Haven / Local Herbalist Formulations / Fat and the Moon
le-labo,Le Labo,brand,Personal Care & Cosmetics,Estée Lauder,The Estée Lauder Companies Inc.,Public Conglomerate (Lauder Family Controlled),NYSE: EL,True,Luxury and clinical cosmetic brands consolidated under The Estée Lauder Companies.,91.5,Meow Meow Tweet / Pure Haven / Local Herbalist Formulations / Fat and the Moon
le-labo-santal-33-eau-de-parfum-17oz-bottle,Le Labo Santal 33 Eau de Parfum 1.7oz Bottle,product,Personal Care & Cosmetics,Estée Lauder,The Estée Lauder Companies Inc.,Public Conglomerate (Lauder Family Controlled),NYSE: EL,True,"Manufactured by Le Labo, a division of Estée Lauder. Luxury and clinical cosmetic brands consolidated under The Estée Lauder Companies.",91.5,Meow Meow Tweet / Pure Haven / Local Herbalist Formulations / Fat and the Moon
le-labo-thé-noir-29-eau-de-parfum-34oz-spray,Le Labo Thé Noir 29 Eau de Parfum 3.4oz Spray,product,Personal Care & Cosmetics,Estée Lauder,The Estée Lauder Companies Inc.,Public Conglomerate (Lauder Family Controlled),NYSE: EL,True,"Manufactured by Le Labo, a division of Estée Lauder. Luxury and clinical cosmetic brands consolidated under The Estée Lauder Companies.",91.5,Meow Meow Tweet / Pure Haven / Local Herbalist Formulations / Fat and the Moon
jo-malone-london,Jo Malone London,brand,Personal Care & Cosmetics,Estée Lauder,The Estée Lauder Companies Inc.,Public Conglomerate (Lauder Family Controlled),NYSE: EL,True,Luxury and clinical cosmetic brands consolidated under The Estée Lauder Companies.,91.5,Meow Meow Tweet / Pure Haven / Local Herbalist Formulations / Fat and the Moon
jo-malone-london-wood-sage-sea-salt-cologne-34oz,Jo Malone London Wood Sage & Sea Salt Cologne 3.4oz,product,Personal Care & Cosmetics,Estée Lauder,The Estée Lauder Companies Inc.,Public Conglomerate (Lauder Family Controlled),NYSE: EL,True,"Manufactured by Jo Malone London, a division of Estée Lauder. Luxury and clinical cosmetic brands consolidated under The Estée Lauder Companies.",91.5,Meow Meow Tweet / Pure Haven / Local Herbalist Formulations / Fat and the Moon
jo-malone-english-pear-freesia-home-candle,Jo Malone English Pear & Freesia Home Candle,product,Personal Care & Cosmetics,Estée Lauder,The Estée Lauder Companies Inc.,Public Conglomerate (Lauder Family Controlled),NYSE: EL,True,"Manufactured by Jo Malone London, a division of Estée Lauder. Luxury and clinical cosmetic brands consolidated under The Estée Lauder Companies.",91.5,Meow Meow Tweet / Pure Haven / Local Herbalist Formulations / Fat and the Moon
clinique,Clinique,brand,Personal Care & Cosmetics,Estée Lauder,The Estée Lauder Companies Inc.,Public Conglomerate (Lauder Family Controlled),NYSE: EL,True,Luxury and clinical cosmetic brands consolidated under The Estée Lauder Companies.,91.5,Meow Meow Tweet / Pure Haven / Local Herbalist Formulations / Fat and the Moon
clinique-dramatically-different-moisturizing-lotion-pump-bottle-42oz,Clinique Dramatically Different Moisturizing Lotion+ Pump Bottle 4.2oz,product,Personal Care & Cosmetics,Estée Lauder,The Estée Lauder Companies Inc.,Public Conglomerate (Lauder Family Controlled),NYSE: EL,True,"Manufactured by Clinique, a division of Estée Lauder. Luxury and clinical cosmetic brands consolidated under The Estée Lauder Companies.",91.5,Meow Meow Tweet / Pure Haven / Local Herbalist Formulations / Fat and the Moon
clinique-take-the-day-off-cleansing-balm-makeup-remover-tub,Clinique Take The Day Off Cleansing Balm Makeup Remover Tub,product,Personal Care & Cosmetics,Estée Lauder,The Estée Lauder Companies Inc.,Public Conglomerate (Lauder Family Controlled),NYSE: EL,True,"Manufactured by Clinique, a division of Estée Lauder. Luxury and clinical cosmetic brands consolidated under The Estée Lauder Companies.",91.5,Meow Meow Tweet / Pure Haven / Local Herbalist Formulations / Fat and the Moon
clinique-almost-lipstick-in-black-honey-cult-classic,Clinique Almost Lipstick in Black Honey Cult Classic,product,Personal Care & Cosmetics,Estée Lauder,The Estée Lauder Companies Inc.,Public Conglomerate (Lauder Family Controlled),NYSE: EL,True,"Manufactured by Clinique, a division of Estée Lauder. Luxury and clinical cosmetic brands consolidated under The Estée Lauder Companies.",91.5,Meow Meow Tweet / Pure Haven / Local Herbalist Formulations / Fat and the Moon
mac-cosmetics,MAC Cosmetics,brand,Personal Care & Cosmetics,Estée Lauder,The Estée Lauder Companies Inc.,Public Conglomerate (Lauder Family Controlled),NYSE: EL,True,Luxury and clinical cosmetic brands consolidated under The Estée Lauder Companies.,91.5,Meow Meow Tweet / Pure Haven / Local Herbalist Formulations / Fat and the Moon
mac-matte-lipstick-in-velvet-teddy-cult-neutral,MAC Matte Lipstick in Velvet Teddy Cult Neutral,product,Personal Care & Cosmetics,Estée Lauder,The Estée Lauder Companies Inc.,Public Conglomerate (Lauder Family Controlled),NYSE: EL,True,"Manufactured by MAC Cosmetics, a division of Estée Lauder. Luxury and clinical cosmetic brands consolidated under The Estée Lauder Companies.",91.5,Meow Meow Tweet / Pure Haven / Local Herbalist Formulations / Fat and the Moon
mac-studio-fix-fluid-foundation-spf-15-matte-finish,MAC Studio Fix Fluid Foundation SPF 15 Matte Finish,product,Personal Care & Cosmetics,Estée Lauder,The Estée Lauder Companies Inc.,Public Conglomerate (Lauder Family Controlled),NYSE: EL,True,"Manufactured by MAC Cosmetics, a division of Estée Lauder. Luxury and clinical cosmetic brands consolidated under The Estée Lauder Companies.",91.5,Meow Meow Tweet / Pure Haven / Local Herbalist Formulations / Fat and the Moon
mac-prep-prime-fix-finishing-mist-spray,MAC Prep + Prime Fix+ Finishing Mist Spray,product,Personal Care & Cosmetics,Estée Lauder,The Estée Lauder Companies Inc.,Public Conglomerate (Lauder Family Controlled),NYSE: EL,True,"Manufactured by MAC Cosmetics, a division of Estée Lauder. Luxury and clinical cosmetic brands consolidated under The Estée Lauder Companies.",91.5,Meow Meow Tweet / Pure Haven / Local Herbalist Formulations / Fat and the Moon
bobbi-brown,Bobbi Brown,brand,Personal Care & Cosmetics,Estée Lauder,The Estée Lauder Companies Inc.,Public Conglomerate (Lauder Family Controlled),NYSE: EL,True,Luxury and clinical cosmetic brands consolidated under The Estée Lauder Companies.,91.5,Meow Meow Tweet / Pure Haven / Local Herbalist Formulations / Fat and the Moon
bobbi-brown-vitamin-enriched-face-base-primer-moisturizer-tub-17oz,Bobbi Brown Vitamin Enriched Face Base Primer & Moisturizer Tub 1.7oz,product,Personal Care & Cosmetics,Estée Lauder,The Estée Lauder Companies Inc.,Public Conglomerate (Lauder Family Controlled),NYSE: EL,True,"Manufactured by Bobbi Brown, a division of Estée Lauder. Luxury and clinical cosmetic brands consolidated under The Estée Lauder Companies.",91.5,Meow Meow Tweet / Pure Haven / Local Herbalist Formulations / Fat and the Moon
bobbi-brown-long-wear-gel-eyeliner-pot,Bobbi Brown Long-Wear Gel Eyeliner Pot,product,Personal Care & Cosmetics,Estée Lauder,The Estée Lauder Companies Inc.,Public Conglomerate (Lauder Family Controlled),NYSE: EL,True,"Manufactured by Bobbi Brown, a division of Estée Lauder. Luxury and clinical cosmetic brands consolidated under The Estée Lauder Companies.",91.5,Meow Meow Tweet / Pure Haven / Local Herbalist Formulations / Fat and the Moon
origins,Origins,brand,Personal Care & Cosmetics,Estée Lauder,The Estée Lauder Companies Inc.,Public Conglomerate (Lauder Family Controlled),NYSE: EL,True,Luxury and clinical cosmetic brands consolidated under The Estée Lauder Companies.,91.5,Meow Meow Tweet / Pure Haven / Local Herbalist Formulations / Fat and the Moon
origins-ginzing-oil-free-energy-boosting-gel-face-moisturizer-17oz,Origins GinZing Oil-Free Energy-Boosting Gel Face Moisturizer 1.7oz,product,Personal Care & Cosmetics,Estée Lauder,The Estée Lauder Companies Inc.,Public Conglomerate (Lauder Family Controlled),NYSE: EL,True,"Manufactured by Origins, a division of Estée Lauder. Luxury and clinical cosmetic brands consolidated under The Estée Lauder Companies.",91.5,Meow Meow Tweet / Pure Haven / Local Herbalist Formulations / Fat and the Moon
origins-checks-and-balances-frothy-face-wash-tube-5oz,Origins Checks and Balances Frothy Face Wash Tube 5oz,product,Personal Care & Cosmetics,Estée Lauder,The Estée Lauder Companies Inc.,Public Conglomerate (Lauder Family Controlled),NYSE: EL,True,"Manufactured by Origins, a division of Estée Lauder. Luxury and clinical cosmetic brands consolidated under The Estée Lauder Companies.",91.5,Meow Meow Tweet / Pure Haven / Local Herbalist Formulations / Fat and the Moon
aveda,Aveda,brand,Personal Care & Cosmetics,Estée Lauder,The Estée Lauder Companies Inc.,Public Conglomerate (Lauder Family Controlled),NYSE: EL,True,Luxury and clinical cosmetic brands consolidated under The Estée Lauder Companies.,91.5,Meow Meow Tweet / Pure Haven / Local Herbalist Formulations / Fat and the Moon
aveda-botanical-repair-strengthening-shampoo-338oz-liter,Aveda Botanical Repair Strengthening Shampoo 33.8oz Liter,product,Personal Care & Cosmetics,Estée Lauder,The Estée Lauder Companies Inc.,Public Conglomerate (Lauder Family Controlled),NYSE: EL,True,"Manufactured by Aveda, a division of Estée Lauder. Luxury and clinical cosmetic brands consolidated under The Estée Lauder Companies.",91.5,Meow Meow Tweet / Pure Haven / Local Herbalist Formulations / Fat and the Moon
aveda-rosemary-mint-purifying-shampoo-liter-bottle,Aveda Rosemary Mint Purifying Shampoo Liter Bottle,product,Personal Care & Cosmetics,Estée Lauder,The Estée Lauder Companies Inc.,Public Conglomerate (Lauder Family Controlled),NYSE: EL,True,"Manufactured by Aveda, a division of Estée Lauder. Luxury and clinical cosmetic brands consolidated under The Estée Lauder Companies.",91.5,Meow Meow Tweet / Pure Haven / Local Herbalist Formulations / Fat and the Moon
aveda-shampure-nurturing-conditioner,Aveda Shampure Nurturing Conditioner,product,Personal Care & Cosmetics,Estée Lauder,The Estée Lauder Companies Inc.,Public Conglomerate (Lauder Family Controlled),NYSE: EL,True,"Manufactured by Aveda, a division of Estée Lauder. Luxury and clinical cosmetic brands consolidated under The Estée Lauder Companies.",91.5,Meow Meow Tweet / Pure Haven / Local Herbalist Formulations / Fat and the Moon
too-faced,Too Faced,brand,Personal Care & Cosmetics,Estée Lauder,The Estée Lauder Companies Inc.,Public Conglomerate (Lauder Family Controlled),NYSE: EL,True,Luxury and clinical cosmetic brands consolidated under The Estée Lauder Companies.,91.5,Meow Meow Tweet / Pure Haven / Local Herbalist Formulations / Fat and the Moon
too-faced-better-than-sex-volumizing-waterproof-mascara,Too Faced Better Than Sex Volumizing Waterproof Mascara,product,Personal Care & Cosmetics,Estée Lauder,The Estée Lauder Companies Inc.,Public Conglomerate (Lauder Family Controlled),NYSE: EL,True,"Manufactured by Too Faced, a division of Estée Lauder. Luxury and clinical cosmetic brands consolidated under The Estée Lauder Companies.",91.5,Meow Meow Tweet / Pure Haven / Local Herbalist Formulations / Fat and the Moon
too-faced-born-this-way-super-coverage-multi-use-concealer,Too Faced Born This Way Super Coverage Multi-Use Concealer,product,Personal Care & Cosmetics,Estée Lauder,The Estée Lauder Companies Inc.,Public Conglomerate (Lauder Family Controlled),NYSE: EL,True,"Manufactured by Too Faced, a division of Estée Lauder. Luxury and clinical cosmetic brands consolidated under The Estée Lauder Companies.",91.5,Meow Meow Tweet / Pure Haven / Local Herbalist Formulations / Fat and the Moon
smashbox,Smashbox,brand,Personal Care & Cosmetics,Estée Lauder,The Estée Lauder Companies Inc.,Public Conglomerate (Lauder Family Controlled),NYSE: EL,True,Luxury and clinical cosmetic brands consolidated under The Estée Lauder Companies.,91.5,Meow Meow Tweet / Pure Haven / Local Herbalist Formulations / Fat and the Moon
smashbox-the-original-photo-finish-smooth-blur-primer-tube-1oz,Smashbox The Original Photo Finish Smooth & Blur Primer Tube 1oz,product,Personal Care & Cosmetics,Estée Lauder,The Estée Lauder Companies Inc.,Public Conglomerate (Lauder Family Controlled),NYSE: EL,True,"Manufactured by Smashbox, a division of Estée Lauder. Luxury and clinical cosmetic brands consolidated under The Estée Lauder Companies.",91.5,Meow Meow Tweet / Pure Haven / Local Herbalist Formulations / Fat and the Moon
bumble-and-bumble,Bumble and bumble,brand,Personal Care & Cosmetics,Estée Lauder,The Estée Lauder Companies Inc.,Public Conglomerate (Lauder Family Controlled),NYSE: EL,True,Luxury and clinical cosmetic brands consolidated under The Estée Lauder Companies.,91.5,Meow Meow Tweet / Pure Haven / Local Herbalist Formulations / Fat and the Moon
bumble-and-bumble-surf-spray-salt-infused-styling-texture-spray-4oz,Bumble and bumble Surf Spray Salt-Infused Styling Texture Spray 4oz,product,Personal Care & Cosmetics,Estée Lauder,The Estée Lauder Companies Inc.,Public Conglomerate (Lauder Family Controlled),NYSE: EL,True,"Manufactured by Bumble and bumble, a division of Estée Lauder. Luxury and clinical cosmetic brands consolidated under The Estée Lauder Companies.",91.5,Meow Meow Tweet / Pure Haven / Local Herbalist Formulations / Fat and the Moon
bumble-and-bumble-hairdressers-invisible-oil-heat-primer,Bumble and bumble Hairdresser's Invisible Oil Heat Primer,product,Personal Care & Cosmetics,Estée Lauder,The Estée Lauder Companies Inc.,Public Conglomerate (Lauder Family Controlled),NYSE: EL,True,"Manufactured by Bumble and bumble, a division of Estée Lauder. Luxury and clinical cosmetic brands consolidated under The Estée Lauder Companies.",91.5,Meow Meow Tweet / Pure Haven / Local Herbalist Formulations / Fat and the Moon
neutrogena,Neutrogena,brand,Personal Care & Cosmetics,Kenvue (Johnson & Johnson spin-off),Kenvue Inc.,Public Conglomerate,NYSE: KVUE,True,Spun off from Johnson & Johnson in 2023 to quarantine consumer product liabilities (talc litigation).,90.0,Badger Balm / Dr. Bronner's / Earth Mama Organics / Independent Bulk Apothecaries
neutrogena-hydro-boost-water-gel-facial-moisturizer-with-hyaluronic-acid,Neutrogena Hydro Boost Water Gel Facial Moisturizer with Hyaluronic Acid,product,Personal Care & Cosmetics,Kenvue (Johnson & Johnson spin-off),Kenvue Inc.,Public Conglomerate,NYSE: KVUE,True,"Manufactured by Neutrogena, a division of Kenvue (Johnson & Johnson spin-off). Spun off from Johnson & Johnson in 2023 to quarantine consumer product liabilities (talc litigation).",90.0,Badger Balm / Dr. Bronner's / Earth Mama Organics / Independent Bulk Apothecaries
neutrogena-ultra-sheer-dry-touch-sunscreen-lotion-spf-70,Neutrogena Ultra Sheer Dry-Touch Sunscreen Lotion SPF 70,product,Personal Care & Cosmetics,Kenvue (Johnson & Johnson spin-off),Kenvue Inc.,Public Conglomerate,NYSE: KVUE,True,"Manufactured by Neutrogena, a division of Kenvue (Johnson & Johnson spin-off). Spun off from Johnson & Johnson in 2023 to quarantine consumer product liabilities (talc litigation).",90.0,Badger Balm / Dr. Bronner's / Earth Mama Organics / Independent Bulk Apothecaries
neutrogena-oil-free-pink-grapefruit-acne-face-wash,Neutrogena Oil-Free Pink Grapefruit Acne Face Wash,product,Personal Care & Cosmetics,Kenvue (Johnson & Johnson spin-off),Kenvue Inc.,Public Conglomerate,NYSE: KVUE,True,"Manufactured by Neutrogena, a division of Kenvue (Johnson & Johnson spin-off). Spun off from Johnson & Johnson in 2023 to quarantine consumer product liabilities (talc litigation).",90.0,Badger Balm / Dr. Bronner's / Earth Mama Organics / Independent Bulk Apothecaries
neutrogena-makeup-remover-cleansing-towelettes-wipes-25-pack,Neutrogena Makeup Remover Cleansing Towelettes Wipes 25-Pack,product,Personal Care & Cosmetics,Kenvue (Johnson & Johnson spin-off),Kenvue Inc.,Public Conglomerate,NYSE: KVUE,True,"Manufactured by Neutrogena, a division of Kenvue (Johnson & Johnson spin-off). Spun off from Johnson & Johnson in 2023 to quarantine consumer product liabilities (talc litigation).",90.0,Badger Balm / Dr. Bronner's / Earth Mama Organics / Independent Bulk Apothecaries
aveeno,Aveeno,brand,Personal Care & Cosmetics,Kenvue (Johnson & Johnson spin-off),Kenvue Inc.,Public Conglomerate,NYSE: KVUE,True,Spun off from Johnson & Johnson in 2023 to quarantine consumer product liabilities (talc litigation).,90.0,Badger Balm / Dr. Bronner's / Earth Mama Organics / Independent Bulk Apothecaries
aveeno-daily-moisturizing-body-lotion-with-soothing-prebiotic-oat-18oz,Aveeno Daily Moisturizing Body Lotion with Soothing Prebiotic Oat 18oz,product,Personal Care & Cosmetics,Kenvue (Johnson & Johnson spin-off),Kenvue Inc.,Public Conglomerate,NYSE: KVUE,True,"Manufactured by Aveeno, a division of Kenvue (Johnson & Johnson spin-off). Spun off from Johnson & Johnson in 2023 to quarantine consumer product liabilities (talc litigation).",90.0,Badger Balm / Dr. Bronner's / Earth Mama Organics / Independent Bulk Apothecaries
aveeno-skin-relief-fragrance-free-body-wash-33oz-pump,Aveeno Skin Relief Fragrance-Free Body Wash 33oz Pump,product,Personal Care & Cosmetics,Kenvue (Johnson & Johnson spin-off),Kenvue Inc.,Public Conglomerate,NYSE: KVUE,True,"Manufactured by Aveeno, a division of Kenvue (Johnson & Johnson spin-off). Spun off from Johnson & Johnson in 2023 to quarantine consumer product liabilities (talc litigation).",90.0,Badger Balm / Dr. Bronner's / Earth Mama Organics / Independent Bulk Apothecaries
aveeno-baby-daily-moisture-lotion-for-delicate-skin,Aveeno Baby Daily Moisture Lotion for Delicate Skin,product,Personal Care & Cosmetics,Kenvue (Johnson & Johnson spin-off),Kenvue Inc.,Public Conglomerate,NYSE: KVUE,True,"Manufactured by Aveeno, a division of Kenvue (Johnson & Johnson spin-off). Spun off from Johnson & Johnson in 2023 to quarantine consumer product liabilities (talc litigation).",90.0,Badger Balm / Dr. Bronner's / Earth Mama Organics / Independent Bulk Apothecaries
ogx,OGX,brand,Personal Care & Cosmetics,Kenvue (Johnson & Johnson spin-off),Kenvue Inc.,Public Conglomerate,NYSE: KVUE,True,Spun off from Johnson & Johnson in 2023 to quarantine consumer product liabilities (talc litigation).,90.0,Badger Balm / Dr. Bronner's / Earth Mama Organics / Independent Bulk Apothecaries
ogx-renewing-argan-oil-of-morocco-penetrating-hair-oil-33oz,OGX Renewing + Argan Oil of Morocco Penetrating Hair Oil 3.3oz,product,Personal Care & Cosmetics,Kenvue (Johnson & Johnson spin-off),Kenvue Inc.,Public Conglomerate,NYSE: KVUE,True,"Manufactured by OGX, a division of Kenvue (Johnson & Johnson spin-off). Spun off from Johnson & Johnson in 2023 to quarantine consumer product liabilities (talc litigation).",90.0,Badger Balm / Dr. Bronner's / Earth Mama Organics / Independent Bulk Apothecaries
ogx-nourishing-coconut-milk-shampoo-bottle-13oz,OGX Nourishing + Coconut Milk Shampoo Bottle 13oz,product,Personal Care & Cosmetics,Kenvue (Johnson & Johnson spin-off),Kenvue Inc.,Public Conglomerate,NYSE: KVUE,True,"Manufactured by OGX, a division of Kenvue (Johnson & Johnson spin-off). Spun off from Johnson & Johnson in 2023 to quarantine consumer product liabilities (talc litigation).",90.0,Badger Balm / Dr. Bronner's / Earth Mama Organics / Independent Bulk Apothecaries
ogx-thick-full-biotin-collagen-conditioner,OGX Thick & Full + Biotin & Collagen Conditioner,product,Personal Care & Cosmetics,Kenvue (Johnson & Johnson spin-off),Kenvue Inc.,Public Conglomerate,NYSE: KVUE,True,"Manufactured by OGX, a division of Kenvue (Johnson & Johnson spin-off). Spun off from Johnson & Johnson in 2023 to quarantine consumer product liabilities (talc litigation).",90.0,Badger Balm / Dr. Bronner's / Earth Mama Organics / Independent Bulk Apothecaries
maui-moisture,Maui Moisture,brand,Personal Care & Cosmetics,Kenvue (Johnson & Johnson spin-off),Kenvue Inc.,Public Conglomerate,NYSE: KVUE,True,Spun off from Johnson & Johnson in 2023 to quarantine consumer product liabilities (talc litigation).,90.0,Badger Balm / Dr. Bronner's / Earth Mama Organics / Independent Bulk Apothecaries
maui-moisture-heal-hydrate-shea-butter-hair-mask-tub-12oz,Maui Moisture Heal & Hydrate + Shea Butter Hair Mask Tub 12oz,product,Personal Care & Cosmetics,Kenvue (Johnson & Johnson spin-off),Kenvue Inc.,Public Conglomerate,NYSE: KVUE,True,"Manufactured by Maui Moisture, a division of Kenvue (Johnson & Johnson spin-off). Spun off from Johnson & Johnson in 2023 to quarantine consumer product liabilities (talc litigation).",90.0,Badger Balm / Dr. Bronner's / Earth Mama Organics / Independent Bulk Apothecaries
maui-moisture-vanilla-bean-conditioner-for-frizzy-hair,Maui Moisture Vanilla Bean Conditioner for Frizzy Hair,product,Personal Care & Cosmetics,Kenvue (Johnson & Johnson spin-off),Kenvue Inc.,Public Conglomerate,NYSE: KVUE,True,"Manufactured by Maui Moisture, a division of Kenvue (Johnson & Johnson spin-off). Spun off from Johnson & Johnson in 2023 to quarantine consumer product liabilities (talc litigation).",90.0,Badger Balm / Dr. Bronner's / Earth Mama Organics / Independent Bulk Apothecaries
clean-clear,Clean & Clear,brand,Personal Care & Cosmetics,Kenvue (Johnson & Johnson spin-off),Kenvue Inc.,Public Conglomerate,NYSE: KVUE,True,Spun off from Johnson & Johnson in 2023 to quarantine consumer product liabilities (talc litigation).,90.0,Badger Balm / Dr. Bronner's / Earth Mama Organics / Independent Bulk Apothecaries
clean-clear-essentials-foaming-daily-facial-cleanser-8oz,Clean & Clear Essentials Foaming Daily Facial Cleanser 8oz,product,Personal Care & Cosmetics,Kenvue (Johnson & Johnson spin-off),Kenvue Inc.,Public Conglomerate,NYSE: KVUE,True,"Manufactured by Clean & Clear, a division of Kenvue (Johnson & Johnson spin-off). Spun off from Johnson & Johnson in 2023 to quarantine consumer product liabilities (talc litigation).",90.0,Badger Balm / Dr. Bronner's / Earth Mama Organics / Independent Bulk Apothecaries
clean-clear-morning-burst-citrus-facial-cleanser-with-bursting-beads,Clean & Clear Morning Burst Citrus Facial Cleanser with Bursting Beads,product,Personal Care & Cosmetics,Kenvue (Johnson & Johnson spin-off),Kenvue Inc.,Public Conglomerate,NYSE: KVUE,True,"Manufactured by Clean & Clear, a division of Kenvue (Johnson & Johnson spin-off). Spun off from Johnson & Johnson in 2023 to quarantine consumer product liabilities (talc litigation).",90.0,Badger Balm / Dr. Bronner's / Earth Mama Organics / Independent Bulk Apothecaries
band-aid,Band-Aid,brand,Personal Care & Cosmetics,Kenvue (Johnson & Johnson spin-off),Kenvue Inc.,Public Conglomerate,NYSE: KVUE,True,Spun off from Johnson & Johnson in 2023 to quarantine consumer product liabilities (talc litigation).,90.0,Badger Balm / Dr. Bronner's / Earth Mama Organics / Independent Bulk Apothecaries
band-aid-brand-flexible-fabric-adhesive-bandages-assorted-sizes-100-pack,Band-Aid Brand Flexible Fabric Adhesive Bandages Assorted Sizes 100-Pack,product,Personal Care & Cosmetics,Kenvue (Johnson & Johnson spin-off),Kenvue Inc.,Public Conglomerate,NYSE: KVUE,True,"Manufactured by Band-Aid, a division of Kenvue (Johnson & Johnson spin-off). Spun off from Johnson & Johnson in 2023 to quarantine consumer product liabilities (talc litigation).",90.0,Badger Balm / Dr. Bronner's / Earth Mama Organics / Independent Bulk Apothecaries
band-aid-water-block-tough-strips-waterproof-bandages,Band-Aid Water Block Tough-Strips Waterproof Bandages,product,Personal Care & Cosmetics,Kenvue (Johnson & Johnson spin-off),Kenvue Inc.,Public Conglomerate,NYSE: KVUE,True,"Manufactured by Band-Aid, a division of Kenvue (Johnson & Johnson spin-off). Spun off from Johnson & Johnson in 2023 to quarantine consumer product liabilities (talc litigation).",90.0,Badger Balm / Dr. Bronner's / Earth Mama Organics / Independent Bulk Apothecaries
neosporin,Neosporin,brand,Personal Care & Cosmetics,Kenvue (Johnson & Johnson spin-off),Kenvue Inc.,Public Conglomerate,NYSE: KVUE,True,Spun off from Johnson & Johnson in 2023 to quarantine consumer product liabilities (talc litigation).,90.0,Badger Balm / Dr. Bronner's / Earth Mama Organics / Independent Bulk Apothecaries
neosporin-pain-relief-dual-action-first-aid-antibiotic-ointment-tube,Neosporin + Pain Relief Dual Action First Aid Antibiotic Ointment Tube,product,Personal Care & Cosmetics,Kenvue (Johnson & Johnson spin-off),Kenvue Inc.,Public Conglomerate,NYSE: KVUE,True,"Manufactured by Neosporin, a division of Kenvue (Johnson & Johnson spin-off). Spun off from Johnson & Johnson in 2023 to quarantine consumer product liabilities (talc litigation).",90.0,Badger Balm / Dr. Bronner's / Earth Mama Organics / Independent Bulk Apothecaries
neosporin-original-triple-antibiotic-first-aid-ointment,Neosporin Original Triple Antibiotic First Aid Ointment,product,Personal Care & Cosmetics,Kenvue (Johnson & Johnson spin-off),Kenvue Inc.,Public Conglomerate,NYSE: KVUE,True,"Manufactured by Neosporin, a division of Kenvue (Johnson & Johnson spin-off). Spun off from Johnson & Johnson in 2023 to quarantine consumer product liabilities (talc litigation).",90.0,Badger Balm / Dr. Bronner's / Earth Mama Organics / Independent Bulk Apothecaries
listerine,Listerine,brand,Personal Care & Cosmetics,Kenvue (Johnson & Johnson spin-off),Kenvue Inc.,Public Conglomerate,NYSE: KVUE,True,Spun off from Johnson & Johnson in 2023 to quarantine consumer product liabilities (talc litigation).,90.0,Badger Balm / Dr. Bronner's / Earth Mama Organics / Independent Bulk Apothecaries
listerine-cool-mint-antiseptic-mouthwash-1-liter-bottle,Listerine Cool Mint Antiseptic Mouthwash 1-Liter Bottle,product,Personal Care & Cosmetics,Kenvue (Johnson & Johnson spin-off),Kenvue Inc.,Public Conglomerate,NYSE: KVUE,True,"Manufactured by Listerine, a division of Kenvue (Johnson & Johnson spin-off). Spun off from Johnson & Johnson in 2023 to quarantine consumer product liabilities (talc litigation).",90.0,Badger Balm / Dr. Bronner's / Earth Mama Organics / Independent Bulk Apothecaries
listerine-total-care-anticavity-fluoride-mouthwash-fresh-mint,Listerine Total Care Anticavity Fluoride Mouthwash Fresh Mint,product,Personal Care & Cosmetics,Kenvue (Johnson & Johnson spin-off),Kenvue Inc.,Public Conglomerate,NYSE: KVUE,True,"Manufactured by Listerine, a division of Kenvue (Johnson & Johnson spin-off). Spun off from Johnson & Johnson in 2023 to quarantine consumer product liabilities (talc litigation).",90.0,Badger Balm / Dr. Bronner's / Earth Mama Organics / Independent Bulk Apothecaries
tylenol,Tylenol,brand,Personal Care & Cosmetics,Kenvue (Johnson & Johnson spin-off),Kenvue Inc.,Public Conglomerate,NYSE: KVUE,True,Spun off from Johnson & Johnson in 2023 to quarantine consumer product liabilities (talc litigation).,90.0,Badger Balm / Dr. Bronner's / Earth Mama Organics / Independent Bulk Apothecaries
tylenol-extra-strength-acetaminophen-500mg-caplets-100-count,Tylenol Extra Strength Acetaminophen 500mg Caplets 100-Count,product,Personal Care & Cosmetics,Kenvue (Johnson & Johnson spin-off),Kenvue Inc.,Public Conglomerate,NYSE: KVUE,True,"Manufactured by Tylenol, a division of Kenvue (Johnson & Johnson spin-off). Spun off from Johnson & Johnson in 2023 to quarantine consumer product liabilities (talc litigation).",90.0,Badger Balm / Dr. Bronner's / Earth Mama Organics / Independent Bulk Apothecaries
childrens-tylenol-oral-suspension-dye-free-cherry-flavor,Children's Tylenol Oral Suspension Dye-Free Cherry Flavor,product,Personal Care & Cosmetics,Kenvue (Johnson & Johnson spin-off),Kenvue Inc.,Public Conglomerate,NYSE: KVUE,True,"Manufactured by Tylenol, a division of Kenvue (Johnson & Johnson spin-off). Spun off from Johnson & Johnson in 2023 to quarantine consumer product liabilities (talc litigation).",90.0,Badger Balm / Dr. Bronner's / Earth Mama Organics / Independent Bulk Apothecaries
motrin,Motrin,brand,Personal Care & Cosmetics,Kenvue (Johnson & Johnson spin-off),Kenvue Inc.,Public Conglomerate,NYSE: KVUE,True,Spun off from Johnson & Johnson in 2023 to quarantine consumer product liabilities (talc litigation).,90.0,Badger Balm / Dr. Bronner's / Earth Mama Organics / Independent Bulk Apothecaries
motrin-ib-ibuprofen-200mg-pain-reliever-fever-reducer-caplets-100-count,Motrin IB Ibuprofen 200mg Pain Reliever Fever Reducer Caplets 100-Count,product,Personal Care & Cosmetics,Kenvue (Johnson & Johnson spin-off),Kenvue Inc.,Public Conglomerate,NYSE: KVUE,True,"Manufactured by Motrin, a division of Kenvue (Johnson & Johnson spin-off). Spun off from Johnson & Johnson in 2023 to quarantine consumer product liabilities (talc litigation).",90.0,Badger Balm / Dr. Bronner's / Earth Mama Organics / Independent Bulk Apothecaries
benadryl,Benadryl,brand,Personal Care & Cosmetics,Kenvue (Johnson & Johnson spin-off),Kenvue Inc.,Public Conglomerate,NYSE: KVUE,True,Spun off from Johnson & Johnson in 2023 to quarantine consumer product liabilities (talc litigation).,90.0,Badger Balm / Dr. Bronner's / Earth Mama Organics / Independent Bulk Apothecaries
benadryl-allergy-ultratabs-antihistamine-allergy-relief-tablets-100-count,Benadryl Allergy Ultratabs Antihistamine Allergy Relief Tablets 100-Count,product,Personal Care & Cosmetics,Kenvue (Johnson & Johnson spin-off),Kenvue Inc.,Public Conglomerate,NYSE: KVUE,True,"Manufactured by Benadryl, a division of Kenvue (Johnson & Johnson spin-off). Spun off from Johnson & Johnson in 2023 to quarantine consumer product liabilities (talc litigation).",90.0,Badger Balm / Dr. Bronner's / Earth Mama Organics / Independent Bulk Apothecaries
zyrtec,Zyrtec,brand,Personal Care & Cosmetics,Kenvue (Johnson & Johnson spin-off),Kenvue Inc.,Public Conglomerate,NYSE: KVUE,True,Spun off from Johnson & Johnson in 2023 to quarantine consumer product liabilities (talc litigation).,90.0,Badger Balm / Dr. Bronner's / Earth Mama Organics / Independent Bulk Apothecaries
zyrtec-24-hour-allergy-relief-cetirizine-hcl-10mg-tablets-90-count,Zyrtec 24 Hour Allergy Relief Cetirizine HCl 10mg Tablets 90-Count,product,Personal Care & Cosmetics,Kenvue (Johnson & Johnson spin-off),Kenvue Inc.,Public Conglomerate,NYSE: KVUE,True,"Manufactured by Zyrtec, a division of Kenvue (Johnson & Johnson spin-off). Spun off from Johnson & Johnson in 2023 to quarantine consumer product liabilities (talc litigation).",90.0,Badger Balm / Dr. Bronner's / Earth Mama Organics / Independent Bulk Apothecaries
johnsons-baby,Johnson's Baby,brand,Personal Care & Cosmetics,Kenvue (Johnson & Johnson spin-off),Kenvue Inc.,Public Conglomerate,NYSE: KVUE,True,Spun off from Johnson & Johnson in 2023 to quarantine consumer product liabilities (talc litigation).,90.0,Badger Balm / Dr. Bronner's / Earth Mama Organics / Independent Bulk Apothecaries
johnsons-baby-shampoo-tear-free-gentle-formula-271oz-bottle,Johnson's Baby Shampoo Tear-Free Gentle Formula 27.1oz Bottle,product,Personal Care & Cosmetics,Kenvue (Johnson & Johnson spin-off),Kenvue Inc.,Public Conglomerate,NYSE: KVUE,True,"Manufactured by Johnson's Baby, a division of Kenvue (Johnson & Johnson spin-off). Spun off from Johnson & Johnson in 2023 to quarantine consumer product liabilities (talc litigation).",90.0,Badger Balm / Dr. Bronner's / Earth Mama Organics / Independent Bulk Apothecaries
johnsons-bedtime-baby-bath-nighttime-relaxing-scent-271oz,Johnson's Bedtime Baby Bath Nighttime Relaxing Scent 27.1oz,product,Personal Care & Cosmetics,Kenvue (Johnson & Johnson spin-off),Kenvue Inc.,Public Conglomerate,NYSE: KVUE,True,"Manufactured by Johnson's Baby, a division of Kenvue (Johnson & Johnson spin-off). Spun off from Johnson & Johnson in 2023 to quarantine consumer product liabilities (talc litigation).",90.0,Badger Balm / Dr. Bronner's / Earth Mama Organics / Independent Bulk Apothecaries
kitchenaid,KitchenAid,brand,Home Appliances & Tools,Whirlpool Corporation,Whirlpool Corporation,Public Conglomerate,NYSE: WHR,True,"Whirlpool controls KitchenAid, Maytag, JennAir, and Amana, giving false illusion of appliance brand competition.",90.0,Speed Queen (Alliance Laundry Systems) / Ankarsrum (Independent Swedish Mixer) / Local Appliance Repair
kitchenaid-artisan-series-5-quart-tilt-head-stand-mixer,KitchenAid Artisan Series 5-Quart Tilt-Head Stand Mixer,product,Home Appliances & Tools,Whirlpool Corporation,Whirlpool Corporation,Public Conglomerate,NYSE: WHR,True,"Manufactured by KitchenAid, a division of Whirlpool Corporation. Whirlpool controls KitchenAid, Maytag, JennAir, and Amana, giving false illusion of appliance brand competition.",90.0,Speed Queen (Alliance Laundry Systems) / Ankarsrum (Independent Swedish Mixer) / Local Appliance Repair
kitchenaid-9-speed-digital-hand-mixer-with-whisk,KitchenAid 9-Speed Digital Hand Mixer with Whisk,product,Home Appliances & Tools,Whirlpool Corporation,Whirlpool Corporation,Public Conglomerate,NYSE: WHR,True,"Manufactured by KitchenAid, a division of Whirlpool Corporation. Whirlpool controls KitchenAid, Maytag, JennAir, and Amana, giving false illusion of appliance brand competition.",90.0,Speed Queen (Alliance Laundry Systems) / Ankarsrum (Independent Swedish Mixer) / Local Appliance Repair
kitchenaid-k400-variable-speed-blender-with-glass-jar,KitchenAid K400 Variable Speed Blender with Glass Jar,product,Home Appliances & Tools,Whirlpool Corporation,Whirlpool Corporation,Public Conglomerate,NYSE: WHR,True,"Manufactured by KitchenAid, a division of Whirlpool Corporation. Whirlpool controls KitchenAid, Maytag, JennAir, and Amana, giving false illusion of appliance brand competition.",90.0,Speed Queen (Alliance Laundry Systems) / Ankarsrum (Independent Swedish Mixer) / Local Appliance Repair
kitchenaid-3-speed-hand-immersion-blender,KitchenAid 3-Speed Hand Immersion Blender,product,Home Appliances & Tools,Whirlpool Corporation,Whirlpool Corporation,Public Conglomerate,NYSE: WHR,True,"Manufactured by KitchenAid, a division of Whirlpool Corporation. Whirlpool controls KitchenAid, Maytag, JennAir, and Amana, giving false illusion of appliance brand competition.",90.0,Speed Queen (Alliance Laundry Systems) / Ankarsrum (Independent Swedish Mixer) / Local Appliance Repair
maytag,Maytag,brand,Home Appliances & Tools,Whirlpool Corporation,Whirlpool Corporation,Public Conglomerate,NYSE: WHR,True,"Whirlpool controls KitchenAid, Maytag, JennAir, and Amana, giving false illusion of appliance brand competition.",90.0,Speed Queen (Alliance Laundry Systems) / Ankarsrum (Independent Swedish Mixer) / Local Appliance Repair
maytag-commercial-grade-top-load-residential-washing-machine,Maytag Commercial-Grade Top Load Residential Washing Machine,product,Home Appliances & Tools,Whirlpool Corporation,Whirlpool Corporation,Public Conglomerate,NYSE: WHR,True,"Manufactured by Maytag, a division of Whirlpool Corporation. Whirlpool controls KitchenAid, Maytag, JennAir, and Amana, giving false illusion of appliance brand competition.",90.0,Speed Queen (Alliance Laundry Systems) / Ankarsrum (Independent Swedish Mixer) / Local Appliance Repair
maytag-smart-front-load-electric-dryer-with-extra-power,Maytag Smart Front Load Electric Dryer with Extra Power,product,Home Appliances & Tools,Whirlpool Corporation,Whirlpool Corporation,Public Conglomerate,NYSE: WHR,True,"Manufactured by Maytag, a division of Whirlpool Corporation. Whirlpool controls KitchenAid, Maytag, JennAir, and Amana, giving false illusion of appliance brand competition.",90.0,Speed Queen (Alliance Laundry Systems) / Ankarsrum (Independent Swedish Mixer) / Local Appliance Repair
maytag-heavy-duty-stainless-steel-tub-built-in-dishwasher,Maytag Heavy-Duty Stainless Steel Tub Built-In Dishwasher,product,Home Appliances & Tools,Whirlpool Corporation,Whirlpool Corporation,Public Conglomerate,NYSE: WHR,True,"Manufactured by Maytag, a division of Whirlpool Corporation. Whirlpool controls KitchenAid, Maytag, JennAir, and Amana, giving false illusion of appliance brand competition.",90.0,Speed Queen (Alliance Laundry Systems) / Ankarsrum (Independent Swedish Mixer) / Local Appliance Repair
whirlpool,Whirlpool,brand,Home Appliances & Tools,Whirlpool Corporation,Whirlpool Corporation,Public Conglomerate,NYSE: WHR,True,"Whirlpool controls KitchenAid, Maytag, JennAir, and Amana, giving false illusion of appliance brand competition.",90.0,Speed Queen (Alliance Laundry Systems) / Ankarsrum (Independent Swedish Mixer) / Local Appliance Repair
whirlpool-36-inch-wide-french-door-refrigerator-with-ice-maker,Whirlpool 36-inch Wide French Door Refrigerator with Ice Maker,product,Home Appliances & Tools,Whirlpool Corporation,Whirlpool Corporation,Public Conglomerate,NYSE: WHR,True,"Manufactured by Whirlpool, a division of Whirlpool Corporation. Whirlpool controls KitchenAid, Maytag, JennAir, and Amana, giving false illusion of appliance brand competition.",90.0,Speed Queen (Alliance Laundry Systems) / Ankarsrum (Independent Swedish Mixer) / Local Appliance Repair
whirlpool-53-cu-ft-electric-5-in-1-air-fry-range,Whirlpool 5.3 Cu. Ft. Electric 5-in-1 Air Fry Range,product,Home Appliances & Tools,Whirlpool Corporation,Whirlpool Corporation,Public Conglomerate,NYSE: WHR,True,"Manufactured by Whirlpool, a division of Whirlpool Corporation. Whirlpool controls KitchenAid, Maytag, JennAir, and Amana, giving false illusion of appliance brand competition.",90.0,Speed Queen (Alliance Laundry Systems) / Ankarsrum (Independent Swedish Mixer) / Local Appliance Repair
whirlpool-top-load-washer-with-removable-agitator,Whirlpool Top Load Washer with Removable Agitator,product,Home Appliances & Tools,Whirlpool Corporation,Whirlpool Corporation,Public Conglomerate,NYSE: WHR,True,"Manufactured by Whirlpool, a division of Whirlpool Corporation. Whirlpool controls KitchenAid, Maytag, JennAir, and Amana, giving false illusion of appliance brand competition.",90.0,Speed Queen (Alliance Laundry Systems) / Ankarsrum (Independent Swedish Mixer) / Local Appliance Repair
jennair,JennAir,brand,Home Appliances & Tools,Whirlpool Corporation,Whirlpool Corporation,Public Conglomerate,NYSE: WHR,True,"Whirlpool controls KitchenAid, Maytag, JennAir, and Amana, giving false illusion of appliance brand competition.",90.0,Speed Queen (Alliance Laundry Systems) / Ankarsrum (Independent Swedish Mixer) / Local Appliance Repair
jennair-rise-36-inch-dual-fuel-professional-style-range,JennAir Rise 36-Inch Dual-Fuel Professional Style Range,product,Home Appliances & Tools,Whirlpool Corporation,Whirlpool Corporation,Public Conglomerate,NYSE: WHR,True,"Manufactured by JennAir, a division of Whirlpool Corporation. Whirlpool controls KitchenAid, Maytag, JennAir, and Amana, giving false illusion of appliance brand competition.",90.0,Speed Queen (Alliance Laundry Systems) / Ankarsrum (Independent Swedish Mixer) / Local Appliance Repair
jennair-column-built-in-integrated-luxury-refrigerator,JennAir Column Built-In Integrated Luxury Refrigerator,product,Home Appliances & Tools,Whirlpool Corporation,Whirlpool Corporation,Public Conglomerate,NYSE: WHR,True,"Manufactured by JennAir, a division of Whirlpool Corporation. Whirlpool controls KitchenAid, Maytag, JennAir, and Amana, giving false illusion of appliance brand competition.",90.0,Speed Queen (Alliance Laundry Systems) / Ankarsrum (Independent Swedish Mixer) / Local Appliance Repair
amana,Amana,brand,Home Appliances & Tools,Whirlpool Corporation,Whirlpool Corporation,Public Conglomerate,NYSE: WHR,True,"Whirlpool controls KitchenAid, Maytag, JennAir, and Amana, giving false illusion of appliance brand competition.",90.0,Speed Queen (Alliance Laundry Systems) / Ankarsrum (Independent Swedish Mixer) / Local Appliance Repair
amana-182-cu-ft-top-freezer-refrigerator,Amana 18.2 Cu. Ft. Top-Freezer Refrigerator,product,Home Appliances & Tools,Whirlpool Corporation,Whirlpool Corporation,Public Conglomerate,NYSE: WHR,True,"Manufactured by Amana, a division of Whirlpool Corporation. Whirlpool controls KitchenAid, Maytag, JennAir, and Amana, giving false illusion of appliance brand competition.",90.0,Speed Queen (Alliance Laundry Systems) / Ankarsrum (Independent Swedish Mixer) / Local Appliance Repair
amana-48-cu-ft-traditional-electric-cooktop-range,Amana 4.8 Cu. Ft. Traditional Electric Cooktop Range,product,Home Appliances & Tools,Whirlpool Corporation,Whirlpool Corporation,Public Conglomerate,NYSE: WHR,True,"Manufactured by Amana, a division of Whirlpool Corporation. Whirlpool controls KitchenAid, Maytag, JennAir, and Amana, giving false illusion of appliance brand competition.",90.0,Speed Queen (Alliance Laundry Systems) / Ankarsrum (Independent Swedish Mixer) / Local Appliance Repair
rubbermaid,Rubbermaid,brand,Home Appliances & Tools,Newell Brands,Newell Brands Inc.,Public Conglomerate,NASDAQ: NWL,True,"Newell Brands aggregates outdoor, kitchen, school supply, and home scent brands into one public Wall Street conglomerate.",90.0,Lodge Cast Iron / Klean Kanteen / Independent Stationers / Local Beekeepers Candles
rubbermaid-brilliance-leak-proof-food-storage-containers-10-piece-set,Rubbermaid Brilliance Leak-Proof Food Storage Containers 10-Piece Set,product,Home Appliances & Tools,Newell Brands,Newell Brands Inc.,Public Conglomerate,NASDAQ: NWL,True,"Manufactured by Rubbermaid, a division of Newell Brands. Newell Brands aggregates outdoor, kitchen, school supply, and home scent brands into one public Wall Street conglomerate.",90.0,Lodge Cast Iron / Klean Kanteen / Independent Stationers / Local Beekeepers Candles
rubbermaid-commercial-products-brute-32-gallon-heavy-duty-trash-can,Rubbermaid Commercial Products Brute 32-Gallon Heavy Duty Trash Can,product,Home Appliances & Tools,Newell Brands,Newell Brands Inc.,Public Conglomerate,NASDAQ: NWL,True,"Manufactured by Rubbermaid, a division of Newell Brands. Newell Brands aggregates outdoor, kitchen, school supply, and home scent brands into one public Wall Street conglomerate.",90.0,Lodge Cast Iron / Klean Kanteen / Independent Stationers / Local Beekeepers Candles
rubbermaid-roughneck-storage-tote-box-18-gallon,Rubbermaid Roughneck Storage Tote Box 18-Gallon,product,Home Appliances & Tools,Newell Brands,Newell Brands Inc.,Public Conglomerate,NASDAQ: NWL,True,"Manufactured by Rubbermaid, a division of Newell Brands. Newell Brands aggregates outdoor, kitchen, school supply, and home scent brands into one public Wall Street conglomerate.",90.0,Lodge Cast Iron / Klean Kanteen / Independent Stationers / Local Beekeepers Candles
coleman,Coleman,brand,Home Appliances & Tools,Newell Brands,Newell Brands Inc.,Public Conglomerate,NASDAQ: NWL,True,"Newell Brands aggregates outdoor, kitchen, school supply, and home scent brands into one public Wall Street conglomerate.",90.0,Lodge Cast Iron / Klean Kanteen / Independent Stationers / Local Beekeepers Candles
coleman-sundome-4-person-camping-tent,Coleman Sundome 4-Person Camping Tent,product,Home Appliances & Tools,Newell Brands,Newell Brands Inc.,Public Conglomerate,NASDAQ: NWL,True,"Manufactured by Coleman, a division of Newell Brands. Newell Brands aggregates outdoor, kitchen, school supply, and home scent brands into one public Wall Street conglomerate.",90.0,Lodge Cast Iron / Klean Kanteen / Independent Stationers / Local Beekeepers Candles
coleman-54-quart-steel-belted-cooler-stainless-steel,Coleman 54-Quart Steel-Belted Cooler Stainless Steel,product,Home Appliances & Tools,Newell Brands,Newell Brands Inc.,Public Conglomerate,NASDAQ: NWL,True,"Manufactured by Coleman, a division of Newell Brands. Newell Brands aggregates outdoor, kitchen, school supply, and home scent brands into one public Wall Street conglomerate.",90.0,Lodge Cast Iron / Klean Kanteen / Independent Stationers / Local Beekeepers Candles
coleman-classic-2-burner-propane-camping-stove,Coleman Classic 2-Burner Propane Camping Stove,product,Home Appliances & Tools,Newell Brands,Newell Brands Inc.,Public Conglomerate,NASDAQ: NWL,True,"Manufactured by Coleman, a division of Newell Brands. Newell Brands aggregates outdoor, kitchen, school supply, and home scent brands into one public Wall Street conglomerate.",90.0,Lodge Cast Iron / Klean Kanteen / Independent Stationers / Local Beekeepers Candles
contigo,Contigo,brand,Home Appliances & Tools,Newell Brands,Newell Brands Inc.,Public Conglomerate,NASDAQ: NWL,True,"Newell Brands aggregates outdoor, kitchen, school supply, and home scent brands into one public Wall Street conglomerate.",90.0,Lodge Cast Iron / Klean Kanteen / Independent Stationers / Local Beekeepers Candles
contigo-autoseal-west-loop-stainless-steel-travel-mug-16oz,Contigo Autoseal West Loop Stainless Steel Travel Mug 16oz,product,Home Appliances & Tools,Newell Brands,Newell Brands Inc.,Public Conglomerate,NASDAQ: NWL,True,"Manufactured by Contigo, a division of Newell Brands. Newell Brands aggregates outdoor, kitchen, school supply, and home scent brands into one public Wall Street conglomerate.",90.0,Lodge Cast Iron / Klean Kanteen / Independent Stationers / Local Beekeepers Candles
contigo-jackson-chill-20-vacuum-insulated-water-bottle,Contigo Jackson Chill 2.0 Vacuum-Insulated Water Bottle,product,Home Appliances & Tools,Newell Brands,Newell Brands Inc.,Public Conglomerate,NASDAQ: NWL,True,"Manufactured by Contigo, a division of Newell Brands. Newell Brands aggregates outdoor, kitchen, school supply, and home scent brands into one public Wall Street conglomerate.",90.0,Lodge Cast Iron / Klean Kanteen / Independent Stationers / Local Beekeepers Candles
camelbak,CamelBak,brand,Home Appliances & Tools,Newell Brands,Newell Brands Inc.,Public Conglomerate,NASDAQ: NWL,True,"Newell Brands aggregates outdoor, kitchen, school supply, and home scent brands into one public Wall Street conglomerate.",90.0,Lodge Cast Iron / Klean Kanteen / Independent Stationers / Local Beekeepers Candles
camelbak-eddy-water-bottle-with-straw-25oz,CamelBak Eddy+ Water Bottle with Straw 25oz,product,Home Appliances & Tools,Newell Brands,Newell Brands Inc.,Public Conglomerate,NASDAQ: NWL,True,"Manufactured by CamelBak, a division of Newell Brands. Newell Brands aggregates outdoor, kitchen, school supply, and home scent brands into one public Wall Street conglomerate.",90.0,Lodge Cast Iron / Klean Kanteen / Independent Stationers / Local Beekeepers Candles
camelbak-classic-light-hydration-pack-70oz-bladder,CamelBak Classic Light Hydration Pack 70oz Bladder,product,Home Appliances & Tools,Newell Brands,Newell Brands Inc.,Public Conglomerate,NASDAQ: NWL,True,"Manufactured by CamelBak, a division of Newell Brands. Newell Brands aggregates outdoor, kitchen, school supply, and home scent brands into one public Wall Street conglomerate.",90.0,Lodge Cast Iron / Klean Kanteen / Independent Stationers / Local Beekeepers Candles
oster,Oster,brand,Home Appliances & Tools,Newell Brands,Newell Brands Inc.,Public Conglomerate,NASDAQ: NWL,True,"Newell Brands aggregates outdoor, kitchen, school supply, and home scent brands into one public Wall Street conglomerate.",90.0,Lodge Cast Iron / Klean Kanteen / Independent Stationers / Local Beekeepers Candles
oster-classic-700-watt-all-metal-drive-glass-jar-blender,Oster Classic 700-Watt All-Metal Drive Glass Jar Blender,product,Home Appliances & Tools,Newell Brands,Newell Brands Inc.,Public Conglomerate,NASDAQ: NWL,True,"Manufactured by Oster, a division of Newell Brands. Newell Brands aggregates outdoor, kitchen, school supply, and home scent brands into one public Wall Street conglomerate.",90.0,Lodge Cast Iron / Klean Kanteen / Independent Stationers / Local Beekeepers Candles
oster-extra-large-digital-air-fry-toaster-oven,Oster Extra Large Digital Air Fry Toaster Oven,product,Home Appliances & Tools,Newell Brands,Newell Brands Inc.,Public Conglomerate,NASDAQ: NWL,True,"Manufactured by Oster, a division of Newell Brands. Newell Brands aggregates outdoor, kitchen, school supply, and home scent brands into one public Wall Street conglomerate.",90.0,Lodge Cast Iron / Klean Kanteen / Independent Stationers / Local Beekeepers Candles
crock-pot,Crock-Pot,brand,Home Appliances & Tools,Newell Brands,Newell Brands Inc.,Public Conglomerate,NASDAQ: NWL,True,"Newell Brands aggregates outdoor, kitchen, school supply, and home scent brands into one public Wall Street conglomerate.",90.0,Lodge Cast Iron / Klean Kanteen / Independent Stationers / Local Beekeepers Candles
crock-pot-7-quart-oval-manual-slow-cooker-stainless-steel,Crock-Pot 7-Quart Oval Manual Slow Cooker Stainless Steel,product,Home Appliances & Tools,Newell Brands,Newell Brands Inc.,Public Conglomerate,NASDAQ: NWL,True,"Manufactured by Crock-Pot, a division of Newell Brands. Newell Brands aggregates outdoor, kitchen, school supply, and home scent brands into one public Wall Street conglomerate.",90.0,Lodge Cast Iron / Klean Kanteen / Independent Stationers / Local Beekeepers Candles
crock-pot-express-6-quart-multi-cooker,Crock-Pot Express 6-Quart Multi-Cooker,product,Home Appliances & Tools,Newell Brands,Newell Brands Inc.,Public Conglomerate,NASDAQ: NWL,True,"Manufactured by Crock-Pot, a division of Newell Brands. Newell Brands aggregates outdoor, kitchen, school supply, and home scent brands into one public Wall Street conglomerate.",90.0,Lodge Cast Iron / Klean Kanteen / Independent Stationers / Local Beekeepers Candles
mr-coffee,Mr. Coffee,brand,Home Appliances & Tools,Newell Brands,Newell Brands Inc.,Public Conglomerate,NASDAQ: NWL,True,"Newell Brands aggregates outdoor, kitchen, school supply, and home scent brands into one public Wall Street conglomerate.",90.0,Lodge Cast Iron / Klean Kanteen / Independent Stationers / Local Beekeepers Candles
mr-coffee-12-cup-programmable-drip-coffee-maker,Mr. Coffee 12-Cup Programmable Drip Coffee Maker,product,Home Appliances & Tools,Newell Brands,Newell Brands Inc.,Public Conglomerate,NASDAQ: NWL,True,"Manufactured by Mr. Coffee, a division of Newell Brands. Newell Brands aggregates outdoor, kitchen, school supply, and home scent brands into one public Wall Street conglomerate.",90.0,Lodge Cast Iron / Klean Kanteen / Independent Stationers / Local Beekeepers Candles
mr-coffee-iced-and-hot-single-serve-coffee-machine,Mr. Coffee Iced and Hot Single-Serve Coffee Machine,product,Home Appliances & Tools,Newell Brands,Newell Brands Inc.,Public Conglomerate,NASDAQ: NWL,True,"Manufactured by Mr. Coffee, a division of Newell Brands. Newell Brands aggregates outdoor, kitchen, school supply, and home scent brands into one public Wall Street conglomerate.",90.0,Lodge Cast Iron / Klean Kanteen / Independent Stationers / Local Beekeepers Candles
sharpie,Sharpie,brand,Home Appliances & Tools,Newell Brands,Newell Brands Inc.,Public Conglomerate,NASDAQ: NWL,True,"Newell Brands aggregates outdoor, kitchen, school supply, and home scent brands into one public Wall Street conglomerate.",90.0,Lodge Cast Iron / Klean Kanteen / Independent Stationers / Local Beekeepers Candles
sharpie-fine-point-permanent-markers-black-12-pack,Sharpie Fine Point Permanent Markers Black 12-Pack,product,Home Appliances & Tools,Newell Brands,Newell Brands Inc.,Public Conglomerate,NASDAQ: NWL,True,"Manufactured by Sharpie, a division of Newell Brands. Newell Brands aggregates outdoor, kitchen, school supply, and home scent brands into one public Wall Street conglomerate.",90.0,Lodge Cast Iron / Klean Kanteen / Independent Stationers / Local Beekeepers Candles
sharpie-ultra-fine-point-colored-permanent-markers-24-count,Sharpie Ultra Fine Point Colored Permanent Markers 24-Count,product,Home Appliances & Tools,Newell Brands,Newell Brands Inc.,Public Conglomerate,NASDAQ: NWL,True,"Manufactured by Sharpie, a division of Newell Brands. Newell Brands aggregates outdoor, kitchen, school supply, and home scent brands into one public Wall Street conglomerate.",90.0,Lodge Cast Iron / Klean Kanteen / Independent Stationers / Local Beekeepers Candles
sharpie-s-gel-medium-point-no-smear-gel-pens-12-pack,Sharpie S-Gel Medium Point No Smear Gel Pens 12-Pack,product,Home Appliances & Tools,Newell Brands,Newell Brands Inc.,Public Conglomerate,NASDAQ: NWL,True,"Manufactured by Sharpie, a division of Newell Brands. Newell Brands aggregates outdoor, kitchen, school supply, and home scent brands into one public Wall Street conglomerate.",90.0,Lodge Cast Iron / Klean Kanteen / Independent Stationers / Local Beekeepers Candles
paper-mate,Paper Mate,brand,Home Appliances & Tools,Newell Brands,Newell Brands Inc.,Public Conglomerate,NASDAQ: NWL,True,"Newell Brands aggregates outdoor, kitchen, school supply, and home scent brands into one public Wall Street conglomerate.",90.0,Lodge Cast Iron / Klean Kanteen / Independent Stationers / Local Beekeepers Candles
paper-mate-flair-felt-tip-pens-medium-point-assorted-colors-16-pack,Paper Mate Flair Felt Tip Pens Medium Point Assorted Colors 16-Pack,product,Home Appliances & Tools,Newell Brands,Newell Brands Inc.,Public Conglomerate,NASDAQ: NWL,True,"Manufactured by Paper Mate, a division of Newell Brands. Newell Brands aggregates outdoor, kitchen, school supply, and home scent brands into one public Wall Street conglomerate.",90.0,Lodge Cast Iron / Klean Kanteen / Independent Stationers / Local Beekeepers Candles
paper-mate-inkjoy-100rt-retractable-ballpoint-pens,Paper Mate InkJoy 100RT Retractable Ballpoint Pens,product,Home Appliances & Tools,Newell Brands,Newell Brands Inc.,Public Conglomerate,NASDAQ: NWL,True,"Manufactured by Paper Mate, a division of Newell Brands. Newell Brands aggregates outdoor, kitchen, school supply, and home scent brands into one public Wall Street conglomerate.",90.0,Lodge Cast Iron / Klean Kanteen / Independent Stationers / Local Beekeepers Candles
expo,Expo,brand,Home Appliances & Tools,Newell Brands,Newell Brands Inc.,Public Conglomerate,NASDAQ: NWL,True,"Newell Brands aggregates outdoor, kitchen, school supply, and home scent brands into one public Wall Street conglomerate.",90.0,Lodge Cast Iron / Klean Kanteen / Independent Stationers / Local Beekeepers Candles
expo-low-odor-dry-erase-chisel-tip-whiteboard-markers-8-pack,Expo Low Odor Dry Erase Chisel Tip Whiteboard Markers 8-Pack,product,Home Appliances & Tools,Newell Brands,Newell Brands Inc.,Public Conglomerate,NASDAQ: NWL,True,"Manufactured by Expo, a division of Newell Brands. Newell Brands aggregates outdoor, kitchen, school supply, and home scent brands into one public Wall Street conglomerate.",90.0,Lodge Cast Iron / Klean Kanteen / Independent Stationers / Local Beekeepers Candles
expo-dry-erase-board-cleaner-spray-bottle,Expo Dry Erase Board Cleaner Spray Bottle,product,Home Appliances & Tools,Newell Brands,Newell Brands Inc.,Public Conglomerate,NASDAQ: NWL,True,"Manufactured by Expo, a division of Newell Brands. Newell Brands aggregates outdoor, kitchen, school supply, and home scent brands into one public Wall Street conglomerate.",90.0,Lodge Cast Iron / Klean Kanteen / Independent Stationers / Local Beekeepers Candles
elmers,Elmer's,brand,Home Appliances & Tools,Newell Brands,Newell Brands Inc.,Public Conglomerate,NASDAQ: NWL,True,"Newell Brands aggregates outdoor, kitchen, school supply, and home scent brands into one public Wall Street conglomerate.",90.0,Lodge Cast Iron / Klean Kanteen / Independent Stationers / Local Beekeepers Candles
elmers-disappearing-purple-school-glue-sticks-12-count-box,Elmer's Disappearing Purple School Glue Sticks 12-Count Box,product,Home Appliances & Tools,Newell Brands,Newell Brands Inc.,Public Conglomerate,NASDAQ: NWL,True,"Manufactured by Elmer's, a division of Newell Brands. Newell Brands aggregates outdoor, kitchen, school supply, and home scent brands into one public Wall Street conglomerate.",90.0,Lodge Cast Iron / Klean Kanteen / Independent Stationers / Local Beekeepers Candles
elmers-liquid-washable-white-school-glue-4oz,Elmer's Liquid Washable White School Glue 4oz,product,Home Appliances & Tools,Newell Brands,Newell Brands Inc.,Public Conglomerate,NASDAQ: NWL,True,"Manufactured by Elmer's, a division of Newell Brands. Newell Brands aggregates outdoor, kitchen, school supply, and home scent brands into one public Wall Street conglomerate.",90.0,Lodge Cast Iron / Klean Kanteen / Independent Stationers / Local Beekeepers Candles
yankee-candle,Yankee Candle,brand,Home Appliances & Tools,Newell Brands,Newell Brands Inc.,Public Conglomerate,NASDAQ: NWL,True,"Newell Brands aggregates outdoor, kitchen, school supply, and home scent brands into one public Wall Street conglomerate.",90.0,Lodge Cast Iron / Klean Kanteen / Independent Stationers / Local Beekeepers Candles
yankee-candle-large-jar-candle-balsam-cedar-scent,Yankee Candle Large Jar Candle Balsam & Cedar Scent,product,Home Appliances & Tools,Newell Brands,Newell Brands Inc.,Public Conglomerate,NASDAQ: NWL,True,"Manufactured by Yankee Candle, a division of Newell Brands. Newell Brands aggregates outdoor, kitchen, school supply, and home scent brands into one public Wall Street conglomerate.",90.0,Lodge Cast Iron / Klean Kanteen / Independent Stationers / Local Beekeepers Candles
yankee-candle-large-jar-midsummers-night-scent,Yankee Candle Large Jar Midsummer's Night Scent,product,Home Appliances & Tools,Newell Brands,Newell Brands Inc.,Public Conglomerate,NASDAQ: NWL,True,"Manufactured by Yankee Candle, a division of Newell Brands. Newell Brands aggregates outdoor, kitchen, school supply, and home scent brands into one public Wall Street conglomerate.",90.0,Lodge Cast Iron / Klean Kanteen / Independent Stationers / Local Beekeepers Candles
dewalt,DeWalt,brand,Home Appliances & Tools,Stanley Black & Decker,"Stanley Black & Decker, Inc.",Public Conglomerate,NYSE: SWK,True,Stanley Black & Decker bought iconic Craftsman from Sears and dominates retail hardware tool aisles.,90.0,Channellock (Independent Made in USA) / Klein Tools / Ace Hardware Local Cooperative
dewalt-20v-max-cordless-drill-and-impact-driver-combo-kit,DeWalt 20V MAX Cordless Drill and Impact Driver Combo Kit,product,Home Appliances & Tools,Stanley Black & Decker,"Stanley Black & Decker, Inc.",Public Conglomerate,NYSE: SWK,True,"Manufactured by DeWalt, a division of Stanley Black & Decker. Stanley Black & Decker bought iconic Craftsman from Sears and dominates retail hardware tool aisles.",90.0,Channellock (Independent Made in USA) / Klein Tools / Ace Hardware Local Cooperative
dewalt-20v-max-xr-brushless-cordless-circular-saw,DeWalt 20V MAX XR Brushless Cordless Circular Saw,product,Home Appliances & Tools,Stanley Black & Decker,"Stanley Black & Decker, Inc.",Public Conglomerate,NYSE: SWK,True,"Manufactured by DeWalt, a division of Stanley Black & Decker. Stanley Black & Decker bought iconic Craftsman from Sears and dominates retail hardware tool aisles.",90.0,Channellock (Independent Made in USA) / Klein Tools / Ace Hardware Local Cooperative
dewalt-heavy-duty-miter-saw-12-inch-double-bevel,DeWalt Heavy-Duty Miter Saw 12-Inch Double Bevel,product,Home Appliances & Tools,Stanley Black & Decker,"Stanley Black & Decker, Inc.",Public Conglomerate,NYSE: SWK,True,"Manufactured by DeWalt, a division of Stanley Black & Decker. Stanley Black & Decker bought iconic Craftsman from Sears and dominates retail hardware tool aisles.",90.0,Channellock (Independent Made in USA) / Klein Tools / Ace Hardware Local Cooperative
dewalt-20v-max-50ah-lithium-ion-battery-2-pack,DeWalt 20V MAX 5.0Ah Lithium Ion Battery 2-Pack,product,Home Appliances & Tools,Stanley Black & Decker,"Stanley Black & Decker, Inc.",Public Conglomerate,NYSE: SWK,True,"Manufactured by DeWalt, a division of Stanley Black & Decker. Stanley Black & Decker bought iconic Craftsman from Sears and dominates retail hardware tool aisles.",90.0,Channellock (Independent Made in USA) / Klein Tools / Ace Hardware Local Cooperative
craftsman,Craftsman,brand,Home Appliances & Tools,Stanley Black & Decker,"Stanley Black & Decker, Inc.",Public Conglomerate,NYSE: SWK,True,Stanley Black & Decker bought iconic Craftsman from Sears and dominates retail hardware tool aisles.,90.0,Channellock (Independent Made in USA) / Klein Tools / Ace Hardware Local Cooperative
craftsman-mechanics-tool-set-230-piece-ratchet-and-socket-kit,Craftsman Mechanics Tool Set 230-Piece Ratchet and Socket Kit,product,Home Appliances & Tools,Stanley Black & Decker,"Stanley Black & Decker, Inc.",Public Conglomerate,NYSE: SWK,True,"Manufactured by Craftsman, a division of Stanley Black & Decker. Stanley Black & Decker bought iconic Craftsman from Sears and dominates retail hardware tool aisles.",90.0,Channellock (Independent Made in USA) / Klein Tools / Ace Hardware Local Cooperative
craftsman-v20-cordless-weedwacker-string-trimmer,Craftsman V20 Cordless Weedwacker String Trimmer,product,Home Appliances & Tools,Stanley Black & Decker,"Stanley Black & Decker, Inc.",Public Conglomerate,NYSE: SWK,True,"Manufactured by Craftsman, a division of Stanley Black & Decker. Stanley Black & Decker bought iconic Craftsman from Sears and dominates retail hardware tool aisles.",90.0,Channellock (Independent Made in USA) / Klein Tools / Ace Hardware Local Cooperative
craftsman-6-gallon-portable-air-compressor,Craftsman 6-Gallon Portable Air Compressor,product,Home Appliances & Tools,Stanley Black & Decker,"Stanley Black & Decker, Inc.",Public Conglomerate,NYSE: SWK,True,"Manufactured by Craftsman, a division of Stanley Black & Decker. Stanley Black & Decker bought iconic Craftsman from Sears and dominates retail hardware tool aisles.",90.0,Channellock (Independent Made in USA) / Klein Tools / Ace Hardware Local Cooperative
stanley,Stanley,brand,Home Appliances & Tools,Stanley Black & Decker,"Stanley Black & Decker, Inc.",Public Conglomerate,NYSE: SWK,True,Stanley Black & Decker bought iconic Craftsman from Sears and dominates retail hardware tool aisles.,90.0,Channellock (Independent Made in USA) / Klein Tools / Ace Hardware Local Cooperative
stanley-fatmax-25-foot-tape-measure-classic,Stanley FatMax 25-Foot Tape Measure Classic,product,Home Appliances & Tools,Stanley Black & Decker,"Stanley Black & Decker, Inc.",Public Conglomerate,NYSE: SWK,True,"Manufactured by Stanley, a division of Stanley Black & Decker. Stanley Black & Decker bought iconic Craftsman from Sears and dominates retail hardware tool aisles.",90.0,Channellock (Independent Made in USA) / Klein Tools / Ace Hardware Local Cooperative
stanley-classic-99-retractable-utility-knife-with-extra-blades,Stanley Classic 99 Retractable Utility Knife with Extra Blades,product,Home Appliances & Tools,Stanley Black & Decker,"Stanley Black & Decker, Inc.",Public Conglomerate,NYSE: SWK,True,"Manufactured by Stanley, a division of Stanley Black & Decker. Stanley Black & Decker bought iconic Craftsman from Sears and dominates retail hardware tool aisles.",90.0,Channellock (Independent Made in USA) / Klein Tools / Ace Hardware Local Cooperative
stanley-16-ounce-fiberglass-hammer,Stanley 16-Ounce Fiberglass Hammer,product,Home Appliances & Tools,Stanley Black & Decker,"Stanley Black & Decker, Inc.",Public Conglomerate,NYSE: SWK,True,"Manufactured by Stanley, a division of Stanley Black & Decker. Stanley Black & Decker bought iconic Craftsman from Sears and dominates retail hardware tool aisles.",90.0,Channellock (Independent Made in USA) / Klein Tools / Ace Hardware Local Cooperative
blackdecker,Black+Decker,brand,Home Appliances & Tools,Stanley Black & Decker,"Stanley Black & Decker, Inc.",Public Conglomerate,NYSE: SWK,True,Stanley Black & Decker bought iconic Craftsman from Sears and dominates retail hardware tool aisles.,90.0,Channellock (Independent Made in USA) / Klein Tools / Ace Hardware Local Cooperative
blackdecker-20v-max-matrix-cordless-drill-attachment-system,Black+Decker 20V MAX Matrix Cordless Drill Attachment System,product,Home Appliances & Tools,Stanley Black & Decker,"Stanley Black & Decker, Inc.",Public Conglomerate,NYSE: SWK,True,"Manufactured by Black+Decker, a division of Stanley Black & Decker. Stanley Black & Decker bought iconic Craftsman from Sears and dominates retail hardware tool aisles.",90.0,Channellock (Independent Made in USA) / Klein Tools / Ace Hardware Local Cooperative
blackdecker-dustbuster-quickclean-cordless-handheld-vacuum,Black+Decker Dustbuster QuickClean Cordless Handheld Vacuum,product,Home Appliances & Tools,Stanley Black & Decker,"Stanley Black & Decker, Inc.",Public Conglomerate,NYSE: SWK,True,"Manufactured by Black+Decker, a division of Stanley Black & Decker. Stanley Black & Decker bought iconic Craftsman from Sears and dominates retail hardware tool aisles.",90.0,Channellock (Independent Made in USA) / Klein Tools / Ace Hardware Local Cooperative
blackdecker-4-slice-toaster-oven,Black+Decker 4-Slice Toaster Oven,product,Home Appliances & Tools,Stanley Black & Decker,"Stanley Black & Decker, Inc.",Public Conglomerate,NYSE: SWK,True,"Manufactured by Black+Decker, a division of Stanley Black & Decker. Stanley Black & Decker bought iconic Craftsman from Sears and dominates retail hardware tool aisles.",90.0,Channellock (Independent Made in USA) / Klein Tools / Ace Hardware Local Cooperative
irwin-tools,Irwin Tools,brand,Home Appliances & Tools,Stanley Black & Decker,"Stanley Black & Decker, Inc.",Public Conglomerate,NYSE: SWK,True,Stanley Black & Decker bought iconic Craftsman from Sears and dominates retail hardware tool aisles.,90.0,Channellock (Independent Made in USA) / Klein Tools / Ace Hardware Local Cooperative
irwin-vise-grip-original-curved-jaw-locking-pliers-10-inch,Irwin Vise-Grip Original Curved Jaw Locking Pliers 10-Inch,product,Home Appliances & Tools,Stanley Black & Decker,"Stanley Black & Decker, Inc.",Public Conglomerate,NYSE: SWK,True,"Manufactured by Irwin Tools, a division of Stanley Black & Decker. Stanley Black & Decker bought iconic Craftsman from Sears and dominates retail hardware tool aisles.",90.0,Channellock (Independent Made in USA) / Klein Tools / Ace Hardware Local Cooperative
irwin-quick-grip-one-handed-bar-clamps-4-pack,Irwin Quick-Grip One-Handed Bar Clamps 4-Pack,product,Home Appliances & Tools,Stanley Black & Decker,"Stanley Black & Decker, Inc.",Public Conglomerate,NYSE: SWK,True,"Manufactured by Irwin Tools, a division of Stanley Black & Decker. Stanley Black & Decker bought iconic Craftsman from Sears and dominates retail hardware tool aisles.",90.0,Channellock (Independent Made in USA) / Klein Tools / Ace Hardware Local Cooperative
lenox,Lenox,brand,Home Appliances & Tools,Stanley Black & Decker,"Stanley Black & Decker, Inc.",Public Conglomerate,NYSE: SWK,True,Stanley Black & Decker bought iconic Craftsman from Sears and dominates retail hardware tool aisles.,90.0,Channellock (Independent Made in USA) / Klein Tools / Ace Hardware Local Cooperative
lenox-demolition-reciprocating-saw-blades-5-pack,Lenox Demolition Reciprocating Saw Blades 5-Pack,product,Home Appliances & Tools,Stanley Black & Decker,"Stanley Black & Decker, Inc.",Public Conglomerate,NYSE: SWK,True,"Manufactured by Lenox, a division of Stanley Black & Decker. Stanley Black & Decker bought iconic Craftsman from Sears and dominates retail hardware tool aisles.",90.0,Channellock (Independent Made in USA) / Klein Tools / Ace Hardware Local Cooperative
lenox-bi-metal-speed-slot-hole-saw,Lenox Bi-Metal Speed Slot Hole Saw,product,Home Appliances & Tools,Stanley Black & Decker,"Stanley Black & Decker, Inc.",Public Conglomerate,NYSE: SWK,True,"Manufactured by Lenox, a division of Stanley Black & Decker. Stanley Black & Decker bought iconic Craftsman from Sears and dominates retail hardware tool aisles.",90.0,Channellock (Independent Made in USA) / Klein Tools / Ace Hardware Local Cooperative
bostitch,Bostitch,brand,Home Appliances & Tools,Stanley Black & Decker,"Stanley Black & Decker, Inc.",Public Conglomerate,NYSE: SWK,True,Stanley Black & Decker bought iconic Craftsman from Sears and dominates retail hardware tool aisles.,90.0,Channellock (Independent Made in USA) / Klein Tools / Ace Hardware Local Cooperative
bostitch-18-gauge-brad-nailer-kit-air-powered,Bostitch 18-Gauge Brad Nailer Kit Air Powered,product,Home Appliances & Tools,Stanley Black & Decker,"Stanley Black & Decker, Inc.",Public Conglomerate,NYSE: SWK,True,"Manufactured by Bostitch, a division of Stanley Black & Decker. Stanley Black & Decker bought iconic Craftsman from Sears and dominates retail hardware tool aisles.",90.0,Channellock (Independent Made in USA) / Klein Tools / Ace Hardware Local Cooperative
bostitch-heavy-duty-3-in-1-metal-staple-gun,Bostitch Heavy-Duty 3-in-1 Metal Staple Gun,product,Home Appliances & Tools,Stanley Black & Decker,"Stanley Black & Decker, Inc.",Public Conglomerate,NYSE: SWK,True,"Manufactured by Bostitch, a division of Stanley Black & Decker. Stanley Black & Decker bought iconic Craftsman from Sears and dominates retail hardware tool aisles.",90.0,Channellock (Independent Made in USA) / Klein Tools / Ace Hardware Local Cooperative
the-north-face,The North Face,brand,"Apparel, Footwear & Accessories",VF Corporation,VF Corporation,Public Conglomerate,NYSE: VFC,True,"VF Corp acquired beloved outdoor, workwear, and streetwear counter-culture brands under one corporate holding.",89.0,Patagonia (Purpose Trust) / Danner Boots / Thrift / Ace Hardware Local Workwear
the-north-face-mens-mcmurdo-down-parka-600-fill,The North Face Men's McMurdo Down Parka 600-Fill,product,"Apparel, Footwear & Accessories",VF Corporation,VF Corporation,Public Conglomerate,NYSE: VFC,True,"Manufactured by The North Face, a division of VF Corporation. VF Corp acquired beloved outdoor, workwear, and streetwear counter-culture brands under one corporate holding.",89.0,Patagonia (Purpose Trust) / Danner Boots / Thrift / Ace Hardware Local Workwear
the-north-face-borealis-everyday-laptop-backpack,The North Face Borealis Everyday Laptop Backpack,product,"Apparel, Footwear & Accessories",VF Corporation,VF Corporation,Public Conglomerate,NYSE: VFC,True,"Manufactured by The North Face, a division of VF Corporation. VF Corp acquired beloved outdoor, workwear, and streetwear counter-culture brands under one corporate holding.",89.0,Patagonia (Purpose Trust) / Danner Boots / Thrift / Ace Hardware Local Workwear
the-north-face-womens-osito-full-zip-fleece-jacket,The North Face Women's Osito Full-Zip Fleece Jacket,product,"Apparel, Footwear & Accessories",VF Corporation,VF Corporation,Public Conglomerate,NYSE: VFC,True,"Manufactured by The North Face, a division of VF Corporation. VF Corp acquired beloved outdoor, workwear, and streetwear counter-culture brands under one corporate holding.",89.0,Patagonia (Purpose Trust) / Danner Boots / Thrift / Ace Hardware Local Workwear
the-north-face-half-dome-graphic-t-shirt,The North Face Half Dome Graphic T-Shirt,product,"Apparel, Footwear & Accessories",VF Corporation,VF Corporation,Public Conglomerate,NYSE: VFC,True,"Manufactured by The North Face, a division of VF Corporation. VF Corp acquired beloved outdoor, workwear, and streetwear counter-culture brands under one corporate holding.",89.0,Patagonia (Purpose Trust) / Danner Boots / Thrift / Ace Hardware Local Workwear
vans,Vans,brand,"Apparel, Footwear & Accessories",VF Corporation,VF Corporation,Public Conglomerate,NYSE: VFC,True,"VF Corp acquired beloved outdoor, workwear, and streetwear counter-culture brands under one corporate holding.",89.0,Patagonia (Purpose Trust) / Danner Boots / Thrift / Ace Hardware Local Workwear
vans-old-skool-classic-suede-skate-shoes-blackwhite,Vans Old Skool Classic Suede Skate Shoes Black/White,product,"Apparel, Footwear & Accessories",VF Corporation,VF Corporation,Public Conglomerate,NYSE: VFC,True,"Manufactured by Vans, a division of VF Corporation. VF Corp acquired beloved outdoor, workwear, and streetwear counter-culture brands under one corporate holding.",89.0,Patagonia (Purpose Trust) / Danner Boots / Thrift / Ace Hardware Local Workwear
vans-classic-slip-on-checkerboard-skate-shoes,Vans Classic Slip-On Checkerboard Skate Shoes,product,"Apparel, Footwear & Accessories",VF Corporation,VF Corporation,Public Conglomerate,NYSE: VFC,True,"Manufactured by Vans, a division of VF Corporation. VF Corp acquired beloved outdoor, workwear, and streetwear counter-culture brands under one corporate holding.",89.0,Patagonia (Purpose Trust) / Danner Boots / Thrift / Ace Hardware Local Workwear
vans-sk8-hi-high-top-lace-up-skate-shoes,Vans Sk8-Hi High Top Lace-Up Skate Shoes,product,"Apparel, Footwear & Accessories",VF Corporation,VF Corporation,Public Conglomerate,NYSE: VFC,True,"Manufactured by Vans, a division of VF Corporation. VF Corp acquired beloved outdoor, workwear, and streetwear counter-culture brands under one corporate holding.",89.0,Patagonia (Purpose Trust) / Danner Boots / Thrift / Ace Hardware Local Workwear
timberland,Timberland,brand,"Apparel, Footwear & Accessories",VF Corporation,VF Corporation,Public Conglomerate,NYSE: VFC,True,"VF Corp acquired beloved outdoor, workwear, and streetwear counter-culture brands under one corporate holding.",89.0,Patagonia (Purpose Trust) / Danner Boots / Thrift / Ace Hardware Local Workwear
timberland-6-inch-premium-waterproof-leather-boot-wheat-nubuck,Timberland 6-Inch Premium Waterproof Leather Boot Wheat Nubuck,product,"Apparel, Footwear & Accessories",VF Corporation,VF Corporation,Public Conglomerate,NYSE: VFC,True,"Manufactured by Timberland, a division of VF Corporation. VF Corp acquired beloved outdoor, workwear, and streetwear counter-culture brands under one corporate holding.",89.0,Patagonia (Purpose Trust) / Danner Boots / Thrift / Ace Hardware Local Workwear
timberland-pro-direct-attach-steel-toe-work-boots,Timberland PRO Direct Attach Steel Toe Work Boots,product,"Apparel, Footwear & Accessories",VF Corporation,VF Corporation,Public Conglomerate,NYSE: VFC,True,"Manufactured by Timberland, a division of VF Corporation. VF Corp acquired beloved outdoor, workwear, and streetwear counter-culture brands under one corporate holding.",89.0,Patagonia (Purpose Trust) / Danner Boots / Thrift / Ace Hardware Local Workwear
timberland-mens-white-ledge-mid-waterproof-hiking-boots,Timberland Men's White Ledge Mid Waterproof Hiking Boots,product,"Apparel, Footwear & Accessories",VF Corporation,VF Corporation,Public Conglomerate,NYSE: VFC,True,"Manufactured by Timberland, a division of VF Corporation. VF Corp acquired beloved outdoor, workwear, and streetwear counter-culture brands under one corporate holding.",89.0,Patagonia (Purpose Trust) / Danner Boots / Thrift / Ace Hardware Local Workwear
supreme,Supreme,brand,"Apparel, Footwear & Accessories",VF Corporation,VF Corporation,Public Conglomerate,NYSE: VFC,True,"VF Corp acquired beloved outdoor, workwear, and streetwear counter-culture brands under one corporate holding.",89.0,Patagonia (Purpose Trust) / Danner Boots / Thrift / Ace Hardware Local Workwear
supreme-box-logo-heavyweight-cotton-hoodie,Supreme Box Logo Heavyweight Cotton Hoodie,product,"Apparel, Footwear & Accessories",VF Corporation,VF Corporation,Public Conglomerate,NYSE: VFC,True,"Manufactured by Supreme, a division of VF Corporation. VF Corp acquired beloved outdoor, workwear, and streetwear counter-culture brands under one corporate holding.",89.0,Patagonia (Purpose Trust) / Danner Boots / Thrift / Ace Hardware Local Workwear
supreme-shoulder-bag-cordura-nylon,Supreme Shoulder Bag Cordura Nylon,product,"Apparel, Footwear & Accessories",VF Corporation,VF Corporation,Public Conglomerate,NYSE: VFC,True,"Manufactured by Supreme, a division of VF Corporation. VF Corp acquired beloved outdoor, workwear, and streetwear counter-culture brands under one corporate holding.",89.0,Patagonia (Purpose Trust) / Danner Boots / Thrift / Ace Hardware Local Workwear
supreme-camp-cap-twill,Supreme Camp Cap Twill,product,"Apparel, Footwear & Accessories",VF Corporation,VF Corporation,Public Conglomerate,NYSE: VFC,True,"Manufactured by Supreme, a division of VF Corporation. VF Corp acquired beloved outdoor, workwear, and streetwear counter-culture brands under one corporate holding.",89.0,Patagonia (Purpose Trust) / Danner Boots / Thrift / Ace Hardware Local Workwear
dickies,Dickies,brand,"Apparel, Footwear & Accessories",VF Corporation,VF Corporation,Public Conglomerate,NYSE: VFC,True,"VF Corp acquired beloved outdoor, workwear, and streetwear counter-culture brands under one corporate holding.",89.0,Patagonia (Purpose Trust) / Danner Boots / Thrift / Ace Hardware Local Workwear
dickies-original-874-work-pants-classic-fit,Dickies Original 874 Work Pants Classic Fit,product,"Apparel, Footwear & Accessories",VF Corporation,VF Corporation,Public Conglomerate,NYSE: VFC,True,"Manufactured by Dickies, a division of VF Corporation. VF Corp acquired beloved outdoor, workwear, and streetwear counter-culture brands under one corporate holding.",89.0,Patagonia (Purpose Trust) / Danner Boots / Thrift / Ace Hardware Local Workwear
dickies-short-sleeve-work-shirt-classic-twill,Dickies Short Sleeve Work Shirt Classic Twill,product,"Apparel, Footwear & Accessories",VF Corporation,VF Corporation,Public Conglomerate,NYSE: VFC,True,"Manufactured by Dickies, a division of VF Corporation. VF Corp acquired beloved outdoor, workwear, and streetwear counter-culture brands under one corporate holding.",89.0,Patagonia (Purpose Trust) / Danner Boots / Thrift / Ace Hardware Local Workwear
dickies-duck-canvas-bib-overalls,Dickies Duck Canvas Bib Overalls,product,"Apparel, Footwear & Accessories",VF Corporation,VF Corporation,Public Conglomerate,NYSE: VFC,True,"Manufactured by Dickies, a division of VF Corporation. VF Corp acquired beloved outdoor, workwear, and streetwear counter-culture brands under one corporate holding.",89.0,Patagonia (Purpose Trust) / Danner Boots / Thrift / Ace Hardware Local Workwear
smartwool,Smartwool,brand,"Apparel, Footwear & Accessories",VF Corporation,VF Corporation,Public Conglomerate,NYSE: VFC,True,"VF Corp acquired beloved outdoor, workwear, and streetwear counter-culture brands under one corporate holding.",89.0,Patagonia (Purpose Trust) / Danner Boots / Thrift / Ace Hardware Local Workwear
smartwool-classic-thermal-merino-wool-base-layer-crew,Smartwool Classic Thermal Merino Wool Base Layer Crew,product,"Apparel, Footwear & Accessories",VF Corporation,VF Corporation,Public Conglomerate,NYSE: VFC,True,"Manufactured by Smartwool, a division of VF Corporation. VF Corp acquired beloved outdoor, workwear, and streetwear counter-culture brands under one corporate holding.",89.0,Patagonia (Purpose Trust) / Danner Boots / Thrift / Ace Hardware Local Workwear
smartwool-hike-full-cushion-crew-socks,Smartwool Hike Full Cushion Crew Socks,product,"Apparel, Footwear & Accessories",VF Corporation,VF Corporation,Public Conglomerate,NYSE: VFC,True,"Manufactured by Smartwool, a division of VF Corporation. VF Corp acquired beloved outdoor, workwear, and streetwear counter-culture brands under one corporate holding.",89.0,Patagonia (Purpose Trust) / Danner Boots / Thrift / Ace Hardware Local Workwear
altra-footwear,Altra Footwear,brand,"Apparel, Footwear & Accessories",VF Corporation,VF Corporation,Public Conglomerate,NYSE: VFC,True,"VF Corp acquired beloved outdoor, workwear, and streetwear counter-culture brands under one corporate holding.",89.0,Patagonia (Purpose Trust) / Danner Boots / Thrift / Ace Hardware Local Workwear
altra-lone-peak-8-zero-drop-trail-running-shoes,Altra Lone Peak 8 Zero Drop Trail Running Shoes,product,"Apparel, Footwear & Accessories",VF Corporation,VF Corporation,Public Conglomerate,NYSE: VFC,True,"Manufactured by Altra Footwear, a division of VF Corporation. VF Corp acquired beloved outdoor, workwear, and streetwear counter-culture brands under one corporate holding.",89.0,Patagonia (Purpose Trust) / Danner Boots / Thrift / Ace Hardware Local Workwear
altra-paradigm-road-running-shoes,Altra Paradigm Road Running Shoes,product,"Apparel, Footwear & Accessories",VF Corporation,VF Corporation,Public Conglomerate,NYSE: VFC,True,"Manufactured by Altra Footwear, a division of VF Corporation. VF Corp acquired beloved outdoor, workwear, and streetwear counter-culture brands under one corporate holding.",89.0,Patagonia (Purpose Trust) / Danner Boots / Thrift / Ace Hardware Local Workwear
jansport,JanSport,brand,"Apparel, Footwear & Accessories",VF Corporation,VF Corporation,Public Conglomerate,NYSE: VFC,True,"VF Corp acquired beloved outdoor, workwear, and streetwear counter-culture brands under one corporate holding.",89.0,Patagonia (Purpose Trust) / Danner Boots / Thrift / Ace Hardware Local Workwear
jansport-superbreak-one-classic-school-backpack-26l,JanSport SuperBreak One Classic School Backpack 26L,product,"Apparel, Footwear & Accessories",VF Corporation,VF Corporation,Public Conglomerate,NYSE: VFC,True,"Manufactured by JanSport, a division of VF Corporation. VF Corp acquired beloved outdoor, workwear, and streetwear counter-culture brands under one corporate holding.",89.0,Patagonia (Purpose Trust) / Danner Boots / Thrift / Ace Hardware Local Workwear
jansport-right-pack-suede-leather-bottom-daypack,JanSport Right Pack Suede Leather Bottom Daypack,product,"Apparel, Footwear & Accessories",VF Corporation,VF Corporation,Public Conglomerate,NYSE: VFC,True,"Manufactured by JanSport, a division of VF Corporation. VF Corp acquired beloved outdoor, workwear, and streetwear counter-culture brands under one corporate holding.",89.0,Patagonia (Purpose Trust) / Danner Boots / Thrift / Ace Hardware Local Workwear
geico,Geico,brand,"Finance, Retail & Staples",Berkshire Hathaway,Berkshire Hathaway Inc.,Public Mega-Holding Conglomerate,NYSE: BRK.A / BRK.B,True,"Warren Buffett's conglomerate Berkshire Hathaway owns retail favorites Geico, Duracell, Dairy Queen, and Fruit of the Loom.",95.0,Local Mutual Insurance / Amica Mutual / Local Creameries / Local Paint Retailers
geico-auto-insurance-standard-passenger-policy,Geico Auto Insurance Standard Passenger Policy,product,"Finance, Retail & Staples",Berkshire Hathaway,Berkshire Hathaway Inc.,Public Mega-Holding Conglomerate,NYSE: BRK.A / BRK.B,True,"Manufactured by Geico, a division of Berkshire Hathaway. Warren Buffett's conglomerate Berkshire Hathaway owns retail favorites Geico, Duracell, Dairy Queen, and Fruit of the Loom.",95.0,Local Mutual Insurance / Amica Mutual / Local Creameries / Local Paint Retailers
geico-homeowners-insurance-policy,Geico Homeowners Insurance Policy,product,"Finance, Retail & Staples",Berkshire Hathaway,Berkshire Hathaway Inc.,Public Mega-Holding Conglomerate,NYSE: BRK.A / BRK.B,True,"Manufactured by Geico, a division of Berkshire Hathaway. Warren Buffett's conglomerate Berkshire Hathaway owns retail favorites Geico, Duracell, Dairy Queen, and Fruit of the Loom.",95.0,Local Mutual Insurance / Amica Mutual / Local Creameries / Local Paint Retailers
duracell,Duracell,brand,"Finance, Retail & Staples",Berkshire Hathaway,Berkshire Hathaway Inc.,Public Mega-Holding Conglomerate,NYSE: BRK.A / BRK.B,True,"Warren Buffett's conglomerate Berkshire Hathaway owns retail favorites Geico, Duracell, Dairy Queen, and Fruit of the Loom.",95.0,Local Mutual Insurance / Amica Mutual / Local Creameries / Local Paint Retailers
duracell-coppertop-aa-alkaline-batteries-24-pack,Duracell Coppertop AA Alkaline Batteries 24-Pack,product,"Finance, Retail & Staples",Berkshire Hathaway,Berkshire Hathaway Inc.,Public Mega-Holding Conglomerate,NYSE: BRK.A / BRK.B,True,"Manufactured by Duracell, a division of Berkshire Hathaway. Warren Buffett's conglomerate Berkshire Hathaway owns retail favorites Geico, Duracell, Dairy Queen, and Fruit of the Loom.",95.0,Local Mutual Insurance / Amica Mutual / Local Creameries / Local Paint Retailers
duracell-optimum-aaa-long-lasting-batteries-18-pack,Duracell Optimum AAA Long-Lasting Batteries 18-Pack,product,"Finance, Retail & Staples",Berkshire Hathaway,Berkshire Hathaway Inc.,Public Mega-Holding Conglomerate,NYSE: BRK.A / BRK.B,True,"Manufactured by Duracell, a division of Berkshire Hathaway. Warren Buffett's conglomerate Berkshire Hathaway owns retail favorites Geico, Duracell, Dairy Queen, and Fruit of the Loom.",95.0,Local Mutual Insurance / Amica Mutual / Local Creameries / Local Paint Retailers
dairy-queen,Dairy Queen,brand,"Finance, Retail & Staples",Berkshire Hathaway,Berkshire Hathaway Inc.,Public Mega-Holding Conglomerate,NYSE: BRK.A / BRK.B,True,"Warren Buffett's conglomerate Berkshire Hathaway owns retail favorites Geico, Duracell, Dairy Queen, and Fruit of the Loom.",95.0,Local Mutual Insurance / Amica Mutual / Local Creameries / Local Paint Retailers
dairy-queen-oreo-blizzard-treat-large,Dairy Queen Oreo Blizzard Treat Large,product,"Finance, Retail & Staples",Berkshire Hathaway,Berkshire Hathaway Inc.,Public Mega-Holding Conglomerate,NYSE: BRK.A / BRK.B,True,"Manufactured by Dairy Queen, a division of Berkshire Hathaway. Warren Buffett's conglomerate Berkshire Hathaway owns retail favorites Geico, Duracell, Dairy Queen, and Fruit of the Loom.",95.0,Local Mutual Insurance / Amica Mutual / Local Creameries / Local Paint Retailers
dairy-queen-chicken-strip-basket-with-country-gravy,Dairy Queen Chicken Strip Basket with Country Gravy,product,"Finance, Retail & Staples",Berkshire Hathaway,Berkshire Hathaway Inc.,Public Mega-Holding Conglomerate,NYSE: BRK.A / BRK.B,True,"Manufactured by Dairy Queen, a division of Berkshire Hathaway. Warren Buffett's conglomerate Berkshire Hathaway owns retail favorites Geico, Duracell, Dairy Queen, and Fruit of the Loom.",95.0,Local Mutual Insurance / Amica Mutual / Local Creameries / Local Paint Retailers
fruit-of-the-loom,Fruit of the Loom,brand,"Finance, Retail & Staples",Berkshire Hathaway,Berkshire Hathaway Inc.,Public Mega-Holding Conglomerate,NYSE: BRK.A / BRK.B,True,"Warren Buffett's conglomerate Berkshire Hathaway owns retail favorites Geico, Duracell, Dairy Queen, and Fruit of the Loom.",95.0,Local Mutual Insurance / Amica Mutual / Local Creameries / Local Paint Retailers
fruit-of-the-loom-mens-stay-tucked-crew-t-shirt-6-pack,Fruit of the Loom Men's Stay-Tucked Crew T-Shirt 6-Pack,product,"Finance, Retail & Staples",Berkshire Hathaway,Berkshire Hathaway Inc.,Public Mega-Holding Conglomerate,NYSE: BRK.A / BRK.B,True,"Manufactured by Fruit of the Loom, a division of Berkshire Hathaway. Warren Buffett's conglomerate Berkshire Hathaway owns retail favorites Geico, Duracell, Dairy Queen, and Fruit of the Loom.",95.0,Local Mutual Insurance / Amica Mutual / Local Creameries / Local Paint Retailers
fruit-of-the-loom-mens-breathable-boxer-briefs-5-pack,Fruit of the Loom Men's Breathable Boxer Briefs 5-Pack,product,"Finance, Retail & Staples",Berkshire Hathaway,Berkshire Hathaway Inc.,Public Mega-Holding Conglomerate,NYSE: BRK.A / BRK.B,True,"Manufactured by Fruit of the Loom, a division of Berkshire Hathaway. Warren Buffett's conglomerate Berkshire Hathaway owns retail favorites Geico, Duracell, Dairy Queen, and Fruit of the Loom.",95.0,Local Mutual Insurance / Amica Mutual / Local Creameries / Local Paint Retailers
benjamin-moore,Benjamin Moore,brand,"Finance, Retail & Staples",Berkshire Hathaway,Berkshire Hathaway Inc.,Public Mega-Holding Conglomerate,NYSE: BRK.A / BRK.B,True,"Warren Buffett's conglomerate Berkshire Hathaway owns retail favorites Geico, Duracell, Dairy Queen, and Fruit of the Loom.",95.0,Local Mutual Insurance / Amica Mutual / Local Creameries / Local Paint Retailers
benjamin-moore-regal-select-interior-paint-primer-eggshell,Benjamin Moore Regal Select Interior Paint & Primer Eggshell,product,"Finance, Retail & Staples",Berkshire Hathaway,Berkshire Hathaway Inc.,Public Mega-Holding Conglomerate,NYSE: BRK.A / BRK.B,True,"Manufactured by Benjamin Moore, a division of Berkshire Hathaway. Warren Buffett's conglomerate Berkshire Hathaway owns retail favorites Geico, Duracell, Dairy Queen, and Fruit of the Loom.",95.0,Local Mutual Insurance / Amica Mutual / Local Creameries / Local Paint Retailers
benjamin-moore-aura-waterborne-interior-paint,Benjamin Moore Aura Waterborne Interior Paint,product,"Finance, Retail & Staples",Berkshire Hathaway,Berkshire Hathaway Inc.,Public Mega-Holding Conglomerate,NYSE: BRK.A / BRK.B,True,"Manufactured by Benjamin Moore, a division of Berkshire Hathaway. Warren Buffett's conglomerate Berkshire Hathaway owns retail favorites Geico, Duracell, Dairy Queen, and Fruit of the Loom.",95.0,Local Mutual Insurance / Amica Mutual / Local Creameries / Local Paint Retailers
pampered-chef,Pampered Chef,brand,"Finance, Retail & Staples",Berkshire Hathaway,Berkshire Hathaway Inc.,Public Mega-Holding Conglomerate,NYSE: BRK.A / BRK.B,True,"Warren Buffett's conglomerate Berkshire Hathaway owns retail favorites Geico, Duracell, Dairy Queen, and Fruit of the Loom.",95.0,Local Mutual Insurance / Amica Mutual / Local Creameries / Local Paint Retailers
pampered-chef-classic-stoneware-round-pizza-stone,Pampered Chef Classic Stoneware Round Pizza Stone,product,"Finance, Retail & Staples",Berkshire Hathaway,Berkshire Hathaway Inc.,Public Mega-Holding Conglomerate,NYSE: BRK.A / BRK.B,True,"Manufactured by Pampered Chef, a division of Berkshire Hathaway. Warren Buffett's conglomerate Berkshire Hathaway owns retail favorites Geico, Duracell, Dairy Queen, and Fruit of the Loom.",95.0,Local Mutual Insurance / Amica Mutual / Local Creameries / Local Paint Retailers
pampered-chef-manual-food-processor-chopper,Pampered Chef Manual Food Processor Chopper,product,"Finance, Retail & Staples",Berkshire Hathaway,Berkshire Hathaway Inc.,Public Mega-Holding Conglomerate,NYSE: BRK.A / BRK.B,True,"Manufactured by Pampered Chef, a division of Berkshire Hathaway. Warren Buffett's conglomerate Berkshire Hathaway owns retail favorites Geico, Duracell, Dairy Queen, and Fruit of the Loom.",95.0,Local Mutual Insurance / Amica Mutual / Local Creameries / Local Paint Retailers
brooks-running,Brooks Running,brand,"Finance, Retail & Staples",Berkshire Hathaway,Berkshire Hathaway Inc.,Public Mega-Holding Conglomerate,NYSE: BRK.A / BRK.B,True,"Warren Buffett's conglomerate Berkshire Hathaway owns retail favorites Geico, Duracell, Dairy Queen, and Fruit of the Loom.",95.0,Local Mutual Insurance / Amica Mutual / Local Creameries / Local Paint Retailers
brooks-ghost-15-neutral-road-running-shoes,Brooks Ghost 15 Neutral Road Running Shoes,product,"Finance, Retail & Staples",Berkshire Hathaway,Berkshire Hathaway Inc.,Public Mega-Holding Conglomerate,NYSE: BRK.A / BRK.B,True,"Manufactured by Brooks Running, a division of Berkshire Hathaway. Warren Buffett's conglomerate Berkshire Hathaway owns retail favorites Geico, Duracell, Dairy Queen, and Fruit of the Loom.",95.0,Local Mutual Insurance / Amica Mutual / Local Creameries / Local Paint Retailers
brooks-adrenaline-gts-23-support-running-shoes,Brooks Adrenaline GTS 23 Support Running Shoes,product,"Finance, Retail & Staples",Berkshire Hathaway,Berkshire Hathaway Inc.,Public Mega-Holding Conglomerate,NYSE: BRK.A / BRK.B,True,"Manufactured by Brooks Running, a division of Berkshire Hathaway. Warren Buffett's conglomerate Berkshire Hathaway owns retail favorites Geico, Duracell, Dairy Queen, and Fruit of the Loom.",95.0,Local Mutual Insurance / Amica Mutual / Local Creameries / Local Paint Retailers
